event_id,stratum_id,date,case,latitude,longitude,tmax_c,dewpoint_c,precipitation_mm,wind_speed_ms,tmax_lag1_c,tmax_lag2_c,tmax_lag3_c,tmax_p85_c,tmax_p90_c,tmax_p95_c,tmax_anomaly_c,heatwave_indicator,hw_p85_3d,hw_p90_2d,hw_p90_3d,hw_p90_4d,hw_p95_3d,hw_p90_3d_no_floor,weather_status,weather_source,power_api_version,power_time_standard,power_provisional
HRF-0001,HRF-0001,2000-08-02,1,22.27832,114.17469,27.99,25.54,24.97,6.02,28.15,29.28,30.12,31.44,31.832,32.431,-3.8420000000000023,0.0,0.0,0.0,0.0,0.0,0.0,0.0,completed,NASA_POWER_MERRA2_GEOS_IT,v2.9.7,LST,False
HRF-0001,HRF-0001,2000-08-09,0,22.27832,114.17469,29.63,24.87,0.19,2.67,29.54,29.4,29.05,31.44,31.832,32.431,-2.2020000000000017,0.0,0.0,0.0,0.0,0.0,0.0,0.0,completed,NASA_POWER_MERRA2_GEOS_IT,v2.9.7,LST,False
HRF-0001,HRF-0001,2000-08-16,0,22.27832,114.17469,28.56,25.94,8.37,3.76,29.33,29.03,28.99,31.44,31.832,32.431,-3.272000000000002,0.0,0.0,0.0,0.0,0.0,0.0,0.0,completed,NASA_POWER_MERRA2_GEOS_IT,v2.9.7,LST,False
HRF-0001,HRF-0001,2000-08-23,0,22.27832,114.17469,30.7,26.69,39.94,6.61,31.23,30.12,30.38,31.44,31.832,32.431,-1.1320000000000014,0.0,0.0,0.0,0.0,0.0,0.0,0.0,completed,NASA_POWER_MERRA2_GEOS_IT,v2.9.7,LST,False
HRF-0001,HRF-0001,2000-08-30,0,22.27832,114.17469,30.68,25.63,4.57,3.47,30.39,29.39,28.81,31.44,31.832,32.431,-1.152000000000001,0.0,0.0,0.0,0.0,0.0,0.0,0.0,completed,NASA_POWER_MERRA2_GEOS_IT,v2.9.7,LST,False
HRF-0130,HRF-0130,2021-12-15,1,22.27832,114.17469,23.66,18.02,0.74,4.86,23.08,22.04,24.92,24.025499999999997,24.672,25.4,-1.0120000000000005,0.0,0.0,0.0,0.0,0.0,0.0,0.0,completed,NASA_POWER_MERRA2_GEOS_IT,v2.9.7,LST,False
HRF-0130,HRF-0130,2021-12-01,0,22.27832,114.17469,21.12,5.4,0.0,7.29,23.72,26.51,25.03,24.025499999999997,24.672,25.4,-3.5519999999999996,0.0,0.0,0.0,0.0,0.0,0.0,0.0,completed,NASA_POWER_MERRA2_GEOS_IT,v2.9.7,LST,False
HRF-0130,HRF-0130,2021-12-08,0,22.27832,114.17469,23.33,13.7,0.0,5.57,23.33,23.15,22.34,24.025499999999997,24.672,25.4,-1.3420000000000023,0.0,0.0,0.0,0.0,0.0,0.0,0.0,completed,NASA_POWER_MERRA2_GEOS_IT,v2.9.7,LST,False
HRF-0130,HRF-0130,2021-12-22,0,22.27832,114.17469,22.26,14.49,0.08,3.65,19.89,17.47,20.28,24.025499999999997,24.672,25.4,-2.411999999999999,0.0,0.0,0.0,0.0,0.0,0.0,0.0,completed,NASA_POWER_MERRA2_GEOS_IT,v2.9.7,LST,False
HRF-0130,HRF-0130,2021-12-29,0,22.27832,114.17469,21.8,12.62,0.19,4.14,18.21,15.18,18.86,24.025499999999997,24.672,25.4,-2.872,0.0,0.0,0.0,0.0,0.0,0.0,0.0,completed,NASA_POWER_MERRA2_GEOS_IT,v2.9.7,LST,False
HRF-0133,HRF-0133,2022-09-21,1,22.27832,114.17469,29.6,22.6,0.12,5.25,30.61,32.51,32.7,31.173000000000002,31.541999999999998,32.06,-1.9419999999999966,0.0,0.0,0.0,0.0,0.0,0.0,0.0,completed,NASA_POWER_MERRA2_GEOS_IT,v2.9.7,LST,False
HRF-0133,HRF-0133,2022-09-07,0,22.27832,114.17469,28.72,25.33,4.1,3.88,31.37,31.64,31.12,31.173000000000002,31.541999999999998,32.06,-2.821999999999999,0.0,0.0,0.0,0.0,0.0,0.0,0.0,completed,NASA_POWER_MERRA2_GEOS_IT,v2.9.7,LST,False
HRF-0133,HRF-0133,2022-09-14,0,22.27832,114.17469,32.25,21.3,0.0,3.85,32.76,32.53,31.65,31.173000000000002,31.541999999999998,32.06,0.708000000000002,1.0,1.0,1.0,1.0,1.0,1.0,1.0,completed,NASA_POWER_MERRA2_GEOS_IT,v2.9.7,LST,False
HRF-0133,HRF-0133,2022-09-28,0,22.27832,114.17469,30.9,24.4,0.41,6.55,31.3,31.74,31.13,31.173000000000002,31.541999999999998,32.06,-0.6419999999999995,0.0,0.0,0.0,0.0,0.0,0.0,0.0,completed,NASA_POWER_MERRA2_GEOS_IT,v2.9.7,LST,False
HRF-0139,HRF-0139,2023-03-02,1,22.27832,114.17469,23.24,13.46,0.0,5.66,25.22,21.39,20.64,26.0265,26.601000000000003,27.262999999999998,-3.361000000000004,0.0,0.0,0.0,0.0,0.0,0.0,0.0,completed,NASA_POWER_MERRA2_GEOS_IT,v2.9.7,LST,False
HRF-0139,HRF-0139,2023-03-09,0,22.27832,114.17469,26.51,17.45,0.02,2.05,24.78,23.73,23.43,26.0265,26.601000000000003,27.262999999999998,-0.09100000000000108,0.0,0.0,0.0,0.0,0.0,0.0,0.0,completed,NASA_POWER_MERRA2_GEOS_IT,v2.9.7,LST,False
HRF-0139,HRF-0139,2023-03-16,0,22.27832,114.17469,25.9,15.83,0.0,3.44,25.38,23.09,22.05,26.0265,26.601000000000003,27.262999999999998,-0.7010000000000041,0.0,0.0,0.0,0.0,0.0,0.0,0.0,completed,NASA_POWER_MERRA2_GEOS_IT,v2.9.7,LST,False
HRF-0139,HRF-0139,2023-03-23,0,22.27832,114.17469,27.02,21.5,0.65,4.77,27.11,25.92,26.08,26.0265,26.601000000000003,27.262999999999998,0.41899999999999693,0.0,0.0,0.0,0.0,0.0,0.0,0.0,completed,NASA_POWER_MERRA2_GEOS_IT,v2.9.7,LST,False
HRF-0139,HRF-0139,2023-03-30,0,22.27832,114.17469,24.61,19.34,8.61,2.95,22.93,21.71,22.01,26.0265,26.601000000000003,27.262999999999998,-1.9910000000000032,0.0,0.0,0.0,0.0,0.0,0.0,0.0,completed,NASA_POWER_MERRA2_GEOS_IT,v2.9.7,LST,False
HRF-0002,HRF-0002,2000-08-27,1,55.75204,37.61781,19.29,10.38,0.07,3.07,16.5,14.49,15.76,25.12,26.043,27.442999999999998,-6.753,0.0,0.0,0.0,0.0,0.0,0.0,0.0,completed,NASA_POWER_MERRA2_GEOS_IT,v2.9.7,LST,False
HRF-0002,HRF-0002,2000-08-06,0,55.75204,37.61781,20.02,12.16,0.14,4.46,19.97,20.12,22.15,25.12,26.043,27.442999999999998,-6.023,0.0,0.0,0.0,0.0,0.0,0.0,0.0,completed,NASA_POWER_MERRA2_GEOS_IT,v2.9.7,LST,False
HRF-0002,HRF-0002,2000-08-13,0,55.75204,37.61781,20.63,14.58,6.25,2.73,21.46,19.97,18.63,25.12,26.043,27.442999999999998,-5.413,0.0,0.0,0.0,0.0,0.0,0.0,0.0,completed,NASA_POWER_MERRA2_GEOS_IT,v2.9.7,LST,False
HRF-0002,HRF-0002,2000-08-20,0,55.75204,37.61781,19.99,12.9,15.71,2.95,21.67,20.37,22.09,25.12,26.043,27.442999999999998,-6.053000000000001,0.0,0.0,0.0,0.0,0.0,0.0,0.0,completed,NASA_POWER_MERRA2_GEOS_IT,v2.9.7,LST,False
HRF-0045,HRF-0045,2012-04-02,1,55.75204,37.61781,-0.39,-6.19,1.85,5.35,0.42,0.05,0.17,15.3615,16.904,18.674,-17.294,0.0,0.0,0.0,0.0,0.0,0.0,0.0,completed,NASA_POWER_MERRA2_GEOS_IT,v2.9.7,LST,False
HRF-0045,HRF-0045,2012-04-09,0,55.75204,37.61781,0.42,-0.99,11.58,3.49,0.64,0.33,0.57,15.3615,16.904,18.674,-16.483999999999998,0.0,0.0,0.0,0.0,0.0,0.0,0.0,completed,NASA_POWER_MERRA2_GEOS_IT,v2.9.7,LST,False
HRF-0045,HRF-0045,2012-04-16,0,55.75204,37.61781,2.81,1.64,1.22,4.15,3.98,3.2,0.69,15.3615,16.904,18.674,-14.094,0.0,0.0,0.0,0.0,0.0,0.0,0.0,completed,NASA_POWER_MERRA2_GEOS_IT,v2.9.7,LST,False
HRF-0045,HRF-0045,2012-04-23,0,55.75204,37.61781,15.72,9.45,2.64,3.34,16.07,15.71,15.97,15.3615,16.904,18.674,-1.1839999999999993,0.0,0.0,0.0,0.0,0.0,0.0,0.0,completed,NASA_POWER_MERRA2_GEOS_IT,v2.9.7,LST,False
HRF-0045,HRF-0045,2012-04-30,0,55.75204,37.61781,12.7,3.24,3.98,4.59,22.38,22.89,18.09,15.3615,16.904,18.674,-4.204000000000001,0.0,0.0,0.0,0.0,0.0,0.0,0.0,completed,NASA_POWER_MERRA2_GEOS_IT,v2.9.7,LST,False
HRF-0052,HRF-0052,2013-01-25,1,55.75204,37.61781,-12.64,-15.55,0.11,4.79,-10.96,-11.27,-14.61,-0.9335000000000002,0.08100000000000022,0.51,-12.721,0.0,0.0,0.0,0.0,0.0,0.0,0.0,completed,NASA_POWER_MERRA2_GEOS_IT,v2.9.7,LST,False
HRF-0052,HRF-0052,2013-01-04,0,55.75204,37.61781,-3.99,-6.11,0.8,2.61,-4.19,-2.62,-3.37,-0.9335000000000002,0.08100000000000022,0.51,-4.071000000000001,0.0,0.0,0.0,0.0,0.0,0.0,0.0,completed,NASA_POWER_MERRA2_GEOS_IT,v2.9.7,LST,False
HRF-0052,HRF-0052,2013-01-11,0,55.75204,37.61781,-14.38,-16.17,0.22,4.3,-12.45,-12.25,-11.13,-0.9335000000000002,0.08100000000000022,0.51,-14.461,0.0,0.0,0.0,0.0,0.0,0.0,0.0,completed,NASA_POWER_MERRA2_GEOS_IT,v2.9.7,LST,False
HRF-0052,HRF-0052,2013-01-18,0,55.75204,37.61781,-15.57,-16.96,6.77,6.08,-11.26,-12.27,-9.83,-0.9335000000000002,0.08100000000000022,0.51,-15.651,0.0,0.0,0.0,0.0,0.0,0.0,0.0,completed,NASA_POWER_MERRA2_GEOS_IT,v2.9.7,LST,False
HRF-0006,HRF-0006,2002-06-02,1,-34.89842,148.85272,15.06,1.29,0.0,1.41,14.25,13.8,14.38,14.57,15.133000000000001,15.981,-0.0730000000000004,0.0,0.0,0.0,0.0,0.0,0.0,0.0,completed,NASA_POWER_MERRA2_GEOS_IT,v2.9.7,LST,False
HRF-0006,HRF-0006,2002-06-09,0,-34.89842,148.85272,8.32,5.56,2.05,4.3,12.71,14.69,17.34,14.57,15.133000000000001,15.981,-6.813000000000001,0.0,0.0,0.0,0.0,0.0,0.0,0.0,completed,NASA_POWER_MERRA2_GEOS_IT,v2.9.7,LST,False
HRF-0006,HRF-0006,2002-06-16,0,-34.89842,148.85272,13.28,6.59,3.25,3.34,14.71,10.53,8.53,14.57,15.133000000000001,15.981,-1.8530000000000015,0.0,0.0,0.0,0.0,0.0,0.0,0.0,completed,NASA_POWER_MERRA2_GEOS_IT,v2.9.7,LST,False
HRF-0006,HRF-0006,2002-06-23,0,-34.89842,148.85272,9.88,4.39,0.61,2.32,7.03,10.51,11.56,14.57,15.133000000000001,15.981,-5.253,0.0,0.0,0.0,0.0,0.0,0.0,0.0,completed,NASA_POWER_MERRA2_GEOS_IT,v2.9.7,LST,False
HRF-0006,HRF-0006,2002-06-30,0,-34.89842,148.85272,10.15,0.18,0.01,1.91,9.78,3.94,9.77,14.57,15.133000000000001,15.981,-4.9830000000000005,0.0,0.0,0.0,0.0,0.0,0.0,0.0,completed,NASA_POWER_MERRA2_GEOS_IT,v2.9.7,LST,False
HRF-0007,HRF-0007,2002-06-28,1,27.9659,-82.8001,27.94,23.46,19.49,1.82,28.64,28.47,27.99,32.8775,33.400999999999996,34.12,-5.460999999999995,0.0,0.0,0.0,0.0,0.0,0.0,0.0,completed,NASA_POWER_MERRA2_GEOS_IT,v2.9.7,LST,False
HRF-0007,HRF-0007,2002-06-07,0,27.9659,-82.8001,31.23,22.98,9.78,1.57,30.97,31.67,32.92,32.8775,33.400999999999996,34.12,-2.170999999999996,0.0,0.0,0.0,0.0,0.0,0.0,0.0,completed,NASA_POWER_MERRA2_GEOS_IT,v2.9.7,LST,False
HRF-0007,HRF-0007,2002-06-14,0,27.9659,-82.8001,30.72,23.37,12.74,4.84,32.6,31.74,32.19,32.8775,33.400999999999996,34.12,-2.6809999999999974,0.0,0.0,0.0,0.0,0.0,0.0,0.0,completed,NASA_POWER_MERRA2_GEOS_IT,v2.9.7,LST,False
HRF-0007,HRF-0007,2002-06-21,0,27.9659,-82.8001,28.67,22.35,13.42,4.62,26.83,28.57,27.48,32.8775,33.400999999999996,34.12,-4.7309999999999945,0.0,0.0,0.0,0.0,0.0,0.0,0.0,completed,NASA_POWER_MERRA2_GEOS_IT,v2.9.7,LST,False
HRF-0008,HRF-0008,2003-03-05,1,-26.2041,28.0473,31.36,10.49,1.98,1.88,31.73,32.85,31.58,30.296499999999998,30.964000000000002,32.079499999999996,0.39599999999999724,1.0,1.0,1.0,1.0,1.0,0.0,1.0,completed,NASA_POWER_MERRA2_GEOS_IT,v2.9.7,LST,False
HRF-0008,HRF-0008,2003-03-12,0,-26.2041,28.0473,30.71,8.42,0.0,2.04,30.5,31.21,30.91,30.296499999999998,30.964000000000002,32.079499999999996,-0.25400000000000134,0.0,1.0,0.0,0.0,0.0,0.0,0.0,completed,NASA_POWER_MERRA2_GEOS_IT,v2.9.7,LST,False
HRF-0008,HRF-0008,2003-03-19,0,-26.2041,28.0473,28.93,13.37,11.21,3.6,30.47,30.78,33.07,30.296499999999998,30.964000000000002,32.079499999999996,-2.0340000000000025,0.0,0.0,0.0,0.0,0.0,0.0,0.0,completed,NASA_POWER_MERRA2_GEOS_IT,v2.9.7,LST,False
HRF-0008,HRF-0008,2003-03-26,0,-26.2041,28.0473,26.31,2.91,0.0,3.87,23.36,25.66,29.42,30.296499999999998,30.964000000000002,32.079499999999996,-4.6540000000000035,0.0,0.0,0.0,0.0,0.0,0.0,0.0,completed,NASA_POWER_MERRA2_GEOS_IT,v2.9.7,LST,False
HRF-0009,HRF-0009,2003-07-29,1,51.5169,-0.1774,20.72,15.14,4.75,6.45,21.45,20.19,20.26,25.63,26.441000000000003,27.7455,-5.721000000000004,0.0,0.0,0.0,0.0,0.0,0.0,0.0,completed,NASA_POWER_MERRA2_GEOS_IT,v2.9.7,LST,False
HRF-0009,HRF-0009,2003-07-01,0,51.5169,-0.1774,17.88,12.84,4.6,4.01,19.66,22.91,21.02,25.63,26.441000000000003,27.7455,-8.561000000000003,0.0,0.0,0.0,0.0,0.0,0.0,0.0,completed,NASA_POWER_MERRA2_GEOS_IT,v2.9.7,LST,False
HRF-0009,HRF-0009,2003-07-08,0,51.5169,-0.1774,21.91,14.65,0.04,3.19,21.81,20.47,19.74,25.63,26.441000000000003,27.7455,-4.531000000000002,0.0,0.0,0.0,0.0,0.0,0.0,0.0,completed,NASA_POWER_MERRA2_GEOS_IT,v2.9.7,LST,False
HRF-0009,HRF-0009,2003-07-15,0,51.5169,-0.1774,28.08,15.84,0.43,3.71,26.03,24.15,24.0,25.63,26.441000000000003,27.7455,1.6389999999999958,0.0,0.0,0.0,0.0,0.0,0.0,0.0,completed,NASA_POWER_MERRA2_GEOS_IT,v2.9.7,LST,False
HRF-0009,HRF-0009,2003-07-22,0,51.5169,-0.1774,22.76,13.61,0.24,4.69,22.03,21.82,25.55,25.63,26.441000000000003,27.7455,-3.681000000000001,0.0,0.0,0.0,0.0,0.0,0.0,0.0,completed,NASA_POWER_MERRA2_GEOS_IT,v2.9.7,LST,False
HRF-0010,HRF-0010,2003-10-17,1,41.8833,-87.6302,12.6,1.05,0.02,3.47,11.51,15.78,13.29,19.9665,20.942,22.3855,-8.342,0.0,0.0,0.0,0.0,0.0,0.0,0.0,completed,NASA_POWER_MERRA2_GEOS_IT,v2.9.7,LST,False
HRF-0010,HRF-0010,2003-10-03,0,41.8833,-87.6302,12.39,5.88,7.0,9.2,11.22,11.21,12.94,19.9665,20.942,22.3855,-8.552,0.0,0.0,0.0,0.0,0.0,0.0,0.0,completed,NASA_POWER_MERRA2_GEOS_IT,v2.9.7,LST,False
HRF-0010,HRF-0010,2003-10-10,0,41.8833,-87.6302,20.51,14.5,0.0,3.76,19.18,22.42,21.77,19.9665,20.942,22.3855,-0.4319999999999986,0.0,0.0,0.0,0.0,0.0,0.0,0.0,completed,NASA_POWER_MERRA2_GEOS_IT,v2.9.7,LST,False
HRF-0010,HRF-0010,2003-10-24,0,41.8833,-87.6302,14.58,6.23,1.45,4.8,11.14,10.71,15.06,19.9665,20.942,22.3855,-6.362,0.0,0.0,0.0,0.0,0.0,0.0,0.0,completed,NASA_POWER_MERRA2_GEOS_IT,v2.9.7,LST,False
HRF-0010,HRF-0010,2003-10-31,0,41.8833,-87.6302,15.81,10.43,0.34,7.17,18.09,10.2,12.54,19.9665,20.942,22.3855,-5.132,0.0,0.0,0.0,0.0,0.0,0.0,0.0,completed,NASA_POWER_MERRA2_GEOS_IT,v2.9.7,LST,False
HRF-0012,HRF-0012,2004-01-26,1,30.056,31.33,16.12,0.04,0.0,5.4,17.98,15.61,14.54,21.496499999999997,22.431,24.301,-6.311,0.0,0.0,0.0,0.0,0.0,0.0,0.0,completed,NASA_POWER_MERRA2_GEOS_IT,v2.9.7,LST,False
HRF-0012,HRF-0012,2004-01-05,0,30.056,31.33,19.82,-0.96,0.0,3.24,21.23,17.82,20.17,21.496499999999997,22.431,24.301,-2.6110000000000007,0.0,0.0,0.0,0.0,0.0,0.0,0.0,completed,NASA_POWER_MERRA2_GEOS_IT,v2.9.7,LST,False
HRF-0012,HRF-0012,2004-01-12,0,30.056,31.33,14.08,5.89,0.83,8.67,18.02,17.78,16.91,21.496499999999997,22.431,24.301,-8.351,0.0,0.0,0.0,0.0,0.0,0.0,0.0,completed,NASA_POWER_MERRA2_GEOS_IT,v2.9.7,LST,False
HRF-0012,HRF-0012,2004-01-19,0,30.056,31.33,19.77,7.03,0.0,3.91,18.73,20.29,17.87,21.496499999999997,22.431,24.301,-2.6610000000000014,0.0,0.0,0.0,0.0,0.0,0.0,0.0,completed,NASA_POWER_MERRA2_GEOS_IT,v2.9.7,LST,False
HRF-0013,HRF-0013,2004-10-17,1,10.4983,-66.9022,29.15,22.1,6.23,2.04,29.48,29.0,29.92,29.79,30.321,30.851,-1.171000000000003,0.0,0.0,0.0,0.0,0.0,0.0,0.0,completed,NASA_POWER_MERRA2_GEOS_IT,v2.9.7,LST,False
HRF-0013,HRF-0013,2004-10-03,0,10.4983,-66.9022,27.69,21.27,2.25,1.67,27.79,28.15,26.42,29.79,30.321,30.851,-2.6310000000000002,0.0,0.0,0.0,0.0,0.0,0.0,0.0,completed,NASA_POWER_MERRA2_GEOS_IT,v2.9.7,LST,False
HRF-0013,HRF-0013,2004-10-10,0,10.4983,-66.9022,30.35,21.11,0.29,1.76,30.46,28.97,28.47,29.79,30.321,30.851,0.028999999999999915,0.0,0.0,1.0,0.0,0.0,0.0,0.0,completed,NASA_POWER_MERRA2_GEOS_IT,v2.9.7,LST,False
HRF-0013,HRF-0013,2004-10-24,0,10.4983,-66.9022,29.24,21.34,1.78,1.51,29.9,29.0,27.59,29.79,30.321,30.851,-1.081000000000003,0.0,0.0,0.0,0.0,0.0,0.0,0.0,completed,NASA_POWER_MERRA2_GEOS_IT,v2.9.7,LST,False
HRF-0013,HRF-0013,2004-10-31,0,10.4983,-66.9022,26.44,21.53,1.25,1.77,27.43,25.58,27.0,29.79,30.321,30.851,-3.8810000000000002,0.0,0.0,0.0,0.0,0.0,0.0,0.0,completed,NASA_POWER_MERRA2_GEOS_IT,v2.9.7,LST,False
HRF-0014,HRF-0014,2004-12-07,1,41.881,-87.632,8.47,6.15,19.59,8.42,9.07,7.28,6.71,6.58,7.69,9.39,0.7800000000000002,0.0,0.0,0.0,0.0,0.0,0.0,0.0,completed,NASA_POWER_MERRA2_GEOS_IT,v2.9.7,LST,False
HRF-0014,HRF-0014,2004-12-14,0,41.881,-87.632,-1.31,-5.91,0.12,7.14,0.23,6.67,5.13,6.58,7.69,9.39,-9.0,0.0,0.0,0.0,0.0,0.0,0.0,0.0,completed,NASA_POWER_MERRA2_GEOS_IT,v2.9.7,LST,False
HRF-0014,HRF-0014,2004-12-21,0,41.881,-87.632,1.05,-4.15,0.1,9.23,-0.77,-5.26,4.38,6.58,7.69,9.39,-6.640000000000001,0.0,0.0,0.0,0.0,0.0,0.0,0.0,completed,NASA_POWER_MERRA2_GEOS_IT,v2.9.7,LST,False
HRF-0014,HRF-0014,2004-12-28,0,41.881,-87.632,3.74,-0.97,0.02,8.73,-1.89,-1.99,-4.11,6.58,7.69,9.39,-3.95,0.0,0.0,0.0,0.0,0.0,0.0,0.0,completed,NASA_POWER_MERRA2_GEOS_IT,v2.9.7,LST,False
HRF-0016,HRF-0016,2005-02-12,1,40.4462,-3.692,15.72,-0.8,0.0,2.55,13.46,11.51,9.95,15.238999999999999,16.03,17.049,-0.3100000000000005,0.0,0.0,0.0,0.0,0.0,0.0,0.0,completed,NASA_POWER_MERRA2_GEOS_IT,v2.9.7,LST,False
HRF-0016,HRF-0016,2005-02-05,0,40.4462,-3.692,8.8,-1.12,0.65,1.89,9.84,10.9,11.5,15.238999999999999,16.03,17.049,-7.23,0.0,0.0,0.0,0.0,0.0,0.0,0.0,completed,NASA_POWER_MERRA2_GEOS_IT,v2.9.7,LST,False
HRF-0016,HRF-0016,2005-02-19,0,40.4462,-3.692,10.7,-1.65,0.0,4.66,8.32,8.32,7.2,15.238999999999999,16.03,17.049,-5.330000000000002,0.0,0.0,0.0,0.0,0.0,0.0,0.0,completed,NASA_POWER_MERRA2_GEOS_IT,v2.9.7,LST,False
HRF-0016,HRF-0016,2005-02-26,0,40.4462,-3.692,5.8,-5.67,0.07,3.32,6.51,6.93,5.07,15.238999999999999,16.03,17.049,-10.23,0.0,0.0,0.0,0.0,0.0,0.0,0.0,completed,NASA_POWER_MERRA2_GEOS_IT,v2.9.7,LST,False
HRF-0017,HRF-0017,2005-04-21,1,52.52437,13.41053,9.96,-4.7,0.0,2.29,10.66,15.16,18.04,19.426000000000002,20.63,22.131999999999998,-10.669999999999998,0.0,0.0,0.0,0.0,0.0,0.0,0.0,completed,NASA_POWER_MERRA2_GEOS_IT,v2.9.7,LST,False
HRF-0017,HRF-0017,2005-04-07,0,52.52437,13.41053,15.48,7.33,3.69,5.98,14.73,12.4,18.75,19.426000000000002,20.63,22.131999999999998,-5.149999999999999,0.0,0.0,0.0,0.0,0.0,0.0,0.0,completed,NASA_POWER_MERRA2_GEOS_IT,v2.9.7,LST,False
HRF-0017,HRF-0017,2005-04-14,0,52.52437,13.41053,18.65,6.87,0.0,2.75,16.18,16.35,13.27,19.426000000000002,20.63,22.131999999999998,-1.9800000000000004,0.0,0.0,0.0,0.0,0.0,0.0,0.0,completed,NASA_POWER_MERRA2_GEOS_IT,v2.9.7,LST,False
HRF-0017,HRF-0017,2005-04-28,0,52.52437,13.41053,15.99,5.67,0.21,4.73,14.85,17.05,15.2,19.426000000000002,20.63,22.131999999999998,-4.639999999999999,0.0,0.0,0.0,0.0,0.0,0.0,0.0,completed,NASA_POWER_MERRA2_GEOS_IT,v2.9.7,LST,False
HRF-0019,HRF-0019,2006-05-30,1,51.1801,71.44598,33.06,10.15,0.0,4.56,30.52,27.85,25.35,26.223,27.261000000000003,28.9755,5.7989999999999995,0.0,0.0,1.0,0.0,0.0,0.0,1.0,completed,NASA_POWER_MERRA2_GEOS_IT,v2.9.7,LST,False
HRF-0019,HRF-0019,2006-05-02,0,51.1801,71.44598,6.24,-5.05,0.02,4.27,3.27,5.19,6.89,26.223,27.261000000000003,28.9755,-21.021,0.0,0.0,0.0,0.0,0.0,0.0,0.0,completed,NASA_POWER_MERRA2_GEOS_IT,v2.9.7,LST,False
HRF-0019,HRF-0019,2006-05-09,0,51.1801,71.44598,15.16,0.97,0.13,2.49,14.32,12.66,9.62,26.223,27.261000000000003,28.9755,-12.101000000000003,0.0,0.0,0.0,0.0,0.0,0.0,0.0,completed,NASA_POWER_MERRA2_GEOS_IT,v2.9.7,LST,False
HRF-0019,HRF-0019,2006-05-16,0,51.1801,71.44598,18.52,5.94,0.56,3.52,20.07,22.53,23.33,26.223,27.261000000000003,28.9755,-8.741000000000003,0.0,0.0,0.0,0.0,0.0,0.0,0.0,completed,NASA_POWER_MERRA2_GEOS_IT,v2.9.7,LST,False
HRF-0019,HRF-0019,2006-05-23,0,51.1801,71.44598,22.98,6.71,0.0,3.32,20.0,14.06,15.63,26.223,27.261000000000003,28.9755,-4.281000000000002,0.0,0.0,0.0,0.0,0.0,0.0,0.0,completed,NASA_POWER_MERRA2_GEOS_IT,v2.9.7,LST,False
HRF-0021,HRF-0021,2007-01-18,1,25.07725,55.30927,20.15,11.99,0.0,4.85,19.95,21.67,21.65,25.41,26.073,26.683999999999997,-5.923000000000002,0.0,0.0,0.0,0.0,0.0,0.0,0.0,completed,NASA_POWER_MERRA2_GEOS_IT,v2.9.7,LST,False
HRF-0021,HRF-0021,2007-01-04,0,25.07725,55.30927,21.05,7.69,0.0,3.21,20.08,19.49,19.67,25.41,26.073,26.683999999999997,-5.023,0.0,0.0,0.0,0.0,0.0,0.0,0.0,completed,NASA_POWER_MERRA2_GEOS_IT,v2.9.7,LST,False
HRF-0021,HRF-0021,2007-01-11,0,25.07725,55.30927,19.69,11.18,0.0,2.77,20.17,20.36,21.65,25.41,26.073,26.683999999999997,-6.382999999999999,0.0,0.0,0.0,0.0,0.0,0.0,0.0,completed,NASA_POWER_MERRA2_GEOS_IT,v2.9.7,LST,False
HRF-0021,HRF-0021,2007-01-25,0,25.07725,55.30927,23.4,9.56,0.0,5.16,22.94,20.74,22.86,25.41,26.073,26.683999999999997,-2.673000000000002,0.0,0.0,0.0,0.0,0.0,0.0,0.0,completed,NASA_POWER_MERRA2_GEOS_IT,v2.9.7,LST,False
HRF-0050,HRF-0050,2012-10-06,1,25.07725,55.30927,36.64,17.9,0.0,2.95,35.39,36.62,36.08,35.9865,36.302,36.951,0.33800000000000097,0.0,0.0,0.0,0.0,0.0,0.0,0.0,completed,NASA_POWER_MERRA2_GEOS_IT,v2.9.7,LST,False
HRF-0050,HRF-0050,2012-10-13,0,25.07725,55.30927,33.96,21.72,0.0,3.44,34.45,35.13,35.11,35.9865,36.302,36.951,-2.3419999999999987,0.0,0.0,0.0,0.0,0.0,0.0,0.0,completed,NASA_POWER_MERRA2_GEOS_IT,v2.9.7,LST,False
HRF-0050,HRF-0050,2012-10-20,0,25.07725,55.30927,34.57,18.11,0.0,3.26,33.69,33.56,33.44,35.9865,36.302,36.951,-1.7319999999999993,0.0,0.0,0.0,0.0,0.0,0.0,0.0,completed,NASA_POWER_MERRA2_GEOS_IT,v2.9.7,LST,False
HRF-0050,HRF-0050,2012-10-27,0,25.07725,55.30927,33.33,19.14,0.0,2.4,32.16,32.79,33.9,35.9865,36.302,36.951,-2.9720000000000013,0.0,0.0,0.0,0.0,0.0,0.0,0.0,completed,NASA_POWER_MERRA2_GEOS_IT,v2.9.7,LST,False
HRF-0051,HRF-0051,2012-11-18,1,25.07725,55.30927,28.54,15.23,0.0,1.99,28.67,30.16,32.53,31.8015,32.291,32.861,-3.7509999999999977,0.0,0.0,0.0,0.0,0.0,0.0,0.0,completed,NASA_POWER_MERRA2_GEOS_IT,v2.9.7,LST,False
HRF-0051,HRF-0051,2012-11-04,0,25.07725,55.30927,32.18,18.15,0.0,2.82,32.25,31.98,31.53,31.8015,32.291,32.861,-0.1109999999999971,0.0,1.0,0.0,0.0,0.0,0.0,0.0,completed,NASA_POWER_MERRA2_GEOS_IT,v2.9.7,LST,False
HRF-0051,HRF-0051,2012-11-11,0,25.07725,55.30927,30.99,17.7,0.0,2.0,30.56,30.89,29.97,31.8015,32.291,32.861,-1.3009999999999984,0.0,0.0,0.0,0.0,0.0,0.0,0.0,completed,NASA_POWER_MERRA2_GEOS_IT,v2.9.7,LST,False
HRF-0051,HRF-0051,2012-11-25,0,25.07725,55.30927,29.06,17.03,0.02,1.86,29.54,28.2,27.29,31.8015,32.291,32.861,-3.230999999999998,0.0,0.0,0.0,0.0,0.0,0.0,0.0,completed,NASA_POWER_MERRA2_GEOS_IT,v2.9.7,LST,False
HRF-0066,HRF-0066,2015-02-21,1,25.07725,55.30927,26.84,12.12,0.0,9.9,31.25,30.43,29.62,27.069499999999998,27.753,28.892999999999997,-0.9130000000000003,0.0,0.0,0.0,0.0,0.0,0.0,0.0,completed,NASA_POWER_MERRA2_GEOS_IT,v2.9.7,LST,False
HRF-0066,HRF-0066,2015-02-07,0,25.07725,55.30927,22.93,13.95,0.0,2.89,23.54,26.58,26.54,27.069499999999998,27.753,28.892999999999997,-4.823,0.0,0.0,0.0,0.0,0.0,0.0,0.0,completed,NASA_POWER_MERRA2_GEOS_IT,v2.9.7,LST,False
HRF-0066,HRF-0066,2015-02-14,0,25.07725,55.30927,28.94,11.35,0.0,2.56,28.2,29.6,28.63,27.069499999999998,27.753,28.892999999999997,1.1870000000000012,0.0,0.0,0.0,0.0,0.0,0.0,1.0,completed,NASA_POWER_MERRA2_GEOS_IT,v2.9.7,LST,False
HRF-0066,HRF-0066,2015-02-28,0,25.07725,55.30927,22.12,7.46,0.0,5.47,22.63,23.13,23.15,27.069499999999998,27.753,28.892999999999997,-5.632999999999999,0.0,0.0,0.0,0.0,0.0,0.0,0.0,completed,NASA_POWER_MERRA2_GEOS_IT,v2.9.7,LST,False
HRF-0075,HRF-0075,2015-12-31,1,25.07725,55.30927,26.59,12.73,0.0,2.25,24.31,23.47,23.3,27.6165,28.032,28.662999999999997,-1.4420000000000002,0.0,0.0,0.0,0.0,0.0,0.0,0.0,completed,NASA_POWER_MERRA2_GEOS_IT,v2.9.7,LST,False
HRF-0075,HRF-0075,2015-12-03,0,25.07725,55.30927,27.35,16.59,0.0,2.51,28.15,27.68,27.83,27.6165,28.032,28.662999999999997,-0.6819999999999986,0.0,0.0,0.0,0.0,0.0,0.0,0.0,completed,NASA_POWER_MERRA2_GEOS_IT,v2.9.7,LST,False
HRF-0075,HRF-0075,2015-12-10,0,25.07725,55.30927,24.62,9.85,0.0,3.48,24.37,21.97,24.46,27.6165,28.032,28.662999999999997,-3.411999999999999,0.0,0.0,0.0,0.0,0.0,0.0,0.0,completed,NASA_POWER_MERRA2_GEOS_IT,v2.9.7,LST,False
HRF-0075,HRF-0075,2015-12-17,0,25.07725,55.30927,24.02,10.44,0.0,1.93,22.74,24.84,26.34,27.6165,28.032,28.662999999999997,-4.0120000000000005,0.0,0.0,0.0,0.0,0.0,0.0,0.0,completed,NASA_POWER_MERRA2_GEOS_IT,v2.9.7,LST,False
HRF-0075,HRF-0075,2015-12-24,0,25.07725,55.30927,26.34,16.48,0.0,4.71,26.71,24.2,25.12,27.6165,28.032,28.662999999999997,-1.6920000000000002,0.0,0.0,0.0,0.0,0.0,0.0,0.0,completed,NASA_POWER_MERRA2_GEOS_IT,v2.9.7,LST,False
HRF-0081,HRF-0081,2016-07-20,1,25.07725,55.30927,40.36,21.96,0.0,3.89,40.35,42.53,41.79,41.163,41.612,42.3555,-1.2520000000000024,0.0,0.0,0.0,0.0,0.0,0.0,0.0,completed,NASA_POWER_MERRA2_GEOS_IT,v2.9.7,LST,False
HRF-0081,HRF-0081,2016-07-06,0,25.07725,55.30927,37.93,25.29,0.0,2.46,39.61,39.48,40.8,41.163,41.612,42.3555,-3.682000000000002,0.0,0.0,0.0,0.0,0.0,0.0,0.0,completed,NASA_POWER_MERRA2_GEOS_IT,v2.9.7,LST,False
HRF-0081,HRF-0081,2016-07-13,0,25.07725,55.30927,37.33,26.17,0.0,2.81,37.06,38.72,39.36,41.163,41.612,42.3555,-4.282000000000004,0.0,0.0,0.0,0.0,0.0,0.0,0.0,completed,NASA_POWER_MERRA2_GEOS_IT,v2.9.7,LST,False
HRF-0081,HRF-0081,2016-07-27,0,25.07725,55.30927,38.98,24.19,0.0,5.23,40.02,42.4,44.47,41.163,41.612,42.3555,-2.632000000000005,0.0,0.0,0.0,0.0,0.0,0.0,0.0,completed,NASA_POWER_MERRA2_GEOS_IT,v2.9.7,LST,False
HRF-0085,HRF-0085,2016-12-13,1,25.07725,55.30927,24.31,13.84,0.0,3.44,23.94,23.73,23.83,27.6165,28.032,28.662999999999997,-3.7220000000000013,0.0,0.0,0.0,0.0,0.0,0.0,0.0,completed,NASA_POWER_MERRA2_GEOS_IT,v2.9.7,LST,False
HRF-0085,HRF-0085,2016-12-06,0,25.07725,55.30927,29.26,16.1,0.0,2.47,31.3,29.15,29.66,27.6165,28.032,28.662999999999997,1.2280000000000015,0.0,0.0,0.0,0.0,0.0,0.0,1.0,completed,NASA_POWER_MERRA2_GEOS_IT,v2.9.7,LST,False
HRF-0085,HRF-0085,2016-12-20,0,25.07725,55.30927,25.49,14.07,0.0,2.57,24.73,25.27,23.68,27.6165,28.032,28.662999999999997,-2.5420000000000016,0.0,0.0,0.0,0.0,0.0,0.0,0.0,completed,NASA_POWER_MERRA2_GEOS_IT,v2.9.7,LST,False
HRF-0085,HRF-0085,2016-12-27,0,25.07725,55.30927,27.1,14.3,0.0,2.57,28.05,27.97,28.11,27.6165,28.032,28.662999999999997,-0.9319999999999986,0.0,0.0,0.0,0.0,0.0,0.0,0.0,completed,NASA_POWER_MERRA2_GEOS_IT,v2.9.7,LST,False
HRF-0087,HRF-0087,2017-03-02,1,25.07725,55.30927,27.87,13.93,0.03,3.88,25.38,22.82,22.1,29.962999999999997,30.696,31.840999999999998,-2.8260000000000005,0.0,0.0,0.0,0.0,0.0,0.0,0.0,completed,NASA_POWER_MERRA2_GEOS_IT,v2.9.7,LST,False
HRF-0087,HRF-0087,2017-03-09,0,25.07725,55.30927,25.65,16.04,0.0,4.15,25.28,23.34,26.23,29.962999999999997,30.696,31.840999999999998,-5.046000000000003,0.0,0.0,0.0,0.0,0.0,0.0,0.0,completed,NASA_POWER_MERRA2_GEOS_IT,v2.9.7,LST,False
HRF-0087,HRF-0087,2017-03-16,0,25.07725,55.30927,28.67,15.2,0.21,5.16,27.54,28.44,29.33,29.962999999999997,30.696,31.840999999999998,-2.026,0.0,0.0,0.0,0.0,0.0,0.0,0.0,completed,NASA_POWER_MERRA2_GEOS_IT,v2.9.7,LST,False
HRF-0087,HRF-0087,2017-03-23,0,25.07725,55.30927,27.95,13.44,0.63,3.06,25.0,23.27,29.83,29.962999999999997,30.696,31.840999999999998,-2.746000000000002,0.0,0.0,0.0,0.0,0.0,0.0,0.0,completed,NASA_POWER_MERRA2_GEOS_IT,v2.9.7,LST,False
HRF-0087,HRF-0087,2017-03-30,0,25.07725,55.30927,28.6,17.99,0.04,2.38,28.01,27.71,24.89,29.962999999999997,30.696,31.840999999999998,-2.096,0.0,0.0,0.0,0.0,0.0,0.0,0.0,completed,NASA_POWER_MERRA2_GEOS_IT,v2.9.7,LST,False
HRF-0092,HRF-0092,2017-08-04,1,25.07725,55.30927,39.47,24.5,0.07,2.45,42.78,40.77,39.7,41.153,41.52,42.1865,-2.0500000000000043,0.0,0.0,0.0,0.0,0.0,0.0,0.0,completed,NASA_POWER_MERRA2_GEOS_IT,v2.9.7,LST,False
HRF-0092,HRF-0092,2017-08-11,0,25.07725,55.30927,41.84,21.2,0.0,2.75,42.51,41.99,43.04,41.153,41.52,42.1865,0.3200000000000003,1.0,1.0,1.0,1.0,1.0,0.0,1.0,completed,NASA_POWER_MERRA2_GEOS_IT,v2.9.7,LST,False
HRF-0092,HRF-0092,2017-08-18,0,25.07725,55.30927,38.05,24.37,0.01,2.6,38.33,38.49,40.08,41.153,41.52,42.1865,-3.470000000000006,0.0,0.0,0.0,0.0,0.0,0.0,0.0,completed,NASA_POWER_MERRA2_GEOS_IT,v2.9.7,LST,False
HRF-0092,HRF-0092,2017-08-25,0,25.07725,55.30927,37.91,23.11,0.0,3.86,38.89,39.46,42.09,41.153,41.52,42.1865,-3.6100000000000065,0.0,0.0,0.0,0.0,0.0,0.0,0.0,completed,NASA_POWER_MERRA2_GEOS_IT,v2.9.7,LST,False
HRF-0099,HRF-0099,2018-04-30,1,25.07725,55.30927,32.88,20.14,0.0,4.67,35.69,38.55,32.58,33.92,34.45,35.263999999999996,-1.5700000000000003,0.0,0.0,0.0,0.0,0.0,0.0,0.0,completed,NASA_POWER_MERRA2_GEOS_IT,v2.9.7,LST,False
HRF-0099,HRF-0099,2018-04-02,0,25.07725,55.30927,28.0,17.28,0.0,5.84,28.26,30.66,33.61,33.92,34.45,35.263999999999996,-6.450000000000003,0.0,0.0,0.0,0.0,0.0,0.0,0.0,completed,NASA_POWER_MERRA2_GEOS_IT,v2.9.7,LST,False
HRF-0099,HRF-0099,2018-04-09,0,25.07725,55.30927,30.36,20.69,0.0,3.96,31.12,33.35,32.31,33.92,34.45,35.263999999999996,-4.090000000000003,0.0,0.0,0.0,0.0,0.0,0.0,0.0,completed,NASA_POWER_MERRA2_GEOS_IT,v2.9.7,LST,False
HRF-0099,HRF-0099,2018-04-16,0,25.07725,55.30927,31.9,14.35,0.01,2.92,29.08,33.2,33.07,33.92,34.45,35.263999999999996,-2.5500000000000043,0.0,0.0,0.0,0.0,0.0,0.0,0.0,completed,NASA_POWER_MERRA2_GEOS_IT,v2.9.7,LST,False
HRF-0099,HRF-0099,2018-04-23,0,25.07725,55.30927,34.29,13.98,0.0,5.33,36.37,30.82,29.29,33.92,34.45,35.263999999999996,-0.1600000000000037,0.0,0.0,0.0,0.0,0.0,0.0,0.0,completed,NASA_POWER_MERRA2_GEOS_IT,v2.9.7,LST,False
HRF-0101,HRF-0101,2018-05-13,1,25.07725,55.30927,38.0,17.48,0.0,7.97,38.67,33.52,37.01,37.26,37.67,38.2055,0.3299999999999983,0.0,0.0,1.0,0.0,0.0,0.0,0.0,completed,NASA_POWER_MERRA2_GEOS_IT,v2.9.7,LST,False
HRF-0101,HRF-0101,2018-05-06,0,25.07725,55.30927,33.34,21.92,0.0,6.26,32.73,33.29,33.49,37.26,37.67,38.2055,-4.329999999999998,0.0,0.0,0.0,0.0,0.0,0.0,0.0,completed,NASA_POWER_MERRA2_GEOS_IT,v2.9.7,LST,False
HRF-0101,HRF-0101,2018-05-20,0,25.07725,55.30927,34.95,20.7,0.02,3.0,33.71,32.8,33.76,37.26,37.67,38.2055,-2.719999999999999,0.0,0.0,0.0,0.0,0.0,0.0,0.0,completed,NASA_POWER_MERRA2_GEOS_IT,v2.9.7,LST,False
HRF-0101,HRF-0101,2018-05-27,0,25.07725,55.30927,36.37,22.69,0.0,3.05,36.22,36.53,37.71,37.26,37.67,38.2055,-1.3000000000000043,0.0,0.0,0.0,0.0,0.0,0.0,0.0,completed,NASA_POWER_MERRA2_GEOS_IT,v2.9.7,LST,False
HRF-0137,HRF-0137,2022-11-07,1,25.07725,55.30927,32.53,20.04,0.21,3.85,32.08,32.3,33.63,31.8015,32.291,32.861,0.23900000000000432,0.0,1.0,0.0,0.0,0.0,0.0,0.0,completed,NASA_POWER_MERRA2_GEOS_IT,v2.9.7,LST,False
HRF-0137,HRF-0137,2022-11-14,0,25.07725,55.30927,31.78,20.91,0.0,5.48,32.35,32.59,33.99,31.8015,32.291,32.861,-0.5109999999999957,0.0,0.0,0.0,0.0,0.0,0.0,0.0,completed,NASA_POWER_MERRA2_GEOS_IT,v2.9.7,LST,False
HRF-0137,HRF-0137,2022-11-21,0,25.07725,55.30927,29.07,18.91,0.04,3.45,29.95,30.79,31.77,31.8015,32.291,32.861,-3.2209999999999965,0.0,0.0,0.0,0.0,0.0,0.0,0.0,completed,NASA_POWER_MERRA2_GEOS_IT,v2.9.7,LST,False
HRF-0137,HRF-0137,2022-11-28,0,25.07725,55.30927,30.37,20.38,0.03,2.22,30.05,29.63,30.15,31.8015,32.291,32.861,-1.9209999999999958,0.0,0.0,0.0,0.0,0.0,0.0,0.0,completed,NASA_POWER_MERRA2_GEOS_IT,v2.9.7,LST,False
HRF-0169,HRF-0169,2025-06-13,1,25.07725,55.30927,38.73,24.09,0.0,3.05,38.93,40.26,39.55,39.5415,39.972,40.88,-1.2420000000000044,0.0,0.0,0.0,0.0,0.0,0.0,0.0,completed,NASA_POWER_MERRA2_GEOS_IT,v2.9.7,LST,False
HRF-0169,HRF-0169,2025-06-06,0,25.07725,55.30927,34.47,20.52,0.0,4.67,35.18,35.44,35.98,39.5415,39.972,40.88,-5.5020000000000024,0.0,0.0,0.0,0.0,0.0,0.0,0.0,completed,NASA_POWER_MERRA2_GEOS_IT,v2.9.7,LST,False
HRF-0169,HRF-0169,2025-06-20,0,25.07725,55.30927,37.92,25.44,0.22,4.31,38.76,37.16,40.15,39.5415,39.972,40.88,-2.0519999999999996,0.0,0.0,0.0,0.0,0.0,0.0,0.0,completed,NASA_POWER_MERRA2_GEOS_IT,v2.9.7,LST,False
HRF-0169,HRF-0169,2025-06-27,0,25.07725,55.30927,38.88,27.3,0.0,3.37,37.33,37.9,37.25,39.5415,39.972,40.88,-1.0919999999999987,0.0,0.0,0.0,0.0,0.0,0.0,0.0,completed,NASA_POWER_MERRA2_GEOS_IT,v2.9.7,LST,False
HRF-0203,HRF-0203,2026-03-01,1,25.07725,55.30927,30.12,12.28,0.0,3.03,27.06,24.31,25.39,29.962999999999997,30.696,31.840999999999998,-0.5760000000000005,0.0,0.0,0.0,0.0,0.0,0.0,0.0,completed,NASA_POWER_MERRA2_GEOS_IT,v2.9.7,LST,False
HRF-0203,HRF-0203,2026-03-08,0,25.07725,55.30927,27.51,16.21,0.0,2.86,25.67,24.65,25.31,29.962999999999997,30.696,31.840999999999998,-3.186,0.0,0.0,0.0,0.0,0.0,0.0,0.0,completed,NASA_POWER_MERRA2_GEOS_IT,v2.9.7,LST,False
HRF-0203,HRF-0203,2026-03-15,0,25.07725,55.30927,30.39,17.99,0.0,2.26,28.43,29.77,30.56,29.962999999999997,30.696,31.840999999999998,-0.30600000000000094,0.0,0.0,0.0,0.0,0.0,0.0,0.0,completed,NASA_POWER_MERRA2_GEOS_IT,v2.9.7,LST,False
HRF-0203,HRF-0203,2026-03-22,0,25.07725,55.30927,27.54,19.75,7.38,2.72,27.68,30.82,26.87,29.962999999999997,30.696,31.840999999999998,-3.1560000000000024,0.0,0.0,0.0,0.0,0.0,0.0,0.0,completed,NASA_POWER_MERRA2_GEOS_IT,v2.9.7,LST,False
HRF-0203,HRF-0203,2026-03-29,0,25.07725,55.30927,23.09,13.51,0.0,9.36,22.95,26.67,30.14,29.962999999999997,30.696,31.840999999999998,-7.606000000000002,0.0,0.0,0.0,0.0,0.0,0.0,0.0,completed,NASA_POWER_MERRA2_GEOS_IT,v2.9.7,LST,False
HRF-0205,HRF-0205,2026-03-11,1,25.07725,55.30927,27.62,17.25,0.1,6.03,28.78,27.74,27.51,29.962999999999997,30.696,31.840999999999998,-3.0760000000000005,0.0,0.0,0.0,0.0,0.0,0.0,0.0,completed,NASA_POWER_MERRA2_GEOS_IT,v2.9.7,LST,False
HRF-0205,HRF-0205,2026-03-04,0,25.07725,55.30927,26.45,19.02,0.01,5.07,28.9,28.98,30.12,29.962999999999997,30.696,31.840999999999998,-4.246000000000002,0.0,0.0,0.0,0.0,0.0,0.0,0.0,completed,NASA_POWER_MERRA2_GEOS_IT,v2.9.7,LST,False
HRF-0205,HRF-0205,2026-03-18,0,25.07725,55.30927,28.16,18.12,0.02,5.87,30.58,30.77,30.39,29.962999999999997,30.696,31.840999999999998,-2.5360000000000014,0.0,0.0,0.0,0.0,0.0,0.0,0.0,completed,NASA_POWER_MERRA2_GEOS_IT,v2.9.7,LST,False
HRF-0205,HRF-0205,2026-03-25,0,25.07725,55.30927,26.31,20.91,17.09,5.12,24.61,26.41,27.54,29.962999999999997,30.696,31.840999999999998,-4.386000000000003,0.0,0.0,0.0,0.0,0.0,0.0,0.0,completed,NASA_POWER_MERRA2_GEOS_IT,v2.9.7,LST,False
HRF-0022,HRF-0022,2007-08-14,1,31.22222,121.45806,30.8,21.35,0.12,3.45,31.49,32.17,30.24,34.27,34.85,35.7275,-4.050000000000001,0.0,0.0,0.0,0.0,0.0,0.0,0.0,completed,NASA_POWER_MERRA2_GEOS_IT,v2.9.7,LST,False
HRF-0022,HRF-0022,2007-08-07,0,31.22222,121.45806,33.18,25.54,0.13,6.71,31.92,29.2,32.08,34.27,34.85,35.7275,-1.6700000000000017,0.0,0.0,0.0,0.0,0.0,0.0,0.0,completed,NASA_POWER_MERRA2_GEOS_IT,v2.9.7,LST,False
HRF-0022,HRF-0022,2007-08-21,0,31.22222,121.45806,33.59,24.98,0.44,8.37,31.7,29.88,32.48,34.27,34.85,35.7275,-1.259999999999998,0.0,0.0,0.0,0.0,0.0,0.0,0.0,completed,NASA_POWER_MERRA2_GEOS_IT,v2.9.7,LST,False
HRF-0022,HRF-0022,2007-08-28,0,31.22222,121.45806,33.28,25.01,6.09,4.69,32.6,30.9,31.26,34.27,34.85,35.7275,-1.5700000000000003,0.0,0.0,0.0,0.0,0.0,0.0,0.0,completed,NASA_POWER_MERRA2_GEOS_IT,v2.9.7,LST,False
HRF-0039,HRF-0039,2010-11-15,1,31.22222,121.45806,13.59,6.41,0.29,6.84,18.54,21.15,19.37,21.7015,22.732,24.11,-9.142,0.0,0.0,0.0,0.0,0.0,0.0,0.0,completed,NASA_POWER_MERRA2_GEOS_IT,v2.9.7,LST,False
HRF-0039,HRF-0039,2010-11-01,0,31.22222,121.45806,18.47,7.08,0.0,2.82,17.77,17.8,16.73,21.7015,22.732,24.11,-4.2620000000000005,0.0,0.0,0.0,0.0,0.0,0.0,0.0,completed,NASA_POWER_MERRA2_GEOS_IT,v2.9.7,LST,False
HRF-0039,HRF-0039,2010-11-08,0,31.22222,121.45806,18.43,5.38,0.0,5.6,21.02,19.7,18.33,21.7015,22.732,24.11,-4.302,0.0,0.0,0.0,0.0,0.0,0.0,0.0,completed,NASA_POWER_MERRA2_GEOS_IT,v2.9.7,LST,False
HRF-0039,HRF-0039,2010-11-22,0,31.22222,121.45806,15.38,6.92,0.14,6.64,20.01,18.07,17.98,21.7015,22.732,24.11,-7.3519999999999985,0.0,0.0,0.0,0.0,0.0,0.0,0.0,completed,NASA_POWER_MERRA2_GEOS_IT,v2.9.7,LST,False
HRF-0039,HRF-0039,2010-11-29,0,31.22222,121.45806,17.1,11.58,1.4,3.06,15.71,18.62,14.41,21.7015,22.732,24.11,-5.631999999999998,0.0,0.0,0.0,0.0,0.0,0.0,0.0,completed,NASA_POWER_MERRA2_GEOS_IT,v2.9.7,LST,False
HRF-0023,HRF-0023,2007-08-18,1,40.7108,-74.0138,23.29,12.94,0.01,6.02,26.51,26.07,26.5,28.0265,28.613,29.441,-5.323,0.0,0.0,0.0,0.0,0.0,0.0,0.0,completed,NASA_POWER_MERRA2_GEOS_IT,v2.9.7,LST,False
HRF-0023,HRF-0023,2007-08-04,0,40.7108,-74.0138,28.83,21.4,1.07,2.81,28.05,29.32,29.52,28.0265,28.613,29.441,0.21699999999999875,0.0,0.0,0.0,0.0,0.0,0.0,0.0,completed,NASA_POWER_MERRA2_GEOS_IT,v2.9.7,LST,False
HRF-0023,HRF-0023,2007-08-11,0,40.7108,-74.0138,24.59,15.28,0.02,3.89,23.27,25.38,29.71,28.0265,28.613,29.441,-4.023,0.0,0.0,0.0,0.0,0.0,0.0,0.0,completed,NASA_POWER_MERRA2_GEOS_IT,v2.9.7,LST,False
HRF-0023,HRF-0023,2007-08-25,0,40.7108,-74.0138,25.49,22.09,0.42,4.63,24.34,22.39,20.21,28.0265,28.613,29.441,-3.123000000000001,0.0,0.0,0.0,0.0,0.0,0.0,0.0,completed,NASA_POWER_MERRA2_GEOS_IT,v2.9.7,LST,False
HRF-0024,HRF-0024,2007-09-23,1,39.3786,-74.4351,25.02,13.73,0.0,3.74,25.05,24.52,23.32,26.3615,26.971,28.0905,-1.9510000000000005,0.0,0.0,0.0,0.0,0.0,0.0,0.0,completed,NASA_POWER_MERRA2_GEOS_IT,v2.9.7,LST,False
HRF-0024,HRF-0024,2007-09-02,0,39.3786,-74.4351,24.14,13.74,0.0,2.99,24.93,26.5,26.75,26.3615,26.971,28.0905,-2.8309999999999995,0.0,0.0,0.0,0.0,0.0,0.0,0.0,completed,NASA_POWER_MERRA2_GEOS_IT,v2.9.7,LST,False
HRF-0024,HRF-0024,2007-09-09,0,39.3786,-74.4351,27.07,21.39,0.39,3.35,26.69,26.64,26.08,26.3615,26.971,28.0905,0.0990000000000002,0.0,0.0,0.0,0.0,0.0,0.0,0.0,completed,NASA_POWER_MERRA2_GEOS_IT,v2.9.7,LST,False
HRF-0024,HRF-0024,2007-09-16,0,39.3786,-74.4351,18.58,9.43,0.01,4.13,22.26,23.67,23.58,26.3615,26.971,28.0905,-8.391000000000002,0.0,0.0,0.0,0.0,0.0,0.0,0.0,completed,NASA_POWER_MERRA2_GEOS_IT,v2.9.7,LST,False
HRF-0024,HRF-0024,2007-09-30,0,39.3786,-74.4351,22.89,12.64,0.0,2.88,23.14,25.3,24.81,26.3615,26.971,28.0905,-4.0809999999999995,0.0,0.0,0.0,0.0,0.0,0.0,0.0,completed,NASA_POWER_MERRA2_GEOS_IT,v2.9.7,LST,False
HRF-0025,HRF-0025,2008-01-25,1,36.1031,-115.1765,13.05,-1.14,0.0,2.86,11.4,11.7,12.07,18.77,19.361,20.131999999999998,-6.311,0.0,0.0,0.0,0.0,0.0,0.0,0.0,completed,NASA_POWER_MERRA2_GEOS_IT,v2.9.7,LST,False
HRF-0025,HRF-0025,2008-01-04,0,36.1031,-115.1765,15.83,-0.62,1.33,4.81,11.75,11.76,9.43,18.77,19.361,20.131999999999998,-3.5310000000000006,0.0,0.0,0.0,0.0,0.0,0.0,0.0,completed,NASA_POWER_MERRA2_GEOS_IT,v2.9.7,LST,False
HRF-0025,HRF-0025,2008-01-11,0,36.1031,-115.1765,17.39,-2.89,0.0,1.63,14.23,14.13,11.55,18.77,19.361,20.131999999999998,-1.971,0.0,0.0,0.0,0.0,0.0,0.0,0.0,completed,NASA_POWER_MERRA2_GEOS_IT,v2.9.7,LST,False
HRF-0025,HRF-0025,2008-01-18,0,36.1031,-115.1765,10.54,-6.84,0.0,5.1,6.05,3.78,17.04,18.77,19.361,20.131999999999998,-8.821000000000002,0.0,0.0,0.0,0.0,0.0,0.0,0.0,completed,NASA_POWER_MERRA2_GEOS_IT,v2.9.7,LST,False
HRF-0026,HRF-0026,2008-04-13,1,52.00667,4.35556,10.7,5.39,0.58,3.78,10.98,11.22,11.14,16.02,16.901,18.3405,-6.2010000000000005,0.0,0.0,0.0,0.0,0.0,0.0,0.0,completed,NASA_POWER_MERRA2_GEOS_IT,v2.9.7,LST,False
HRF-0026,HRF-0026,2008-04-06,0,52.00667,4.35556,5.65,0.06,1.11,4.59,9.17,10.43,9.59,16.02,16.901,18.3405,-11.251,0.0,0.0,0.0,0.0,0.0,0.0,0.0,completed,NASA_POWER_MERRA2_GEOS_IT,v2.9.7,LST,False
HRF-0026,HRF-0026,2008-04-20,0,52.00667,4.35556,14.61,7.45,0.14,6.24,12.07,11.55,10.31,16.02,16.901,18.3405,-2.2910000000000004,0.0,0.0,0.0,0.0,0.0,0.0,0.0,completed,NASA_POWER_MERRA2_GEOS_IT,v2.9.7,LST,False
HRF-0026,HRF-0026,2008-04-27,0,52.00667,4.35556,16.99,10.0,0.52,4.99,16.63,12.71,14.88,16.02,16.901,18.3405,0.08899999999999864,0.0,0.0,0.0,0.0,0.0,0.0,0.0,completed,NASA_POWER_MERRA2_GEOS_IT,v2.9.7,LST,False
HRF-0028,HRF-0028,2008-10-28,1,21.42664,39.82563,34.01,6.84,0.0,3.55,34.07,33.33,34.93,40.28,40.71,41.2555,-6.700000000000003,0.0,0.0,0.0,0.0,0.0,0.0,0.0,completed,NASA_POWER_MERRA2_GEOS_IT,v2.9.7,LST,False
HRF-0028,HRF-0028,2008-10-07,0,21.42664,39.82563,39.22,-1.27,0.0,5.13,39.7,39.94,39.76,40.28,40.71,41.2555,-1.490000000000002,0.0,0.0,0.0,0.0,0.0,0.0,0.0,completed,NASA_POWER_MERRA2_GEOS_IT,v2.9.7,LST,False
HRF-0028,HRF-0028,2008-10-14,0,21.42664,39.82563,38.92,4.43,0.0,4.78,35.05,36.57,38.82,40.28,40.71,41.2555,-1.7899999999999991,0.0,0.0,0.0,0.0,0.0,0.0,0.0,completed,NASA_POWER_MERRA2_GEOS_IT,v2.9.7,LST,False
HRF-0028,HRF-0028,2008-10-21,0,21.42664,39.82563,37.76,3.83,0.0,4.41,38.03,39.19,39.34,40.28,40.71,41.2555,-2.950000000000003,0.0,0.0,0.0,0.0,0.0,0.0,0.0,completed,NASA_POWER_MERRA2_GEOS_IT,v2.9.7,LST,False
HRF-0031,HRF-0031,2009-05-01,1,21.42664,39.82563,40.79,3.11,0.0,3.78,38.25,39.37,38.42,43.61,44.150999999999996,44.6355,-3.360999999999997,0.0,0.0,0.0,0.0,0.0,0.0,0.0,completed,NASA_POWER_MERRA2_GEOS_IT,v2.9.7,LST,False
HRF-0031,HRF-0031,2009-05-08,0,21.42664,39.82563,39.74,12.81,0.0,4.1,42.8,41.0,41.59,43.61,44.150999999999996,44.6355,-4.410999999999994,0.0,0.0,0.0,0.0,0.0,0.0,0.0,completed,NASA_POWER_MERRA2_GEOS_IT,v2.9.7,LST,False
HRF-0031,HRF-0031,2009-05-15,0,21.42664,39.82563,41.0,6.11,0.0,4.52,39.99,40.56,38.82,43.61,44.150999999999996,44.6355,-3.1509999999999962,0.0,0.0,0.0,0.0,0.0,0.0,0.0,completed,NASA_POWER_MERRA2_GEOS_IT,v2.9.7,LST,False
HRF-0031,HRF-0031,2009-05-22,0,21.42664,39.82563,42.24,9.42,0.0,3.3,40.82,39.52,40.67,43.61,44.150999999999996,44.6355,-1.9109999999999943,0.0,0.0,0.0,0.0,0.0,0.0,0.0,completed,NASA_POWER_MERRA2_GEOS_IT,v2.9.7,LST,False
HRF-0031,HRF-0031,2009-05-29,0,21.42664,39.82563,44.27,1.7,0.0,4.75,39.71,37.88,36.61,43.61,44.150999999999996,44.6355,0.11900000000000688,0.0,0.0,0.0,0.0,0.0,0.0,0.0,completed,NASA_POWER_MERRA2_GEOS_IT,v2.9.7,LST,False
HRF-0029,HRF-0029,2009-02-09,1,39.9075,116.39723,13.59,-6.41,0.0,3.47,5.73,9.19,8.37,9.769499999999999,11.03,12.719,2.5600000000000005,0.0,0.0,0.0,0.0,0.0,0.0,0.0,completed,NASA_POWER_MERRA2_GEOS_IT,v2.9.7,LST,False
HRF-0029,HRF-0029,2009-02-02,0,39.9075,116.39723,6.06,-7.69,0.0,3.0,2.24,3.08,3.28,9.769499999999999,11.03,12.719,-4.97,0.0,0.0,0.0,0.0,0.0,0.0,0.0,completed,NASA_POWER_MERRA2_GEOS_IT,v2.9.7,LST,False
HRF-0029,HRF-0029,2009-02-16,0,39.9075,116.39723,1.81,-15.05,0.0,2.7,2.19,8.79,10.25,9.769499999999999,11.03,12.719,-9.219999999999999,0.0,0.0,0.0,0.0,0.0,0.0,0.0,completed,NASA_POWER_MERRA2_GEOS_IT,v2.9.7,LST,False
HRF-0029,HRF-0029,2009-02-23,0,39.9075,116.39723,1.85,-7.72,0.06,2.28,4.16,8.46,2.41,9.769499999999999,11.03,12.719,-9.18,0.0,0.0,0.0,0.0,0.0,0.0,0.0,completed,NASA_POWER_MERRA2_GEOS_IT,v2.9.7,LST,False
HRF-0030,HRF-0030,2009-03-13,1,23.7104,90.40744,35.28,5.56,0.0,2.83,34.92,35.6,36.21,37.1765,37.730999999999995,38.36,-2.4509999999999934,0.0,0.0,0.0,0.0,0.0,0.0,0.0,completed,NASA_POWER_MERRA2_GEOS_IT,v2.9.7,LST,False
HRF-0030,HRF-0030,2009-03-06,0,23.7104,90.40744,35.0,16.26,0.78,2.84,34.41,33.01,32.33,37.1765,37.730999999999995,38.36,-2.7309999999999945,0.0,0.0,0.0,0.0,0.0,0.0,0.0,completed,NASA_POWER_MERRA2_GEOS_IT,v2.9.7,LST,False
HRF-0030,HRF-0030,2009-03-20,0,23.7104,90.40744,36.48,12.76,0.0,2.49,35.85,36.09,35.17,37.1765,37.730999999999995,38.36,-1.2509999999999977,0.0,0.0,0.0,0.0,0.0,0.0,0.0,completed,NASA_POWER_MERRA2_GEOS_IT,v2.9.7,LST,False
HRF-0030,HRF-0030,2009-03-27,0,23.7104,90.40744,33.09,17.88,4.04,2.16,36.57,36.92,37.04,37.1765,37.730999999999995,38.36,-4.640999999999991,0.0,0.0,0.0,0.0,0.0,0.0,0.0,completed,NASA_POWER_MERRA2_GEOS_IT,v2.9.7,LST,False
HRF-0108,HRF-0108,2019-03-28,1,23.7104,90.40744,33.68,16.77,0.0,1.87,32.71,35.33,35.06,37.1765,37.730999999999995,38.36,-4.050999999999995,0.0,0.0,0.0,0.0,0.0,0.0,0.0,completed,NASA_POWER_MERRA2_GEOS_IT,v2.9.7,LST,False
HRF-0108,HRF-0108,2019-03-07,0,23.7104,90.40744,29.72,15.48,0.0,0.85,29.37,28.52,26.37,37.1765,37.730999999999995,38.36,-8.010999999999996,0.0,0.0,0.0,0.0,0.0,0.0,0.0,completed,NASA_POWER_MERRA2_GEOS_IT,v2.9.7,LST,False
HRF-0108,HRF-0108,2019-03-14,0,23.7104,90.40744,34.05,16.98,0.0,1.87,34.03,33.45,30.51,37.1765,37.730999999999995,38.36,-3.6809999999999974,0.0,0.0,0.0,0.0,0.0,0.0,0.0,completed,NASA_POWER_MERRA2_GEOS_IT,v2.9.7,LST,False
HRF-0108,HRF-0108,2019-03-21,0,23.7104,90.40744,34.2,19.84,1.39,4.09,31.91,32.21,31.41,37.1765,37.730999999999995,38.36,-3.5309999999999917,0.0,0.0,0.0,0.0,0.0,0.0,0.0,completed,NASA_POWER_MERRA2_GEOS_IT,v2.9.7,LST,False
HRF-0145,HRF-0145,2024-02-29,1,23.7104,90.40744,29.12,14.07,0.0,2.09,28.45,28.79,28.16,32.1095,32.633,33.692499999999995,-3.5130000000000017,0.0,0.0,0.0,0.0,0.0,0.0,0.0,completed,NASA_POWER_MERRA2_GEOS_IT,v2.9.7,LST,False
HRF-0145,HRF-0145,2024-02-01,0,23.7104,90.40744,24.28,16.63,1.51,1.79,24.93,23.81,23.07,32.1095,32.633,33.692499999999995,-8.353000000000002,0.0,0.0,0.0,0.0,0.0,0.0,0.0,completed,NASA_POWER_MERRA2_GEOS_IT,v2.9.7,LST,False
HRF-0145,HRF-0145,2024-02-08,0,23.7104,90.40744,23.64,9.03,0.0,2.12,25.32,26.48,26.14,32.1095,32.633,33.692499999999995,-8.993000000000002,0.0,0.0,0.0,0.0,0.0,0.0,0.0,completed,NASA_POWER_MERRA2_GEOS_IT,v2.9.7,LST,False
HRF-0145,HRF-0145,2024-02-15,0,23.7104,90.40744,27.86,16.47,0.51,2.41,27.92,27.92,26.38,32.1095,32.633,33.692499999999995,-4.773000000000003,0.0,0.0,0.0,0.0,0.0,0.0,0.0,completed,NASA_POWER_MERRA2_GEOS_IT,v2.9.7,LST,False
HRF-0145,HRF-0145,2024-02-22,0,23.7104,90.40744,31.04,20.6,14.09,3.61,31.52,29.39,27.58,32.1095,32.633,33.692499999999995,-1.5930000000000035,0.0,0.0,0.0,0.0,0.0,0.0,0.0,completed,NASA_POWER_MERRA2_GEOS_IT,v2.9.7,LST,False
HRF-0032,HRF-0032,2009-07-03,1,51.4745,-0.0876,24.27,14.92,4.66,4.0,27.87,28.0,27.71,25.63,26.441000000000003,27.7455,-2.171000000000003,0.0,0.0,0.0,0.0,0.0,0.0,0.0,completed,NASA_POWER_MERRA2_GEOS_IT,v2.9.7,LST,False
HRF-0032,HRF-0032,2009-07-10,0,51.4745,-0.0876,21.36,9.11,0.16,4.95,19.1,18.55,18.55,25.63,26.441000000000003,27.7455,-5.081000000000003,0.0,0.0,0.0,0.0,0.0,0.0,0.0,completed,NASA_POWER_MERRA2_GEOS_IT,v2.9.7,LST,False
HRF-0032,HRF-0032,2009-07-17,0,51.4745,-0.0876,19.78,13.14,9.3,5.46,22.49,22.16,21.42,25.63,26.441000000000003,27.7455,-6.661000000000001,0.0,0.0,0.0,0.0,0.0,0.0,0.0,completed,NASA_POWER_MERRA2_GEOS_IT,v2.9.7,LST,False
HRF-0032,HRF-0032,2009-07-24,0,51.4745,-0.0876,18.99,11.67,4.8,5.91,21.43,21.3,22.45,25.63,26.441000000000003,27.7455,-7.451000000000004,0.0,0.0,0.0,0.0,0.0,0.0,0.0,completed,NASA_POWER_MERRA2_GEOS_IT,v2.9.7,LST,False
HRF-0032,HRF-0032,2009-07-31,0,51.4745,-0.0876,20.92,9.72,0.01,3.43,18.5,21.57,20.78,25.63,26.441000000000003,27.7455,-5.521000000000001,0.0,0.0,0.0,0.0,0.0,0.0,0.0,completed,NASA_POWER_MERRA2_GEOS_IT,v2.9.7,LST,False
HRF-0033,HRF-0033,2009-08-15,1,48.1035,20.7784,27.52,11.9,0.0,1.5,23.3,25.6,27.67,31.903,33.303,34.801,-5.782999999999998,0.0,0.0,0.0,0.0,0.0,0.0,0.0,completed,NASA_POWER_MERRA2_GEOS_IT,v2.9.7,LST,False
HRF-0033,HRF-0033,2009-08-01,0,48.1035,20.7784,30.29,13.54,0.39,2.71,30.83,31.5,29.05,31.903,33.303,34.801,-3.012999999999998,0.0,0.0,0.0,0.0,0.0,0.0,0.0,completed,NASA_POWER_MERRA2_GEOS_IT,v2.9.7,LST,False
HRF-0033,HRF-0033,2009-08-08,0,48.1035,20.7784,26.62,10.02,0.0,3.71,27.66,24.27,22.71,31.903,33.303,34.801,-6.682999999999996,0.0,0.0,0.0,0.0,0.0,0.0,0.0,completed,NASA_POWER_MERRA2_GEOS_IT,v2.9.7,LST,False
HRF-0033,HRF-0033,2009-08-22,0,48.1035,20.7784,29.91,12.64,1.12,2.59,31.36,28.66,28.17,31.903,33.303,34.801,-3.392999999999997,0.0,0.0,0.0,0.0,0.0,0.0,0.0,completed,NASA_POWER_MERRA2_GEOS_IT,v2.9.7,LST,False
HRF-0033,HRF-0033,2009-08-29,0,48.1035,20.7784,31.21,14.38,3.43,3.52,31.73,30.83,30.92,31.903,33.303,34.801,-2.0929999999999964,0.0,0.0,0.0,0.0,0.0,0.0,0.0,completed,NASA_POWER_MERRA2_GEOS_IT,v2.9.7,LST,False
HRF-0035,HRF-0035,2010-07-06,1,25.3342,55.41221,40.07,22.34,0.0,3.08,40.02,40.21,39.84,42.31,42.703,43.3055,-2.6330000000000027,0.0,0.0,0.0,0.0,0.0,0.0,0.0,completed,NASA_POWER_MERRA2_GEOS_IT,v2.9.7,LST,False
HRF-0035,HRF-0035,2010-07-13,0,25.3342,55.41221,39.35,22.53,0.0,3.62,40.26,39.56,38.2,42.31,42.703,43.3055,-3.3530000000000015,0.0,0.0,0.0,0.0,0.0,0.0,0.0,completed,NASA_POWER_MERRA2_GEOS_IT,v2.9.7,LST,False
HRF-0035,HRF-0035,2010-07-20,0,25.3342,55.41221,40.6,25.3,0.0,2.97,41.56,42.22,42.41,42.31,42.703,43.3055,-2.1030000000000015,0.0,0.0,0.0,0.0,0.0,0.0,0.0,completed,NASA_POWER_MERRA2_GEOS_IT,v2.9.7,LST,False
HRF-0035,HRF-0035,2010-07-27,0,25.3342,55.41221,40.07,24.7,0.0,2.33,37.61,38.77,40.33,42.31,42.703,43.3055,-2.6330000000000027,0.0,0.0,0.0,0.0,0.0,0.0,0.0,completed,NASA_POWER_MERRA2_GEOS_IT,v2.9.7,LST,False
HRF-0043,HRF-0043,2012-01-18,1,25.3342,55.41221,22.58,7.62,0.0,4.81,20.93,21.99,22.04,26.02,26.52,27.2455,-3.9400000000000013,0.0,0.0,0.0,0.0,0.0,0.0,0.0,completed,NASA_POWER_MERRA2_GEOS_IT,v2.9.7,LST,False
HRF-0043,HRF-0043,2012-01-04,0,25.3342,55.41221,22.94,13.12,0.0,6.96,25.69,25.41,25.74,26.02,26.52,27.2455,-3.5799999999999983,0.0,0.0,0.0,0.0,0.0,0.0,0.0,completed,NASA_POWER_MERRA2_GEOS_IT,v2.9.7,LST,False
HRF-0043,HRF-0043,2012-01-11,0,25.3342,55.41221,27.42,14.18,0.0,1.84,26.85,27.22,26.65,26.02,26.52,27.2455,0.9000000000000021,0.0,0.0,0.0,0.0,0.0,0.0,1.0,completed,NASA_POWER_MERRA2_GEOS_IT,v2.9.7,LST,False
HRF-0043,HRF-0043,2012-01-25,0,25.3342,55.41221,19.9,8.07,0.0,4.64,19.66,17.99,18.69,26.02,26.52,27.2455,-6.620000000000001,0.0,0.0,0.0,0.0,0.0,0.0,0.0,completed,NASA_POWER_MERRA2_GEOS_IT,v2.9.7,LST,False
HRF-0046,HRF-0046,2012-04-28,1,25.3342,55.41221,34.94,14.43,0.0,2.4,33.75,31.6,31.24,35.34,35.951,36.61,-1.0110000000000028,0.0,0.0,0.0,0.0,0.0,0.0,0.0,completed,NASA_POWER_MERRA2_GEOS_IT,v2.9.7,LST,False
HRF-0046,HRF-0046,2012-04-07,0,25.3342,55.41221,31.86,14.87,0.0,3.71,32.01,33.17,33.98,35.34,35.951,36.61,-4.091000000000001,0.0,0.0,0.0,0.0,0.0,0.0,0.0,completed,NASA_POWER_MERRA2_GEOS_IT,v2.9.7,LST,False
HRF-0046,HRF-0046,2012-04-14,0,25.3342,55.41221,28.33,17.17,0.14,3.94,29.24,32.63,33.19,35.34,35.951,36.61,-7.621000000000002,0.0,0.0,0.0,0.0,0.0,0.0,0.0,completed,NASA_POWER_MERRA2_GEOS_IT,v2.9.7,LST,False
HRF-0046,HRF-0046,2012-04-21,0,25.3342,55.41221,29.9,14.13,0.0,3.17,30.14,28.16,30.18,35.34,35.951,36.61,-6.051000000000002,0.0,0.0,0.0,0.0,0.0,0.0,0.0,completed,NASA_POWER_MERRA2_GEOS_IT,v2.9.7,LST,False
HRF-0055,HRF-0055,2013-04-22,1,25.3342,55.41221,31.5,14.67,0.01,5.28,36.26,35.1,34.47,35.34,35.951,36.61,-4.4510000000000005,0.0,0.0,0.0,0.0,0.0,0.0,0.0,completed,NASA_POWER_MERRA2_GEOS_IT,v2.9.7,LST,False
HRF-0055,HRF-0055,2013-04-01,0,25.3342,55.41221,29.93,17.64,0.06,4.98,30.14,29.32,28.68,35.34,35.951,36.61,-6.021000000000001,0.0,0.0,0.0,0.0,0.0,0.0,0.0,completed,NASA_POWER_MERRA2_GEOS_IT,v2.9.7,LST,False
HRF-0055,HRF-0055,2013-04-08,0,25.3342,55.41221,27.04,13.86,0.08,2.94,24.74,33.64,32.35,35.34,35.951,36.61,-8.911000000000001,0.0,0.0,0.0,0.0,0.0,0.0,0.0,completed,NASA_POWER_MERRA2_GEOS_IT,v2.9.7,LST,False
HRF-0055,HRF-0055,2013-04-15,0,25.3342,55.41221,34.44,12.59,0.0,2.82,34.67,33.9,33.22,35.34,35.951,36.61,-1.5110000000000028,0.0,0.0,0.0,0.0,0.0,0.0,0.0,completed,NASA_POWER_MERRA2_GEOS_IT,v2.9.7,LST,False
HRF-0055,HRF-0055,2013-04-29,0,25.3342,55.41221,30.33,16.91,0.1,2.88,27.94,26.68,28.15,35.34,35.951,36.61,-5.621000000000002,0.0,0.0,0.0,0.0,0.0,0.0,0.0,completed,NASA_POWER_MERRA2_GEOS_IT,v2.9.7,LST,False
HRF-0072,HRF-0072,2015-10-01,1,25.3342,55.41221,36.48,16.36,0.0,3.25,37.94,38.63,36.94,36.796499999999995,37.101,37.7155,-0.6210000000000022,0.0,0.0,0.0,0.0,0.0,0.0,0.0,completed,NASA_POWER_MERRA2_GEOS_IT,v2.9.7,LST,False
HRF-0072,HRF-0072,2015-10-08,0,25.3342,55.41221,37.22,18.84,0.0,2.94,38.59,38.09,37.72,36.796499999999995,37.101,37.7155,0.11899999999999977,1.0,1.0,1.0,1.0,1.0,0.0,1.0,completed,NASA_POWER_MERRA2_GEOS_IT,v2.9.7,LST,False
HRF-0072,HRF-0072,2015-10-15,0,25.3342,55.41221,35.8,20.86,0.04,4.76,36.55,36.05,36.66,36.796499999999995,37.101,37.7155,-1.301000000000002,0.0,0.0,0.0,0.0,0.0,0.0,0.0,completed,NASA_POWER_MERRA2_GEOS_IT,v2.9.7,LST,False
HRF-0072,HRF-0072,2015-10-22,0,25.3342,55.41221,35.97,17.61,0.01,3.47,36.03,33.5,34.62,36.796499999999995,37.101,37.7155,-1.1310000000000002,0.0,0.0,0.0,0.0,0.0,0.0,0.0,completed,NASA_POWER_MERRA2_GEOS_IT,v2.9.7,LST,False
HRF-0072,HRF-0072,2015-10-29,0,25.3342,55.41221,33.99,16.43,0.0,4.56,34.79,34.88,35.2,36.796499999999995,37.101,37.7155,-3.110999999999997,0.0,0.0,0.0,0.0,0.0,0.0,0.0,completed,NASA_POWER_MERRA2_GEOS_IT,v2.9.7,LST,False
HRF-0084,HRF-0084,2016-12-01,1,25.3342,55.41221,28.29,17.34,0.0,3.21,28.06,27.88,27.3,28.122999999999998,28.563,29.3065,-0.2729999999999997,0.0,0.0,0.0,0.0,0.0,0.0,0.0,completed,NASA_POWER_MERRA2_GEOS_IT,v2.9.7,LST,False
HRF-0084,HRF-0084,2016-12-08,0,25.3342,55.41221,27.09,19.55,0.0,4.65,28.23,30.73,31.99,28.122999999999998,28.563,29.3065,-1.472999999999999,0.0,0.0,0.0,0.0,0.0,0.0,0.0,completed,NASA_POWER_MERRA2_GEOS_IT,v2.9.7,LST,False
HRF-0084,HRF-0084,2016-12-15,0,25.3342,55.41221,26.21,13.33,0.0,2.35,24.58,25.29,23.7,28.122999999999998,28.563,29.3065,-2.352999999999998,0.0,0.0,0.0,0.0,0.0,0.0,0.0,completed,NASA_POWER_MERRA2_GEOS_IT,v2.9.7,LST,False
HRF-0084,HRF-0084,2016-12-22,0,25.3342,55.41221,26.59,16.62,0.0,2.76,26.16,26.13,25.01,28.122999999999998,28.563,29.3065,-1.972999999999999,0.0,0.0,0.0,0.0,0.0,0.0,0.0,completed,NASA_POWER_MERRA2_GEOS_IT,v2.9.7,LST,False
HRF-0084,HRF-0084,2016-12-29,0,25.3342,55.41221,27.09,18.43,0.01,2.53,27.55,28.33,29.38,28.122999999999998,28.563,29.3065,-1.472999999999999,0.0,0.0,0.0,0.0,0.0,0.0,0.0,completed,NASA_POWER_MERRA2_GEOS_IT,v2.9.7,LST,False
HRF-0118,HRF-0118,2020-05-05,1,25.3342,55.41221,34.16,17.19,0.87,3.22,33.83,35.97,35.32,38.85,39.472,40.400999999999996,-5.312000000000005,0.0,0.0,0.0,0.0,0.0,0.0,0.0,completed,NASA_POWER_MERRA2_GEOS_IT,v2.9.7,LST,False
HRF-0118,HRF-0118,2020-05-12,0,25.3342,55.41221,33.37,19.26,0.0,9.03,35.99,36.65,34.86,38.85,39.472,40.400999999999996,-6.102000000000004,0.0,0.0,0.0,0.0,0.0,0.0,0.0,completed,NASA_POWER_MERRA2_GEOS_IT,v2.9.7,LST,False
HRF-0118,HRF-0118,2020-05-19,0,25.3342,55.41221,38.08,17.17,0.0,2.72,37.34,37.67,38.2,38.85,39.472,40.400999999999996,-1.392000000000003,0.0,0.0,0.0,0.0,0.0,0.0,0.0,completed,NASA_POWER_MERRA2_GEOS_IT,v2.9.7,LST,False
HRF-0118,HRF-0118,2020-05-26,0,25.3342,55.41221,37.07,19.31,0.09,2.8,38.34,39.52,37.85,38.85,39.472,40.400999999999996,-2.402000000000001,0.0,0.0,0.0,0.0,0.0,0.0,0.0,completed,NASA_POWER_MERRA2_GEOS_IT,v2.9.7,LST,False
HRF-0036,HRF-0036,2010-10-01,1,35.10168,129.03004,22.19,14.28,0.0,3.96,22.29,20.53,21.11,22.8965,23.401,24.17,-1.2109999999999985,0.0,0.0,0.0,0.0,0.0,0.0,0.0,completed,NASA_POWER_MERRA2_GEOS_IT,v2.9.7,LST,False
HRF-0036,HRF-0036,2010-10-08,0,35.10168,129.03004,20.61,16.0,4.78,3.55,21.82,21.22,19.55,22.8965,23.401,24.17,-2.7910000000000004,0.0,0.0,0.0,0.0,0.0,0.0,0.0,completed,NASA_POWER_MERRA2_GEOS_IT,v2.9.7,LST,False
HRF-0036,HRF-0036,2010-10-15,0,35.10168,129.03004,18.18,8.94,0.0,5.44,20.39,22.4,22.73,22.8965,23.401,24.17,-5.221,0.0,0.0,0.0,0.0,0.0,0.0,0.0,completed,NASA_POWER_MERRA2_GEOS_IT,v2.9.7,LST,False
HRF-0036,HRF-0036,2010-10-22,0,35.10168,129.03004,19.74,13.09,0.0,7.07,21.05,20.32,21.32,22.8965,23.401,24.17,-3.6610000000000014,0.0,0.0,0.0,0.0,0.0,0.0,0.0,completed,NASA_POWER_MERRA2_GEOS_IT,v2.9.7,LST,False
HRF-0036,HRF-0036,2010-10-29,0,35.10168,129.03004,16.86,7.8,0.0,7.94,15.21,13.71,10.33,22.8965,23.401,24.17,-6.541,0.0,0.0,0.0,0.0,0.0,0.0,0.0,completed,NASA_POWER_MERRA2_GEOS_IT,v2.9.7,LST,False
HRF-0037,HRF-0037,2010-10-14,1,47.31344,5.01391,13.08,4.07,0.04,3.73,13.77,15.75,15.17,19.62,20.411,21.3555,-7.331000000000001,0.0,0.0,0.0,0.0,0.0,0.0,0.0,completed,NASA_POWER_MERRA2_GEOS_IT,v2.9.7,LST,False
HRF-0037,HRF-0037,2010-10-07,0,47.31344,5.01391,20.68,11.72,0.14,3.24,20.73,17.75,20.02,19.62,20.411,21.3555,0.26899999999999835,0.0,0.0,0.0,0.0,0.0,0.0,0.0,completed,NASA_POWER_MERRA2_GEOS_IT,v2.9.7,LST,False
HRF-0037,HRF-0037,2010-10-21,0,47.31344,5.01391,8.8,-1.5,0.02,1.19,8.17,9.28,10.46,19.62,20.411,21.3555,-11.611,0.0,0.0,0.0,0.0,0.0,0.0,0.0,completed,NASA_POWER_MERRA2_GEOS_IT,v2.9.7,LST,False
HRF-0037,HRF-0037,2010-10-28,0,47.31344,5.01391,12.75,1.23,0.11,2.19,11.16,10.2,8.0,19.62,20.411,21.3555,-7.661000000000001,0.0,0.0,0.0,0.0,0.0,0.0,0.0,completed,NASA_POWER_MERRA2_GEOS_IT,v2.9.7,LST,False
HRF-0038,HRF-0038,2010-11-14,1,47.322,5.009,17.09,9.18,9.8,6.94,15.19,14.2,10.65,12.953,14.052000000000001,15.192499999999997,3.0379999999999985,0.0,0.0,0.0,0.0,0.0,0.0,1.0,completed,NASA_POWER_MERRA2_GEOS_IT,v2.9.7,LST,False
HRF-0038,HRF-0038,2010-11-07,0,47.322,5.009,10.16,5.17,9.45,3.82,13.28,14.65,17.2,12.953,14.052000000000001,15.192499999999997,-3.8920000000000012,0.0,0.0,0.0,0.0,0.0,0.0,0.0,completed,NASA_POWER_MERRA2_GEOS_IT,v2.9.7,LST,False
HRF-0038,HRF-0038,2010-11-21,0,47.322,5.009,5.19,2.39,1.42,2.92,8.58,9.33,7.45,12.953,14.052000000000001,15.192499999999997,-8.862000000000002,0.0,0.0,0.0,0.0,0.0,0.0,0.0,completed,NASA_POWER_MERRA2_GEOS_IT,v2.9.7,LST,False
HRF-0038,HRF-0038,2010-11-28,0,47.322,5.009,1.77,-2.22,1.26,2.16,-0.92,0.14,1.13,12.953,14.052000000000001,15.192499999999997,-12.282000000000002,0.0,0.0,0.0,0.0,0.0,0.0,0.0,completed,NASA_POWER_MERRA2_GEOS_IT,v2.9.7,LST,False
HRF-0040,HRF-0040,2011-02-03,1,41.79222,123.43278,-1.95,-12.85,0.01,3.32,-3.42,-2.15,-0.53,4.83,5.72,7.185999999999999,-7.67,0.0,0.0,0.0,0.0,0.0,0.0,0.0,completed,NASA_POWER_MERRA2_GEOS_IT,v2.9.7,LST,False
HRF-0040,HRF-0040,2011-02-10,0,41.79222,123.43278,-7.67,-17.88,0.0,3.56,-7.73,-3.05,-1.22,4.83,5.72,7.185999999999999,-13.39,0.0,0.0,0.0,0.0,0.0,0.0,0.0,completed,NASA_POWER_MERRA2_GEOS_IT,v2.9.7,LST,False
HRF-0040,HRF-0040,2011-02-17,0,41.79222,123.43278,0.13,-10.04,0.03,4.55,2.23,1.22,-7.73,4.83,5.72,7.185999999999999,-5.59,0.0,0.0,0.0,0.0,0.0,0.0,0.0,completed,NASA_POWER_MERRA2_GEOS_IT,v2.9.7,LST,False
HRF-0040,HRF-0040,2011-02-24,0,41.79222,123.43278,0.49,-11.6,1.38,6.09,7.47,7.83,6.18,4.83,5.72,7.185999999999999,-5.2299999999999995,0.0,0.0,0.0,0.0,0.0,0.0,0.0,completed,NASA_POWER_MERRA2_GEOS_IT,v2.9.7,LST,False
HRF-0041,HRF-0041,2011-12-15,1,21.0245,105.84117,19.75,10.47,0.03,3.16,21.64,20.26,18.39,26.139499999999998,27.061,28.000999999999998,-7.311,0.0,0.0,0.0,0.0,0.0,0.0,0.0,completed,NASA_POWER_MERRA2_GEOS_IT,v2.9.7,LST,False
HRF-0041,HRF-0041,2011-12-01,0,21.0245,105.84117,19.5,10.98,20.85,4.95,26.12,26.98,27.37,26.139499999999998,27.061,28.000999999999998,-7.561,0.0,0.0,0.0,0.0,0.0,0.0,0.0,completed,NASA_POWER_MERRA2_GEOS_IT,v2.9.7,LST,False
HRF-0041,HRF-0041,2011-12-08,0,21.0245,105.84117,18.6,11.21,3.38,3.98,20.28,23.07,23.96,26.139499999999998,27.061,28.000999999999998,-8.460999999999999,0.0,0.0,0.0,0.0,0.0,0.0,0.0,completed,NASA_POWER_MERRA2_GEOS_IT,v2.9.7,LST,False
HRF-0041,HRF-0041,2011-12-22,0,21.0245,105.84117,19.62,9.88,0.0,2.86,22.69,21.32,19.77,26.139499999999998,27.061,28.000999999999998,-7.440999999999999,0.0,0.0,0.0,0.0,0.0,0.0,0.0,completed,NASA_POWER_MERRA2_GEOS_IT,v2.9.7,LST,False
HRF-0041,HRF-0041,2011-12-29,0,21.0245,105.84117,21.21,14.14,0.03,2.05,19.94,19.3,18.2,26.139499999999998,27.061,28.000999999999998,-5.850999999999999,0.0,0.0,0.0,0.0,0.0,0.0,0.0,completed,NASA_POWER_MERRA2_GEOS_IT,v2.9.7,LST,False
HRF-0141,HRF-0141,2023-09-12,1,21.0245,105.84117,31.21,25.52,13.38,1.21,32.45,32.02,31.58,32.17,32.55,33.0005,-1.3399999999999963,0.0,0.0,0.0,0.0,0.0,0.0,0.0,completed,NASA_POWER_MERRA2_GEOS_IT,v2.9.7,LST,False
HRF-0141,HRF-0141,2023-09-05,0,21.0245,105.84117,32.36,24.43,0.2,2.63,29.85,31.03,32.05,32.17,32.55,33.0005,-0.18999999999999773,0.0,0.0,0.0,0.0,0.0,0.0,0.0,completed,NASA_POWER_MERRA2_GEOS_IT,v2.9.7,LST,False
HRF-0141,HRF-0141,2023-09-19,0,21.0245,105.84117,30.95,25.21,1.92,2.28,29.24,30.56,28.84,32.17,32.55,33.0005,-1.5999999999999979,0.0,0.0,0.0,0.0,0.0,0.0,0.0,completed,NASA_POWER_MERRA2_GEOS_IT,v2.9.7,LST,False
HRF-0141,HRF-0141,2023-09-26,0,21.0245,105.84117,28.31,24.99,52.02,4.25,30.06,31.96,32.06,32.17,32.55,33.0005,-4.239999999999998,0.0,0.0,0.0,0.0,0.0,0.0,0.0,completed,NASA_POWER_MERRA2_GEOS_IT,v2.9.7,LST,False
HRF-0042,HRF-0042,2012-01-18,1,3.1412,101.68653,29.7,23.12,6.95,1.21,28.52,28.84,28.26,29.88,30.131,30.5255,-0.43100000000000094,0.0,0.0,0.0,0.0,0.0,0.0,0.0,completed,NASA_POWER_MERRA2_GEOS_IT,v2.9.7,LST,False
HRF-0042,HRF-0042,2012-01-04,0,3.1412,101.68653,29.05,21.99,0.1,2.31,29.21,30.15,29.13,29.88,30.131,30.5255,-1.0809999999999995,0.0,0.0,0.0,0.0,0.0,0.0,0.0,completed,NASA_POWER_MERRA2_GEOS_IT,v2.9.7,LST,False
HRF-0042,HRF-0042,2012-01-11,0,3.1412,101.68653,28.57,22.63,12.76,1.75,26.96,27.25,26.94,29.88,30.131,30.5255,-1.561,0.0,0.0,0.0,0.0,0.0,0.0,0.0,completed,NASA_POWER_MERRA2_GEOS_IT,v2.9.7,LST,False
HRF-0042,HRF-0042,2012-01-25,0,3.1412,101.68653,29.7,21.66,19.19,1.54,28.55,25.63,27.14,29.88,30.131,30.5255,-0.43100000000000094,0.0,0.0,0.0,0.0,0.0,0.0,0.0,completed,NASA_POWER_MERRA2_GEOS_IT,v2.9.7,LST,False
HRF-0044,HRF-0044,2012-03-03,1,13.75398,100.50144,38.61,20.67,0.11,4.2,38.92,38.66,37.13,39.6125,39.991,40.611,-1.3810000000000002,0.0,0.0,0.0,0.0,0.0,0.0,0.0,completed,NASA_POWER_MERRA2_GEOS_IT,v2.9.7,LST,False
HRF-0044,HRF-0044,2012-03-10,0,13.75398,100.50144,35.33,22.84,6.69,2.82,38.03,35.66,38.12,39.6125,39.991,40.611,-4.661000000000001,0.0,0.0,0.0,0.0,0.0,0.0,0.0,completed,NASA_POWER_MERRA2_GEOS_IT,v2.9.7,LST,False
HRF-0044,HRF-0044,2012-03-17,0,13.75398,100.50144,36.87,21.95,0.07,3.75,35.32,33.03,34.05,39.6125,39.991,40.611,-3.121000000000002,0.0,0.0,0.0,0.0,0.0,0.0,0.0,completed,NASA_POWER_MERRA2_GEOS_IT,v2.9.7,LST,False
HRF-0044,HRF-0044,2012-03-24,0,13.75398,100.50144,36.62,20.84,2.12,3.29,39.91,39.06,39.04,39.6125,39.991,40.611,-3.371000000000002,0.0,0.0,0.0,0.0,0.0,0.0,0.0,completed,NASA_POWER_MERRA2_GEOS_IT,v2.9.7,LST,False
HRF-0044,HRF-0044,2012-03-31,0,13.75398,100.50144,36.76,21.07,3.78,1.53,38.4,38.98,37.76,39.6125,39.991,40.611,-3.2310000000000016,0.0,0.0,0.0,0.0,0.0,0.0,0.0,completed,NASA_POWER_MERRA2_GEOS_IT,v2.9.7,LST,False
HRF-0047,HRF-0047,2012-05-14,1,50.6927,3.1746,16.76,3.92,1.94,4.44,15.13,14.14,17.2,22.486,23.571,24.8565,-6.811,0.0,0.0,0.0,0.0,0.0,0.0,0.0,completed,NASA_POWER_MERRA2_GEOS_IT,v2.9.7,LST,False
HRF-0047,HRF-0047,2012-05-07,0,50.6927,3.1746,16.62,7.2,0.32,2.97,12.82,10.69,16.95,22.486,23.571,24.8565,-6.9510000000000005,0.0,0.0,0.0,0.0,0.0,0.0,0.0,completed,NASA_POWER_MERRA2_GEOS_IT,v2.9.7,LST,False
HRF-0047,HRF-0047,2012-05-21,0,50.6927,3.1746,18.98,10.75,0.37,6.36,18.55,19.9,18.05,22.486,23.571,24.8565,-4.591000000000001,0.0,0.0,0.0,0.0,0.0,0.0,0.0,completed,NASA_POWER_MERRA2_GEOS_IT,v2.9.7,LST,False
HRF-0047,HRF-0047,2012-05-28,0,50.6927,3.1746,25.09,13.33,0.01,2.56,25.24,24.11,24.34,22.486,23.571,24.8565,1.5189999999999984,0.0,0.0,0.0,0.0,0.0,0.0,1.0,completed,NASA_POWER_MERRA2_GEOS_IT,v2.9.7,LST,False
HRF-0048,HRF-0048,2012-07-17,1,41.01384,28.94966,29.56,19.52,0.0,9.29,34.19,33.04,32.15,30.743,31.332,32.391,-1.772000000000002,0.0,0.0,0.0,0.0,0.0,0.0,0.0,completed,NASA_POWER_MERRA2_GEOS_IT,v2.9.7,LST,False
HRF-0048,HRF-0048,2012-07-03,0,41.01384,28.94966,27.82,16.17,0.0,5.78,27.24,26.83,27.58,30.743,31.332,32.391,-3.5120000000000005,0.0,0.0,0.0,0.0,0.0,0.0,0.0,completed,NASA_POWER_MERRA2_GEOS_IT,v2.9.7,LST,False
HRF-0048,HRF-0048,2012-07-10,0,41.01384,28.94966,32.81,18.23,0.0,2.16,30.55,29.17,31.29,30.743,31.332,32.391,1.4780000000000015,0.0,0.0,0.0,0.0,0.0,0.0,0.0,completed,NASA_POWER_MERRA2_GEOS_IT,v2.9.7,LST,False
HRF-0048,HRF-0048,2012-07-24,0,41.01384,28.94966,31.52,22.24,0.0,5.15,30.68,30.6,29.69,30.743,31.332,32.391,0.18799999999999883,0.0,0.0,0.0,0.0,0.0,0.0,0.0,completed,NASA_POWER_MERRA2_GEOS_IT,v2.9.7,LST,False
HRF-0048,HRF-0048,2012-07-31,0,41.01384,28.94966,30.95,19.52,0.06,7.4,32.59,32.12,32.14,30.743,31.332,32.391,-0.38200000000000145,0.0,1.0,0.0,0.0,0.0,0.0,0.0,completed,NASA_POWER_MERRA2_GEOS_IT,v2.9.7,LST,False
HRF-0096,HRF-0096,2018-04-05,1,41.01384,28.94966,20.09,6.7,0.0,1.47,17.48,14.75,14.65,19.66,20.69,22.0915,-0.6000000000000014,0.0,0.0,0.0,0.0,0.0,0.0,0.0,completed,NASA_POWER_MERRA2_GEOS_IT,v2.9.7,LST,False
HRF-0096,HRF-0096,2018-04-12,0,41.01384,28.94966,21.41,12.42,0.05,2.42,19.24,18.71,15.66,19.66,20.69,22.0915,0.7199999999999989,0.0,0.0,0.0,0.0,0.0,0.0,0.0,completed,NASA_POWER_MERRA2_GEOS_IT,v2.9.7,LST,False
HRF-0096,HRF-0096,2018-04-19,0,41.01384,28.94966,18.33,9.43,0.0,4.35,16.46,16.88,18.45,19.66,20.69,22.0915,-2.360000000000003,0.0,0.0,0.0,0.0,0.0,0.0,0.0,completed,NASA_POWER_MERRA2_GEOS_IT,v2.9.7,LST,False
HRF-0096,HRF-0096,2018-04-26,0,41.01384,28.94966,24.23,12.26,0.02,2.72,24.55,24.43,22.53,19.66,20.69,22.0915,3.539999999999999,0.0,0.0,0.0,0.0,0.0,0.0,1.0,completed,NASA_POWER_MERRA2_GEOS_IT,v2.9.7,LST,False
HRF-0135,HRF-0135,2022-10-15,1,41.01384,28.94966,18.8,13.52,8.06,10.26,19.14,21.05,19.22,23.512999999999998,24.333,25.7,-5.532999999999998,0.0,0.0,0.0,0.0,0.0,0.0,0.0,completed,NASA_POWER_MERRA2_GEOS_IT,v2.9.7,LST,False
HRF-0135,HRF-0135,2022-10-01,0,41.01384,28.94966,27.6,15.97,0.0,3.13,27.57,27.49,26.81,23.512999999999998,24.333,25.7,3.267000000000003,0.0,0.0,0.0,0.0,0.0,0.0,1.0,completed,NASA_POWER_MERRA2_GEOS_IT,v2.9.7,LST,False
HRF-0135,HRF-0135,2022-10-08,0,41.01384,28.94966,21.02,13.95,3.65,6.98,20.83,20.64,20.14,23.512999999999998,24.333,25.7,-3.312999999999999,0.0,0.0,0.0,0.0,0.0,0.0,0.0,completed,NASA_POWER_MERRA2_GEOS_IT,v2.9.7,LST,False
HRF-0135,HRF-0135,2022-10-22,0,41.01384,28.94966,18.89,6.03,0.0,2.76,16.86,19.05,18.56,23.512999999999998,24.333,25.7,-5.442999999999998,0.0,0.0,0.0,0.0,0.0,0.0,0.0,completed,NASA_POWER_MERRA2_GEOS_IT,v2.9.7,LST,False
HRF-0135,HRF-0135,2022-10-29,0,41.01384,28.94966,18.81,10.86,0.0,6.06,18.91,20.54,21.35,23.512999999999998,24.333,25.7,-5.523,0.0,0.0,0.0,0.0,0.0,0.0,0.0,completed,NASA_POWER_MERRA2_GEOS_IT,v2.9.7,LST,False
HRF-0049,HRF-0049,2012-09-06,1,-33.9173,151.0359,22.56,9.5,0.25,4.68,22.96,21.2,19.98,22.4415,23.23,24.632499999999997,-0.6700000000000017,0.0,0.0,0.0,0.0,0.0,0.0,0.0,completed,NASA_POWER_MERRA2_GEOS_IT,v2.9.7,LST,False
HRF-0049,HRF-0049,2012-09-13,0,-33.9173,151.0359,20.6,9.32,3.66,5.3,20.64,18.99,20.88,22.4415,23.23,24.632499999999997,-2.629999999999999,0.0,0.0,0.0,0.0,0.0,0.0,0.0,completed,NASA_POWER_MERRA2_GEOS_IT,v2.9.7,LST,False
HRF-0049,HRF-0049,2012-09-20,0,-33.9173,151.0359,19.97,11.73,0.01,2.51,19.32,19.54,17.21,22.4415,23.23,24.632499999999997,-3.2600000000000016,0.0,0.0,0.0,0.0,0.0,0.0,0.0,completed,NASA_POWER_MERRA2_GEOS_IT,v2.9.7,LST,False
HRF-0049,HRF-0049,2012-09-27,0,-33.9173,151.0359,22.94,13.6,0.11,4.31,19.55,18.22,20.18,22.4415,23.23,24.632499999999997,-0.28999999999999915,0.0,0.0,0.0,0.0,0.0,0.0,0.0,completed,NASA_POWER_MERRA2_GEOS_IT,v2.9.7,LST,False
HRF-0053,HRF-0053,2013-01-31,1,19.438,-99.174,23.32,-0.67,0.03,1.25,23.1,21.06,21.36,21.28,21.73,22.371,1.5899999999999999,0.0,0.0,0.0,0.0,0.0,0.0,0.0,completed,NASA_POWER_MERRA2_GEOS_IT,v2.9.7,LST,False
HRF-0053,HRF-0053,2013-01-03,0,19.438,-99.174,17.54,5.86,0.18,1.86,13.09,17.2,19.05,21.28,21.73,22.371,-4.190000000000001,0.0,0.0,0.0,0.0,0.0,0.0,0.0,completed,NASA_POWER_MERRA2_GEOS_IT,v2.9.7,LST,False
HRF-0053,HRF-0053,2013-01-10,0,19.438,-99.174,22.06,2.79,0.0,1.42,18.6,16.17,20.36,21.28,21.73,22.371,0.3299999999999983,0.0,0.0,0.0,0.0,0.0,0.0,0.0,completed,NASA_POWER_MERRA2_GEOS_IT,v2.9.7,LST,False
HRF-0053,HRF-0053,2013-01-17,0,19.438,-99.174,16.17,0.45,0.05,2.1,20.47,22.65,22.81,21.28,21.73,22.371,-5.559999999999999,0.0,0.0,0.0,0.0,0.0,0.0,0.0,completed,NASA_POWER_MERRA2_GEOS_IT,v2.9.7,LST,False
HRF-0053,HRF-0053,2013-01-24,0,19.438,-99.174,19.11,-0.09,0.0,2.17,18.16,17.76,11.81,21.28,21.73,22.371,-2.620000000000001,0.0,0.0,0.0,0.0,0.0,0.0,0.0,completed,NASA_POWER_MERRA2_GEOS_IT,v2.9.7,LST,False
HRF-0054,HRF-0054,2013-04-03,1,43.3169,45.6981,22.31,7.14,0.01,3.13,20.92,19.37,15.91,24.1715,25.252,27.0205,-2.942,0.0,0.0,0.0,0.0,0.0,0.0,0.0,completed,NASA_POWER_MERRA2_GEOS_IT,v2.9.7,LST,False
HRF-0054,HRF-0054,2013-04-10,0,43.3169,45.6981,16.67,7.79,0.96,3.14,19.5,33.81,24.96,24.1715,25.252,27.0205,-8.581999999999997,0.0,0.0,0.0,0.0,0.0,0.0,0.0,completed,NASA_POWER_MERRA2_GEOS_IT,v2.9.7,LST,False
HRF-0054,HRF-0054,2013-04-17,0,43.3169,45.6981,10.38,3.51,8.12,8.17,13.73,17.18,19.48,24.1715,25.252,27.0205,-14.871999999999998,0.0,0.0,0.0,0.0,0.0,0.0,0.0,completed,NASA_POWER_MERRA2_GEOS_IT,v2.9.7,LST,False
HRF-0054,HRF-0054,2013-04-24,0,43.3169,45.6981,9.76,2.54,2.44,7.28,15.44,15.59,13.43,24.1715,25.252,27.0205,-15.491999999999999,0.0,0.0,0.0,0.0,0.0,0.0,0.0,completed,NASA_POWER_MERRA2_GEOS_IT,v2.9.7,LST,False
HRF-0056,HRF-0056,2013-11-04,1,6.454,3.392,29.0,24.05,16.61,1.69,29.46,28.86,28.54,30.02,30.19,30.400499999999997,-1.1900000000000013,0.0,0.0,0.0,0.0,0.0,0.0,0.0,completed,NASA_POWER_MERRA2_GEOS_IT,v2.9.7,LST,False
HRF-0056,HRF-0056,2013-11-11,0,6.454,3.392,29.04,24.6,0.02,3.11,28.47,27.75,28.66,30.02,30.19,30.400499999999997,-1.1500000000000021,0.0,0.0,0.0,0.0,0.0,0.0,0.0,completed,NASA_POWER_MERRA2_GEOS_IT,v2.9.7,LST,False
HRF-0056,HRF-0056,2013-11-18,0,6.454,3.392,28.28,24.69,0.45,2.58,28.89,28.02,28.37,30.02,30.19,30.400499999999997,-1.9100000000000001,0.0,0.0,0.0,0.0,0.0,0.0,0.0,completed,NASA_POWER_MERRA2_GEOS_IT,v2.9.7,LST,False
HRF-0056,HRF-0056,2013-11-25,0,6.454,3.392,27.57,23.93,1.48,3.25,27.47,28.13,28.29,30.02,30.19,30.400499999999997,-2.620000000000001,0.0,0.0,0.0,0.0,0.0,0.0,0.0,completed,NASA_POWER_MERRA2_GEOS_IT,v2.9.7,LST,False
HRF-0192,HRF-0192,2025-12-24,1,6.454,3.392,29.65,24.53,0.1,2.76,29.38,30.23,28.61,30.462999999999997,30.6,30.83,-0.9500000000000028,0.0,0.0,0.0,0.0,0.0,0.0,0.0,completed,NASA_POWER_MERRA2_GEOS_IT,v2.9.7,LST,False
HRF-0192,HRF-0192,2025-12-03,0,6.454,3.392,28.98,25.24,4.05,3.42,28.82,28.72,30.14,30.462999999999997,30.6,30.83,-1.620000000000001,0.0,0.0,0.0,0.0,0.0,0.0,0.0,completed,NASA_POWER_MERRA2_GEOS_IT,v2.9.7,LST,False
HRF-0192,HRF-0192,2025-12-10,0,6.454,3.392,28.19,24.63,1.81,2.5,29.02,29.26,30.24,30.462999999999997,30.6,30.83,-2.41,0.0,0.0,0.0,0.0,0.0,0.0,0.0,completed,NASA_POWER_MERRA2_GEOS_IT,v2.9.7,LST,False
HRF-0192,HRF-0192,2025-12-17,0,6.454,3.392,29.66,24.41,2.74,2.68,29.3,29.34,29.16,30.462999999999997,30.6,30.83,-0.9400000000000013,0.0,0.0,0.0,0.0,0.0,0.0,0.0,completed,NASA_POWER_MERRA2_GEOS_IT,v2.9.7,LST,False
HRF-0192,HRF-0192,2025-12-31,0,6.454,3.392,29.7,24.43,0.09,2.5,29.91,29.86,30.16,30.462999999999997,30.6,30.83,-0.9000000000000021,0.0,0.0,0.0,0.0,0.0,0.0,0.0,completed,NASA_POWER_MERRA2_GEOS_IT,v2.9.7,LST,False
HRF-0057,HRF-0057,2013-11-12,1,10.498,-66.9017,28.15,20.6,0.33,3.37,28.22,28.15,25.51,29.133,29.511000000000003,30.12,-1.3610000000000042,0.0,0.0,0.0,0.0,0.0,0.0,0.0,completed,NASA_POWER_MERRA2_GEOS_IT,v2.9.7,LST,False
HRF-0057,HRF-0057,2013-11-05,0,10.498,-66.9017,28.04,19.83,1.01,1.68,26.78,24.27,28.1,29.133,29.511000000000003,30.12,-1.4710000000000036,0.0,0.0,0.0,0.0,0.0,0.0,0.0,completed,NASA_POWER_MERRA2_GEOS_IT,v2.9.7,LST,False
HRF-0057,HRF-0057,2013-11-19,0,10.498,-66.9017,29.25,19.51,0.0,1.28,28.53,28.45,28.65,29.133,29.511000000000003,30.12,-0.2610000000000028,0.0,0.0,0.0,0.0,0.0,0.0,0.0,completed,NASA_POWER_MERRA2_GEOS_IT,v2.9.7,LST,False
HRF-0057,HRF-0057,2013-11-26,0,10.498,-66.9017,26.72,20.8,3.31,3.27,26.26,28.01,27.68,29.133,29.511000000000003,30.12,-2.791000000000004,0.0,0.0,0.0,0.0,0.0,0.0,0.0,completed,NASA_POWER_MERRA2_GEOS_IT,v2.9.7,LST,False
HRF-0058,HRF-0058,2013-12-15,1,23.11667,113.25,15.47,11.18,29.9,5.57,18.4,17.81,20.67,26.2795,27.232,28.011,-11.761999999999999,0.0,0.0,0.0,0.0,0.0,0.0,0.0,completed,NASA_POWER_MERRA2_GEOS_IT,v2.9.7,LST,False
HRF-0058,HRF-0058,2013-12-01,0,23.11667,113.25,22.59,3.99,0.0,3.75,20.06,18.62,19.67,26.2795,27.232,28.011,-4.6419999999999995,0.0,0.0,0.0,0.0,0.0,0.0,0.0,completed,NASA_POWER_MERRA2_GEOS_IT,v2.9.7,LST,False
HRF-0058,HRF-0058,2013-12-08,0,23.11667,113.25,24.95,12.17,0.0,2.03,23.43,22.54,22.82,26.2795,27.232,28.011,-2.282,0.0,0.0,0.0,0.0,0.0,0.0,0.0,completed,NASA_POWER_MERRA2_GEOS_IT,v2.9.7,LST,False
HRF-0058,HRF-0058,2013-12-22,0,23.11667,113.25,14.94,1.29,0.0,4.03,15.23,15.62,14.37,26.2795,27.232,28.011,-12.292,0.0,0.0,0.0,0.0,0.0,0.0,0.0,completed,NASA_POWER_MERRA2_GEOS_IT,v2.9.7,LST,False
HRF-0058,HRF-0058,2013-12-29,0,23.11667,113.25,15.07,-0.76,0.0,3.36,13.61,14.17,16.72,26.2795,27.232,28.011,-12.161999999999999,0.0,0.0,0.0,0.0,0.0,0.0,0.0,completed,NASA_POWER_MERRA2_GEOS_IT,v2.9.7,LST,False
HRF-0059,HRF-0059,2014-01-05,1,40.7603,-73.9954,3.78,-3.22,5.78,2.11,-4.56,-9.79,-3.33,7.0665,8.331,10.810499999999994,-4.551,0.0,0.0,0.0,0.0,0.0,0.0,0.0,completed,NASA_POWER_MERRA2_GEOS_IT,v2.9.7,LST,False
HRF-0059,HRF-0059,2014-01-12,0,40.7603,-73.9954,7.36,0.43,0.05,4.53,10.6,1.76,-1.3,7.0665,8.331,10.810499999999994,-0.9709999999999992,0.0,0.0,0.0,0.0,0.0,0.0,0.0,completed,NASA_POWER_MERRA2_GEOS_IT,v2.9.7,LST,False
HRF-0059,HRF-0059,2014-01-19,0,40.7603,-73.9954,1.08,-5.08,0.11,4.77,3.33,5.03,4.13,7.0665,8.331,10.810499999999994,-7.2509999999999994,0.0,0.0,0.0,0.0,0.0,0.0,0.0,completed,NASA_POWER_MERRA2_GEOS_IT,v2.9.7,LST,False
HRF-0059,HRF-0059,2014-01-26,0,40.7603,-73.9954,-5.49,-11.21,0.03,4.68,-3.91,-7.7,-7.95,7.0665,8.331,10.810499999999994,-13.821,0.0,0.0,0.0,0.0,0.0,0.0,0.0,completed,NASA_POWER_MERRA2_GEOS_IT,v2.9.7,LST,False
HRF-0060,HRF-0060,2014-03-14,1,40.71427,-74.00597,4.75,-3.95,0.01,7.28,-1.89,8.99,12.22,10.5865,11.359000000000002,12.857499999999998,-6.609000000000002,0.0,0.0,0.0,0.0,0.0,0.0,0.0,completed,NASA_POWER_MERRA2_GEOS_IT,v2.9.7,LST,False
HRF-0060,HRF-0060,2014-03-07,0,40.71427,-74.00597,2.36,-1.84,0.06,6.25,-1.86,2.32,-2.67,10.5865,11.359000000000002,12.857499999999998,-8.999000000000002,0.0,0.0,0.0,0.0,0.0,0.0,0.0,completed,NASA_POWER_MERRA2_GEOS_IT,v2.9.7,LST,False
HRF-0060,HRF-0060,2014-03-21,0,40.71427,-74.00597,7.69,-0.25,0.0,5.7,8.29,5.35,3.24,10.5865,11.359000000000002,12.857499999999998,-3.6690000000000014,0.0,0.0,0.0,0.0,0.0,0.0,0.0,completed,NASA_POWER_MERRA2_GEOS_IT,v2.9.7,LST,False
HRF-0060,HRF-0060,2014-03-28,0,40.71427,-74.00597,10.09,5.33,0.67,7.75,3.58,1.66,2.28,10.5865,11.359000000000002,12.857499999999998,-1.269000000000002,0.0,0.0,0.0,0.0,0.0,0.0,0.0,completed,NASA_POWER_MERRA2_GEOS_IT,v2.9.7,LST,False
HRF-0061,HRF-0061,2014-03-15,1,40.7653,-73.9792,11.53,2.15,0.12,4.78,5.32,-3.85,12.08,12.866499999999998,14.652000000000001,16.5555,-3.1220000000000017,0.0,0.0,0.0,0.0,0.0,0.0,0.0,completed,NASA_POWER_MERRA2_GEOS_IT,v2.9.7,LST,False
HRF-0061,HRF-0061,2014-03-01,0,40.7653,-73.9792,0.8,-8.04,0.0,2.65,-5.03,-1.49,-1.67,12.866499999999998,14.652000000000001,16.5555,-13.852,0.0,0.0,0.0,0.0,0.0,0.0,0.0,completed,NASA_POWER_MERRA2_GEOS_IT,v2.9.7,LST,False
HRF-0061,HRF-0061,2014-03-08,0,40.7653,-73.9792,10.67,-0.37,0.0,3.1,2.36,-1.05,2.85,12.866499999999998,14.652000000000001,16.5555,-3.982000000000001,0.0,0.0,0.0,0.0,0.0,0.0,0.0,completed,NASA_POWER_MERRA2_GEOS_IT,v2.9.7,LST,False
HRF-0061,HRF-0061,2014-03-22,0,40.7653,-73.9792,13.21,1.51,0.0,4.66,8.01,9.34,5.99,12.866499999999998,14.652000000000001,16.5555,-1.4420000000000002,0.0,0.0,0.0,0.0,0.0,0.0,0.0,completed,NASA_POWER_MERRA2_GEOS_IT,v2.9.7,LST,False
HRF-0061,HRF-0061,2014-03-29,0,40.7653,-73.9792,8.28,5.37,41.82,3.88,12.2,4.01,1.52,12.866499999999998,14.652000000000001,16.5555,-6.372000000000002,0.0,0.0,0.0,0.0,0.0,0.0,0.0,completed,NASA_POWER_MERRA2_GEOS_IT,v2.9.7,LST,False
HRF-0062,HRF-0062,2014-07-18,1,19.07283,72.88261,29.09,25.06,25.76,8.01,28.84,27.82,28.58,29.7165,30.02,30.521,-0.9299999999999997,0.0,0.0,0.0,0.0,0.0,0.0,0.0,completed,NASA_POWER_MERRA2_GEOS_IT,v2.9.7,LST,False
HRF-0062,HRF-0062,2014-07-04,0,19.07283,72.88261,32.4,24.28,12.95,4.47,32.18,33.79,34.16,29.7165,30.02,30.521,2.379999999999999,1.0,1.0,1.0,1.0,1.0,1.0,1.0,completed,NASA_POWER_MERRA2_GEOS_IT,v2.9.7,LST,False
HRF-0062,HRF-0062,2014-07-11,0,19.07283,72.88261,29.51,25.03,63.86,7.09,29.82,29.54,30.15,29.7165,30.02,30.521,-0.509999999999998,0.0,0.0,0.0,0.0,0.0,0.0,0.0,completed,NASA_POWER_MERRA2_GEOS_IT,v2.9.7,LST,False
HRF-0062,HRF-0062,2014-07-25,0,19.07283,72.88261,29.26,24.61,7.78,5.57,28.76,27.49,27.41,29.7165,30.02,30.521,-0.759999999999998,0.0,0.0,0.0,0.0,0.0,0.0,0.0,completed,NASA_POWER_MERRA2_GEOS_IT,v2.9.7,LST,False
HRF-0063,HRF-0063,2014-09-21,1,56.03742,92.93136,7.37,1.1,3.61,3.1,6.3,13.65,21.83,19.7515,20.932,23.3005,-13.561999999999998,0.0,0.0,0.0,0.0,0.0,0.0,0.0,completed,NASA_POWER_MERRA2_GEOS_IT,v2.9.7,LST,False
HRF-0063,HRF-0063,2014-09-07,0,56.03742,92.93136,17.07,3.36,0.0,2.02,14.73,12.25,14.93,19.7515,20.932,23.3005,-3.8619999999999983,0.0,0.0,0.0,0.0,0.0,0.0,0.0,completed,NASA_POWER_MERRA2_GEOS_IT,v2.9.7,LST,False
HRF-0063,HRF-0063,2014-09-14,0,56.03742,92.93136,15.45,4.43,0.03,4.17,9.6,8.21,10.28,19.7515,20.932,23.3005,-5.481999999999999,0.0,0.0,0.0,0.0,0.0,0.0,0.0,completed,NASA_POWER_MERRA2_GEOS_IT,v2.9.7,LST,False
HRF-0063,HRF-0063,2014-09-28,0,56.03742,92.93136,7.19,-7.96,0.0,3.53,5.28,4.33,11.54,19.7515,20.932,23.3005,-13.741999999999997,0.0,0.0,0.0,0.0,0.0,0.0,0.0,completed,NASA_POWER_MERRA2_GEOS_IT,v2.9.7,LST,False
HRF-0064,HRF-0064,2014-11-25,1,-37.814,144.96332,20.23,8.49,0.59,5.63,22.71,25.43,25.24,26.2475,27.761000000000003,29.950999999999997,-7.531000000000002,0.0,0.0,0.0,0.0,0.0,0.0,0.0,completed,NASA_POWER_MERRA2_GEOS_IT,v2.9.7,LST,False
HRF-0064,HRF-0064,2014-11-04,0,-37.814,144.96332,25.33,8.35,0.04,5.97,21.91,16.22,16.07,26.2475,27.761000000000003,29.950999999999997,-2.4310000000000045,0.0,0.0,0.0,0.0,0.0,0.0,0.0,completed,NASA_POWER_MERRA2_GEOS_IT,v2.9.7,LST,False
HRF-0064,HRF-0064,2014-11-11,0,-37.814,144.96332,17.28,6.17,0.01,4.96,19.3,18.25,31.33,26.2475,27.761000000000003,29.950999999999997,-10.481000000000002,0.0,0.0,0.0,0.0,0.0,0.0,0.0,completed,NASA_POWER_MERRA2_GEOS_IT,v2.9.7,LST,False
HRF-0064,HRF-0064,2014-11-18,0,-37.814,144.96332,18.77,8.48,0.01,3.94,19.44,17.86,17.5,26.2475,27.761000000000003,29.950999999999997,-8.991000000000003,0.0,0.0,0.0,0.0,0.0,0.0,0.0,completed,NASA_POWER_MERRA2_GEOS_IT,v2.9.7,LST,False
HRF-0105,HRF-0105,2019-02-04,1,-37.814,144.96332,23.19,14.19,0.11,5.93,37.17,34.64,24.13,31.369,32.583,34.5655,-9.392999999999997,0.0,0.0,0.0,0.0,0.0,0.0,0.0,completed,NASA_POWER_MERRA2_GEOS_IT,v2.9.7,LST,False
HRF-0105,HRF-0105,2019-02-11,0,-37.814,144.96332,26.53,13.7,0.09,4.69,22.81,18.87,24.08,31.369,32.583,34.5655,-6.052999999999997,0.0,0.0,0.0,0.0,0.0,0.0,0.0,completed,NASA_POWER_MERRA2_GEOS_IT,v2.9.7,LST,False
HRF-0105,HRF-0105,2019-02-18,0,-37.814,144.96332,25.63,12.98,0.04,5.24,28.87,27.72,22.21,31.369,32.583,34.5655,-6.952999999999999,0.0,0.0,0.0,0.0,0.0,0.0,0.0,completed,NASA_POWER_MERRA2_GEOS_IT,v2.9.7,LST,False
HRF-0105,HRF-0105,2019-02-25,0,-37.814,144.96332,33.78,8.45,0.0,3.8,32.49,25.04,21.87,31.369,32.583,34.5655,1.1970000000000027,0.0,0.0,0.0,0.0,0.0,0.0,0.0,completed,NASA_POWER_MERRA2_GEOS_IT,v2.9.7,LST,False
HRF-0065,HRF-0065,2014-12-28,1,29.5252,-98.5148,9.78,-2.04,2.76,3.89,14.38,20.41,16.76,23.5765,24.371000000000002,25.8275,-14.591000000000003,0.0,0.0,0.0,0.0,0.0,0.0,0.0,completed,NASA_POWER_MERRA2_GEOS_IT,v2.9.7,LST,False
HRF-0065,HRF-0065,2014-12-07,0,29.5252,-98.5148,17.7,9.62,0.01,3.15,20.43,24.36,22.4,23.5765,24.371000000000002,25.8275,-6.671000000000003,0.0,0.0,0.0,0.0,0.0,0.0,0.0,completed,NASA_POWER_MERRA2_GEOS_IT,v2.9.7,LST,False
HRF-0065,HRF-0065,2014-12-14,0,29.5252,-98.5148,22.74,16.08,0.07,4.5,22.59,22.19,20.1,23.5765,24.371000000000002,25.8275,-1.6310000000000038,0.0,0.0,0.0,0.0,0.0,0.0,0.0,completed,NASA_POWER_MERRA2_GEOS_IT,v2.9.7,LST,False
HRF-0065,HRF-0065,2014-12-21,0,29.5252,-98.5148,15.77,8.8,0.03,3.0,15.98,17.63,22.42,23.5765,24.371000000000002,25.8275,-8.601000000000003,0.0,0.0,0.0,0.0,0.0,0.0,0.0,completed,NASA_POWER_MERRA2_GEOS_IT,v2.9.7,LST,False
HRF-0067,HRF-0067,2015-03-10,1,-6.21462,106.84513,27.59,23.85,18.75,4.25,27.7,27.95,28.47,30.03,30.24,30.4855,-2.6499999999999986,0.0,0.0,0.0,0.0,0.0,0.0,0.0,completed,NASA_POWER_MERRA2_GEOS_IT,v2.9.7,LST,False
HRF-0067,HRF-0067,2015-03-03,0,-6.21462,106.84513,27.87,23.48,10.0,4.65,27.35,28.0,29.02,30.03,30.24,30.4855,-2.3699999999999974,0.0,0.0,0.0,0.0,0.0,0.0,0.0,completed,NASA_POWER_MERRA2_GEOS_IT,v2.9.7,LST,False
HRF-0067,HRF-0067,2015-03-17,0,-6.21462,106.84513,30.38,24.22,0.74,3.16,29.4,27.97,28.9,30.03,30.24,30.4855,0.14000000000000057,0.0,0.0,0.0,0.0,0.0,0.0,0.0,completed,NASA_POWER_MERRA2_GEOS_IT,v2.9.7,LST,False
HRF-0067,HRF-0067,2015-03-24,0,-6.21462,106.84513,29.65,24.37,7.09,2.1,28.84,28.98,29.0,30.03,30.24,30.4855,-0.5899999999999999,0.0,0.0,0.0,0.0,0.0,0.0,0.0,completed,NASA_POWER_MERRA2_GEOS_IT,v2.9.7,LST,False
HRF-0067,HRF-0067,2015-03-31,0,-6.21462,106.84513,30.37,24.1,4.79,2.24,30.22,30.08,29.93,30.03,30.24,30.4855,0.13000000000000256,0.0,1.0,0.0,0.0,0.0,0.0,0.0,completed,NASA_POWER_MERRA2_GEOS_IT,v2.9.7,LST,False
HRF-0083,HRF-0083,2016-11-09,1,-6.21462,106.84513,29.04,23.74,20.74,1.44,29.72,29.22,29.71,31.433,31.771,32.37,-2.7310000000000016,0.0,0.0,0.0,0.0,0.0,0.0,0.0,completed,NASA_POWER_MERRA2_GEOS_IT,v2.9.7,LST,False
HRF-0083,HRF-0083,2016-11-02,0,-6.21462,106.84513,29.42,24.6,4.71,3.85,29.15,29.75,27.41,31.433,31.771,32.37,-2.350999999999999,0.0,0.0,0.0,0.0,0.0,0.0,0.0,completed,NASA_POWER_MERRA2_GEOS_IT,v2.9.7,LST,False
HRF-0083,HRF-0083,2016-11-16,0,-6.21462,106.84513,29.95,22.8,3.75,1.44,28.12,28.71,28.1,31.433,31.771,32.37,-1.8210000000000015,0.0,0.0,0.0,0.0,0.0,0.0,0.0,completed,NASA_POWER_MERRA2_GEOS_IT,v2.9.7,LST,False
HRF-0083,HRF-0083,2016-11-23,0,-6.21462,106.84513,29.64,23.97,3.35,1.81,29.92,28.2,29.42,31.433,31.771,32.37,-2.1310000000000002,0.0,0.0,0.0,0.0,0.0,0.0,0.0,completed,NASA_POWER_MERRA2_GEOS_IT,v2.9.7,LST,False
HRF-0083,HRF-0083,2016-11-30,0,-6.21462,106.84513,29.18,22.81,10.57,1.44,27.72,28.36,27.55,31.433,31.771,32.37,-2.591000000000001,0.0,0.0,0.0,0.0,0.0,0.0,0.0,completed,NASA_POWER_MERRA2_GEOS_IT,v2.9.7,LST,False
HRF-0068,HRF-0068,2015-03-17,1,48.88341,2.23894,16.8,4.66,0.0,2.27,12.67,7.07,9.83,16.063,16.83,18.622,-0.029999999999997584,0.0,0.0,0.0,0.0,0.0,0.0,0.0,completed,NASA_POWER_MERRA2_GEOS_IT,v2.9.7,LST,False
HRF-0068,HRF-0068,2015-03-03,0,48.88341,2.23894,10.04,2.05,2.21,5.94,8.82,11.51,8.82,16.063,16.83,18.622,-6.789999999999999,0.0,0.0,0.0,0.0,0.0,0.0,0.0,completed,NASA_POWER_MERRA2_GEOS_IT,v2.9.7,LST,False
HRF-0068,HRF-0068,2015-03-10,0,48.88341,2.23894,12.38,7.09,0.31,2.75,12.83,17.47,13.12,16.063,16.83,18.622,-4.4499999999999975,0.0,0.0,0.0,0.0,0.0,0.0,0.0,completed,NASA_POWER_MERRA2_GEOS_IT,v2.9.7,LST,False
HRF-0068,HRF-0068,2015-03-24,0,48.88341,2.23894,8.1,2.75,8.12,2.75,12.96,10.86,11.56,16.063,16.83,18.622,-8.729999999999999,0.0,0.0,0.0,0.0,0.0,0.0,0.0,completed,NASA_POWER_MERRA2_GEOS_IT,v2.9.7,LST,False
HRF-0068,HRF-0068,2015-03-31,0,48.88341,2.23894,13.18,5.11,0.87,11.54,12.87,14.89,15.79,16.063,16.83,18.622,-3.6499999999999986,0.0,0.0,0.0,0.0,0.0,0.0,0.0,completed,NASA_POWER_MERRA2_GEOS_IT,v2.9.7,LST,False
HRF-0069,HRF-0069,2015-04-15,1,6.448,3.397,30.48,25.31,0.67,3.18,30.78,30.46,28.52,30.1815,30.39,30.71,0.08999999999999986,1.0,1.0,1.0,1.0,0.0,0.0,1.0,completed,NASA_POWER_MERRA2_GEOS_IT,v2.9.7,LST,False
HRF-0069,HRF-0069,2015-04-01,0,6.448,3.397,29.17,23.05,4.56,1.67,28.77,29.42,29.3,30.1815,30.39,30.71,-1.2199999999999989,0.0,0.0,0.0,0.0,0.0,0.0,0.0,completed,NASA_POWER_MERRA2_GEOS_IT,v2.9.7,LST,False
HRF-0069,HRF-0069,2015-04-08,0,6.448,3.397,28.46,25.05,1.28,2.61,28.62,28.91,28.5,30.1815,30.39,30.71,-1.9299999999999997,0.0,0.0,0.0,0.0,0.0,0.0,0.0,completed,NASA_POWER_MERRA2_GEOS_IT,v2.9.7,LST,False
HRF-0069,HRF-0069,2015-04-22,0,6.448,3.397,29.8,25.51,5.12,3.24,29.58,29.59,29.61,30.1815,30.39,30.71,-0.5899999999999999,0.0,0.0,0.0,0.0,0.0,0.0,0.0,completed,NASA_POWER_MERRA2_GEOS_IT,v2.9.7,LST,False
HRF-0069,HRF-0069,2015-04-29,0,6.448,3.397,30.1,25.21,1.2,3.55,29.15,30.08,28.85,30.1815,30.39,30.71,-0.28999999999999915,0.0,0.0,0.0,0.0,0.0,0.0,0.0,completed,NASA_POWER_MERRA2_GEOS_IT,v2.9.7,LST,False
HRF-0070,HRF-0070,2015-05-19,1,40.37767,49.89201,20.96,13.59,0.0,3.83,18.92,19.96,20.25,22.47,23.491,24.653,-2.530999999999999,0.0,0.0,0.0,0.0,0.0,0.0,0.0,completed,NASA_POWER_MERRA2_GEOS_IT,v2.9.7,LST,False
HRF-0070,HRF-0070,2015-05-05,0,40.37767,49.89201,15.17,11.56,0.65,6.24,16.89,16.17,17.02,22.47,23.491,24.653,-8.321,0.0,0.0,0.0,0.0,0.0,0.0,0.0,completed,NASA_POWER_MERRA2_GEOS_IT,v2.9.7,LST,False
HRF-0070,HRF-0070,2015-05-12,0,40.37767,49.89201,17.14,12.09,0.55,1.73,16.26,16.16,17.01,22.47,23.491,24.653,-6.350999999999999,0.0,0.0,0.0,0.0,0.0,0.0,0.0,completed,NASA_POWER_MERRA2_GEOS_IT,v2.9.7,LST,False
HRF-0070,HRF-0070,2015-05-26,0,40.37767,49.89201,23.49,13.33,0.0,3.44,21.55,21.4,20.57,22.47,23.491,24.653,-0.0010000000000012221,0.0,0.0,0.0,0.0,0.0,0.0,0.0,completed,NASA_POWER_MERRA2_GEOS_IT,v2.9.7,LST,False
HRF-0098,HRF-0098,2018-04-30,1,40.37767,49.89201,14.02,8.15,0.0,6.64,14.39,22.7,17.43,16.6115,17.33,19.057499999999994,-3.3099999999999987,0.0,0.0,0.0,0.0,0.0,0.0,0.0,completed,NASA_POWER_MERRA2_GEOS_IT,v2.9.7,LST,False
HRF-0098,HRF-0098,2018-04-02,0,40.37767,49.89201,10.09,6.31,0.0,7.67,8.62,6.98,13.47,16.6115,17.33,19.057499999999994,-7.239999999999998,0.0,0.0,0.0,0.0,0.0,0.0,0.0,completed,NASA_POWER_MERRA2_GEOS_IT,v2.9.7,LST,False
HRF-0098,HRF-0098,2018-04-09,0,40.37767,49.89201,11.92,7.32,0.0,4.59,14.62,12.55,11.44,16.6115,17.33,19.057499999999994,-5.409999999999998,0.0,0.0,0.0,0.0,0.0,0.0,0.0,completed,NASA_POWER_MERRA2_GEOS_IT,v2.9.7,LST,False
HRF-0098,HRF-0098,2018-04-16,0,40.37767,49.89201,11.38,1.79,0.01,3.96,10.66,10.78,11.88,16.6115,17.33,19.057499999999994,-5.9499999999999975,0.0,0.0,0.0,0.0,0.0,0.0,0.0,completed,NASA_POWER_MERRA2_GEOS_IT,v2.9.7,LST,False
HRF-0098,HRF-0098,2018-04-23,0,40.37767,49.89201,12.69,9.81,0.36,4.97,14.55,11.77,14.73,16.6115,17.33,19.057499999999994,-4.639999999999999,0.0,0.0,0.0,0.0,0.0,0.0,0.0,completed,NASA_POWER_MERRA2_GEOS_IT,v2.9.7,LST,False
HRF-0071,HRF-0071,2015-07-25,1,36.1099,-115.1745,39.87,0.62,0.11,3.57,38.42,37.59,38.12,43.51,44.142,45.082,-4.272000000000006,0.0,0.0,0.0,0.0,0.0,0.0,0.0,completed,NASA_POWER_MERRA2_GEOS_IT,v2.9.7,LST,False
HRF-0071,HRF-0071,2015-07-04,0,36.1099,-115.1745,37.78,10.76,0.07,3.05,43.11,41.21,42.31,43.51,44.142,45.082,-6.362000000000002,0.0,0.0,0.0,0.0,0.0,0.0,0.0,completed,NASA_POWER_MERRA2_GEOS_IT,v2.9.7,LST,False
HRF-0071,HRF-0071,2015-07-11,0,36.1099,-115.1745,35.13,4.45,0.0,4.53,33.12,35.38,38.49,43.51,44.142,45.082,-9.012,0.0,0.0,0.0,0.0,0.0,0.0,0.0,completed,NASA_POWER_MERRA2_GEOS_IT,v2.9.7,LST,False
HRF-0071,HRF-0071,2015-07-18,0,36.1099,-115.1745,36.44,13.15,1.41,5.42,40.69,40.75,39.52,43.51,44.142,45.082,-7.702000000000005,0.0,0.0,0.0,0.0,0.0,0.0,0.0,completed,NASA_POWER_MERRA2_GEOS_IT,v2.9.7,LST,False
HRF-0073,HRF-0073,2015-11-21,1,41.8988,-87.623,2.79,0.01,13.81,7.88,5.94,8.31,15.3,13.027499999999998,14.476000000000003,16.0505,-11.686000000000003,0.0,0.0,0.0,0.0,0.0,0.0,0.0,completed,NASA_POWER_MERRA2_GEOS_IT,v2.9.7,LST,False
HRF-0073,HRF-0073,2015-11-07,0,41.8988,-87.623,10.47,2.83,0.03,6.29,16.71,18.33,18.69,13.027499999999998,14.476000000000003,16.0505,-4.006000000000002,0.0,0.0,0.0,0.0,0.0,0.0,0.0,completed,NASA_POWER_MERRA2_GEOS_IT,v2.9.7,LST,False
HRF-0073,HRF-0073,2015-11-14,0,41.8988,-87.623,12.59,2.12,0.0,6.52,7.53,12.56,15.95,13.027499999999998,14.476000000000003,16.0505,-1.8860000000000028,0.0,0.0,0.0,0.0,0.0,0.0,0.0,completed,NASA_POWER_MERRA2_GEOS_IT,v2.9.7,LST,False
HRF-0073,HRF-0073,2015-11-28,0,41.8988,-87.623,4.26,-0.18,0.0,5.94,11.51,13.43,11.33,13.027499999999998,14.476000000000003,16.0505,-10.216000000000003,0.0,0.0,0.0,0.0,0.0,0.0,0.0,completed,NASA_POWER_MERRA2_GEOS_IT,v2.9.7,LST,False
HRF-0095,HRF-0095,2018-02-11,1,41.8988,-87.623,-4.3,-7.42,3.7,5.63,-4.25,-2.41,-5.72,5.14,6.494000000000005,8.356499999999999,-10.794000000000004,0.0,0.0,0.0,0.0,0.0,0.0,0.0,completed,NASA_POWER_MERRA2_GEOS_IT,v2.9.7,LST,False
HRF-0095,HRF-0095,2018-02-04,0,41.8988,-87.623,-0.96,-7.41,1.57,8.79,1.42,-6.72,-0.13,5.14,6.494000000000005,8.356499999999999,-7.454000000000005,0.0,0.0,0.0,0.0,0.0,0.0,0.0,completed,NASA_POWER_MERRA2_GEOS_IT,v2.9.7,LST,False
HRF-0095,HRF-0095,2018-02-18,0,41.8988,-87.623,2.61,-3.25,0.45,6.58,0.7,1.62,3.03,5.14,6.494000000000005,8.356499999999999,-3.8840000000000052,0.0,0.0,0.0,0.0,0.0,0.0,0.0,completed,NASA_POWER_MERRA2_GEOS_IT,v2.9.7,LST,False
HRF-0095,HRF-0095,2018-02-25,0,41.8988,-87.623,4.85,-2.43,0.02,10.13,4.07,3.44,1.95,5.14,6.494000000000005,8.356499999999999,-1.6440000000000055,0.0,0.0,0.0,0.0,0.0,0.0,0.0,completed,NASA_POWER_MERRA2_GEOS_IT,v2.9.7,LST,False
HRF-0074,HRF-0074,2015-12-08,1,6.449,3.398,28.97,18.05,0.0,3.03,28.62,28.07,28.21,30.462999999999997,30.6,30.83,-1.6300000000000026,0.0,0.0,0.0,0.0,0.0,0.0,0.0,completed,NASA_POWER_MERRA2_GEOS_IT,v2.9.7,LST,False
HRF-0074,HRF-0074,2015-12-01,0,6.449,3.398,29.62,24.41,1.09,2.39,29.21,30.23,30.23,30.462999999999997,30.6,30.83,-0.9800000000000004,0.0,0.0,0.0,0.0,0.0,0.0,0.0,completed,NASA_POWER_MERRA2_GEOS_IT,v2.9.7,LST,False
HRF-0074,HRF-0074,2015-12-15,0,6.449,3.398,28.67,16.88,0.0,2.82,29.13,28.57,28.79,30.462999999999997,30.6,30.83,-1.9299999999999997,0.0,0.0,0.0,0.0,0.0,0.0,0.0,completed,NASA_POWER_MERRA2_GEOS_IT,v2.9.7,LST,False
HRF-0074,HRF-0074,2015-12-22,0,6.449,3.398,28.8,17.35,0.0,2.74,29.11,28.88,28.63,30.462999999999997,30.6,30.83,-1.8000000000000007,0.0,0.0,0.0,0.0,0.0,0.0,0.0,completed,NASA_POWER_MERRA2_GEOS_IT,v2.9.7,LST,False
HRF-0074,HRF-0074,2015-12-29,0,6.449,3.398,28.67,18.38,0.0,2.46,28.71,27.96,28.19,30.462999999999997,30.6,30.83,-1.9299999999999997,0.0,0.0,0.0,0.0,0.0,0.0,0.0,completed,NASA_POWER_MERRA2_GEOS_IT,v2.9.7,LST,False
HRF-0076,HRF-0076,2016-01-12,1,48.85341,2.3488,7.0,3.87,1.93,8.37,7.58,8.17,9.49,10.353,11.081,12.208499999999997,-4.0809999999999995,0.0,0.0,0.0,0.0,0.0,0.0,0.0,completed,NASA_POWER_MERRA2_GEOS_IT,v2.9.7,LST,False
HRF-0076,HRF-0076,2016-01-05,0,48.85341,2.3488,8.61,5.15,1.83,6.47,8.87,7.09,10.83,10.353,11.081,12.208499999999997,-2.471,0.0,0.0,0.0,0.0,0.0,0.0,0.0,completed,NASA_POWER_MERRA2_GEOS_IT,v2.9.7,LST,False
HRF-0076,HRF-0076,2016-01-19,0,48.85341,2.3488,1.25,-5.45,0.0,1.91,-0.14,4.48,5.26,10.353,11.081,12.208499999999997,-9.831,0.0,0.0,0.0,0.0,0.0,0.0,0.0,completed,NASA_POWER_MERRA2_GEOS_IT,v2.9.7,LST,False
HRF-0076,HRF-0076,2016-01-26,0,48.85341,2.3488,10.97,6.36,0.21,5.94,11.84,6.4,6.27,10.353,11.081,12.208499999999997,-0.11099999999999888,0.0,0.0,0.0,0.0,0.0,0.0,0.0,completed,NASA_POWER_MERRA2_GEOS_IT,v2.9.7,LST,False
HRF-0104,HRF-0104,2019-01-12,1,48.85341,2.3488,7.99,5.19,1.16,5.66,6.2,3.79,5.38,10.353,11.081,12.208499999999997,-3.0909999999999993,0.0,0.0,0.0,0.0,0.0,0.0,0.0,completed,NASA_POWER_MERRA2_GEOS_IT,v2.9.7,LST,False
HRF-0104,HRF-0104,2019-01-05,0,48.85341,2.3488,6.15,1.27,0.12,3.51,4.75,6.34,7.04,10.353,11.081,12.208499999999997,-4.930999999999999,0.0,0.0,0.0,0.0,0.0,0.0,0.0,completed,NASA_POWER_MERRA2_GEOS_IT,v2.9.7,LST,False
HRF-0104,HRF-0104,2019-01-19,0,48.85341,2.3488,3.52,-2.9,1.3,4.6,4.52,6.46,5.79,10.353,11.081,12.208499999999997,-7.561,0.0,0.0,0.0,0.0,0.0,0.0,0.0,completed,NASA_POWER_MERRA2_GEOS_IT,v2.9.7,LST,False
HRF-0104,HRF-0104,2019-01-26,0,48.85341,2.3488,7.37,5.16,1.91,6.63,3.69,2.48,1.49,10.353,11.081,12.208499999999997,-3.7109999999999994,0.0,0.0,0.0,0.0,0.0,0.0,0.0,completed,NASA_POWER_MERRA2_GEOS_IT,v2.9.7,LST,False
HRF-0127,HRF-0127,2021-08-13,1,48.85341,2.3488,27.05,15.23,0.0,2.8,28.93,24.18,24.83,28.7425,29.782,31.408499999999997,-2.7319999999999993,0.0,0.0,0.0,0.0,0.0,0.0,0.0,completed,NASA_POWER_MERRA2_GEOS_IT,v2.9.7,LST,False
HRF-0127,HRF-0127,2021-08-06,0,48.85341,2.3488,22.56,13.63,1.51,6.11,23.31,21.41,21.07,28.7425,29.782,31.408499999999997,-7.222000000000001,0.0,0.0,0.0,0.0,0.0,0.0,0.0,completed,NASA_POWER_MERRA2_GEOS_IT,v2.9.7,LST,False
HRF-0127,HRF-0127,2021-08-20,0,48.85341,2.3488,24.23,13.91,0.1,2.1,21.51,22.9,20.27,28.7425,29.782,31.408499999999997,-5.552,0.0,0.0,0.0,0.0,0.0,0.0,0.0,completed,NASA_POWER_MERRA2_GEOS_IT,v2.9.7,LST,False
HRF-0127,HRF-0127,2021-08-27,0,48.85341,2.3488,21.62,11.24,0.07,4.48,21.77,24.06,23.59,28.7425,29.782,31.408499999999997,-8.161999999999999,0.0,0.0,0.0,0.0,0.0,0.0,0.0,completed,NASA_POWER_MERRA2_GEOS_IT,v2.9.7,LST,False
HRF-0151,HRF-0151,2024-09-17,1,48.85341,2.3488,21.26,12.48,0.08,6.4,20.25,19.35,17.93,24.803,26.053,27.466999999999995,-4.792999999999999,0.0,0.0,0.0,0.0,0.0,0.0,0.0,completed,NASA_POWER_MERRA2_GEOS_IT,v2.9.7,LST,False
HRF-0151,HRF-0151,2024-09-03,0,48.85341,2.3488,20.81,16.12,2.63,2.72,25.49,27.54,24.36,24.803,26.053,27.466999999999995,-5.243000000000002,0.0,0.0,0.0,0.0,0.0,0.0,0.0,completed,NASA_POWER_MERRA2_GEOS_IT,v2.9.7,LST,False
HRF-0151,HRF-0151,2024-09-10,0,48.85341,2.3488,18.62,11.64,0.92,6.13,19.83,21.37,24.42,24.803,26.053,27.466999999999995,-7.433,0.0,0.0,0.0,0.0,0.0,0.0,0.0,completed,NASA_POWER_MERRA2_GEOS_IT,v2.9.7,LST,False
HRF-0151,HRF-0151,2024-09-24,0,48.85341,2.3488,18.35,13.19,8.8,5.43,19.65,20.65,23.67,24.803,26.053,27.466999999999995,-7.702999999999999,0.0,0.0,0.0,0.0,0.0,0.0,0.0,completed,NASA_POWER_MERRA2_GEOS_IT,v2.9.7,LST,False
HRF-0152,HRF-0152,2024-12-13,1,48.85341,2.3488,3.54,0.06,0.07,2.56,4.07,5.23,6.63,10.5465,11.39,12.5555,-7.8500000000000005,0.0,0.0,0.0,0.0,0.0,0.0,0.0,completed,NASA_POWER_MERRA2_GEOS_IT,v2.9.7,LST,False
HRF-0152,HRF-0152,2024-12-06,0,48.85341,2.3488,11.55,5.3,1.35,5.96,12.93,5.53,8.79,10.5465,11.39,12.5555,0.16000000000000014,0.0,0.0,0.0,0.0,0.0,0.0,0.0,completed,NASA_POWER_MERRA2_GEOS_IT,v2.9.7,LST,False
HRF-0152,HRF-0152,2024-12-20,0,48.85341,2.3488,7.39,3.23,1.45,5.22,10.17,12.13,7.03,10.5465,11.39,12.5555,-4.000000000000001,0.0,0.0,0.0,0.0,0.0,0.0,0.0,completed,NASA_POWER_MERRA2_GEOS_IT,v2.9.7,LST,False
HRF-0152,HRF-0152,2024-12-27,0,48.85341,2.3488,4.67,-0.55,0.05,1.97,8.27,10.13,7.76,10.5465,11.39,12.5555,-6.720000000000001,0.0,0.0,0.0,0.0,0.0,0.0,0.0,completed,NASA_POWER_MERRA2_GEOS_IT,v2.9.7,LST,False
HRF-0153,HRF-0153,2024-12-24,1,48.85341,2.3488,7.76,5.1,0.83,2.81,7.47,10.15,10.3,10.5465,11.39,12.5555,-3.630000000000001,0.0,0.0,0.0,0.0,0.0,0.0,0.0,completed,NASA_POWER_MERRA2_GEOS_IT,v2.9.7,LST,False
HRF-0153,HRF-0153,2024-12-03,0,48.85341,2.3488,8.79,5.01,0.57,2.12,11.7,8.99,7.23,10.5465,11.39,12.5555,-2.6000000000000014,0.0,0.0,0.0,0.0,0.0,0.0,0.0,completed,NASA_POWER_MERRA2_GEOS_IT,v2.9.7,LST,False
HRF-0153,HRF-0153,2024-12-10,0,48.85341,2.3488,6.63,3.0,0.37,5.81,6.46,7.68,11.13,10.5465,11.39,12.5555,-4.760000000000001,0.0,0.0,0.0,0.0,0.0,0.0,0.0,completed,NASA_POWER_MERRA2_GEOS_IT,v2.9.7,LST,False
HRF-0153,HRF-0153,2024-12-17,0,48.85341,2.3488,7.03,4.87,0.25,4.14,9.25,8.72,4.24,10.5465,11.39,12.5555,-4.36,0.0,0.0,0.0,0.0,0.0,0.0,0.0,completed,NASA_POWER_MERRA2_GEOS_IT,v2.9.7,LST,False
HRF-0153,HRF-0153,2024-12-31,0,48.85341,2.3488,2.94,0.04,0.16,5.42,4.04,4.75,1.59,10.5465,11.39,12.5555,-8.450000000000001,0.0,0.0,0.0,0.0,0.0,0.0,0.0,completed,NASA_POWER_MERRA2_GEOS_IT,v2.9.7,LST,False
HRF-0157,HRF-0157,2025-01-27,1,48.85341,2.3488,11.17,6.67,1.59,10.79,8.78,9.91,10.03,10.353,11.081,12.208499999999997,0.08900000000000041,0.0,0.0,0.0,0.0,0.0,0.0,0.0,completed,NASA_POWER_MERRA2_GEOS_IT,v2.9.7,LST,False
HRF-0157,HRF-0157,2025-01-06,0,48.85341,2.3488,10.08,5.26,1.89,10.31,10.09,1.74,4.31,10.353,11.081,12.208499999999997,-1.0009999999999994,0.0,0.0,0.0,0.0,0.0,0.0,0.0,completed,NASA_POWER_MERRA2_GEOS_IT,v2.9.7,LST,False
HRF-0157,HRF-0157,2025-01-13,0,48.85341,2.3488,3.15,-2.52,0.03,2.87,4.29,2.52,5.14,10.353,11.081,12.208499999999997,-7.930999999999999,0.0,0.0,0.0,0.0,0.0,0.0,0.0,completed,NASA_POWER_MERRA2_GEOS_IT,v2.9.7,LST,False
HRF-0157,HRF-0157,2025-01-20,0,48.85341,2.3488,1.84,-2.04,0.07,2.01,2.21,1.57,2.69,10.353,11.081,12.208499999999997,-9.241,0.0,0.0,0.0,0.0,0.0,0.0,0.0,completed,NASA_POWER_MERRA2_GEOS_IT,v2.9.7,LST,False
HRF-0077,HRF-0077,2016-01-13,1,48.93564,2.35387,6.74,2.11,0.69,6.41,7.0,7.58,8.17,10.353,11.081,12.208499999999997,-4.340999999999999,0.0,0.0,0.0,0.0,0.0,0.0,0.0,completed,NASA_POWER_MERRA2_GEOS_IT,v2.9.7,LST,False
HRF-0077,HRF-0077,2016-01-06,0,48.93564,2.35387,7.59,5.54,0.98,3.74,8.61,8.87,7.09,10.353,11.081,12.208499999999997,-3.4909999999999997,0.0,0.0,0.0,0.0,0.0,0.0,0.0,completed,NASA_POWER_MERRA2_GEOS_IT,v2.9.7,LST,False
HRF-0077,HRF-0077,2016-01-20,0,48.93564,2.35387,-0.08,-4.87,0.04,1.5,1.25,-0.14,4.48,10.353,11.081,12.208499999999997,-11.161,0.0,0.0,0.0,0.0,0.0,0.0,0.0,completed,NASA_POWER_MERRA2_GEOS_IT,v2.9.7,LST,False
HRF-0077,HRF-0077,2016-01-27,0,48.93564,2.35387,10.93,7.52,2.29,8.66,10.97,11.84,6.4,10.353,11.081,12.208499999999997,-0.1509999999999998,0.0,0.0,0.0,0.0,0.0,0.0,0.0,completed,NASA_POWER_MERRA2_GEOS_IT,v2.9.7,LST,False
HRF-0078,HRF-0078,2016-03-28,1,25.40177,55.47878,30.4,12.87,0.0,3.2,32.02,29.98,28.18,30.912499999999998,31.902,32.9855,-1.5020000000000024,0.0,0.0,0.0,0.0,0.0,0.0,0.0,completed,NASA_POWER_MERRA2_GEOS_IT,v2.9.7,LST,False
HRF-0078,HRF-0078,2016-03-07,0,25.40177,55.47878,27.01,15.96,0.95,4.84,29.46,29.25,27.89,30.912499999999998,31.902,32.9855,-4.8919999999999995,0.0,0.0,0.0,0.0,0.0,0.0,0.0,completed,NASA_POWER_MERRA2_GEOS_IT,v2.9.7,LST,False
HRF-0078,HRF-0078,2016-03-14,0,25.40177,55.47878,26.92,17.42,1.57,3.94,28.01,27.77,26.03,30.912499999999998,31.902,32.9855,-4.981999999999999,0.0,0.0,0.0,0.0,0.0,0.0,0.0,completed,NASA_POWER_MERRA2_GEOS_IT,v2.9.7,LST,False
HRF-0078,HRF-0078,2016-03-21,0,25.40177,55.47878,28.71,12.42,0.0,2.08,25.79,25.53,26.46,30.912499999999998,31.902,32.9855,-3.192,0.0,0.0,0.0,0.0,0.0,0.0,0.0,completed,NASA_POWER_MERRA2_GEOS_IT,v2.9.7,LST,False
HRF-0079,HRF-0079,2016-05-03,1,32.06167,118.77778,24.34,10.36,0.01,6.83,25.52,29.07,27.78,31.4865,32.417,33.781,-8.077000000000002,0.0,0.0,0.0,0.0,0.0,0.0,0.0,completed,NASA_POWER_MERRA2_GEOS_IT,v2.9.7,LST,False
HRF-0079,HRF-0079,2016-05-10,0,32.06167,118.77778,22.61,12.57,1.27,3.66,20.82,17.53,21.92,31.4865,32.417,33.781,-9.807000000000002,0.0,0.0,0.0,0.0,0.0,0.0,0.0,completed,NASA_POWER_MERRA2_GEOS_IT,v2.9.7,LST,False
HRF-0079,HRF-0079,2016-05-17,0,32.06167,118.77778,25.65,10.56,0.0,4.08,24.56,21.97,25.89,31.4865,32.417,33.781,-6.767000000000003,0.0,0.0,0.0,0.0,0.0,0.0,0.0,completed,NASA_POWER_MERRA2_GEOS_IT,v2.9.7,LST,False
HRF-0079,HRF-0079,2016-05-24,0,32.06167,118.77778,25.38,16.38,0.03,2.22,25.03,22.15,19.58,31.4865,32.417,33.781,-7.037000000000003,0.0,0.0,0.0,0.0,0.0,0.0,0.0,completed,NASA_POWER_MERRA2_GEOS_IT,v2.9.7,LST,False
HRF-0079,HRF-0079,2016-05-31,0,32.06167,118.77778,29.4,22.83,25.08,2.73,27.95,25.08,25.22,31.4865,32.417,33.781,-3.017000000000003,0.0,0.0,0.0,0.0,0.0,0.0,0.0,completed,NASA_POWER_MERRA2_GEOS_IT,v2.9.7,LST,False
HRF-0109,HRF-0109,2019-05-24,1,32.06167,118.77778,35.79,12.11,0.0,4.68,35.65,32.4,30.32,31.4865,32.417,33.781,3.3729999999999976,0.0,1.0,1.0,0.0,0.0,0.0,0.0,completed,NASA_POWER_MERRA2_GEOS_IT,v2.9.7,LST,False
HRF-0109,HRF-0109,2019-05-03,0,32.06167,118.77778,26.99,8.31,0.0,4.27,25.29,24.44,22.56,31.4865,32.417,33.781,-5.427000000000003,0.0,0.0,0.0,0.0,0.0,0.0,0.0,completed,NASA_POWER_MERRA2_GEOS_IT,v2.9.7,LST,False
HRF-0109,HRF-0109,2019-05-10,0,32.06167,118.77778,28.71,13.24,0.0,2.03,26.11,23.66,21.12,31.4865,32.417,33.781,-3.7070000000000007,0.0,0.0,0.0,0.0,0.0,0.0,0.0,completed,NASA_POWER_MERRA2_GEOS_IT,v2.9.7,LST,False
HRF-0109,HRF-0109,2019-05-17,0,32.06167,118.77778,29.89,19.94,0.4,2.37,29.19,26.23,28.26,31.4865,32.417,33.781,-2.527000000000001,0.0,0.0,0.0,0.0,0.0,0.0,0.0,completed,NASA_POWER_MERRA2_GEOS_IT,v2.9.7,LST,False
HRF-0109,HRF-0109,2019-05-31,0,32.06167,118.77778,29.44,15.41,0.26,3.18,24.7,30.26,28.75,31.4865,32.417,33.781,-2.9770000000000003,0.0,0.0,0.0,0.0,0.0,0.0,0.0,completed,NASA_POWER_MERRA2_GEOS_IT,v2.9.7,LST,False
HRF-0144,HRF-0144,2024-02-23,1,32.06167,118.77778,-0.54,-4.28,3.19,3.69,-1.18,1.5,6.83,15.4995,16.621000000000006,18.883,-17.161000000000005,0.0,0.0,0.0,0.0,0.0,0.0,0.0,completed,NASA_POWER_MERRA2_GEOS_IT,v2.9.7,LST,False
HRF-0144,HRF-0144,2024-02-02,0,32.06167,118.77778,5.04,-1.31,8.9,5.26,6.48,14.27,13.53,15.4995,16.621000000000006,18.883,-11.581000000000007,0.0,0.0,0.0,0.0,0.0,0.0,0.0,completed,NASA_POWER_MERRA2_GEOS_IT,v2.9.7,LST,False
HRF-0144,HRF-0144,2024-02-09,0,32.06167,118.77778,8.78,-1.11,0.04,3.56,6.06,3.08,0.97,15.4995,16.621000000000006,18.883,-7.841000000000006,0.0,0.0,0.0,0.0,0.0,0.0,0.0,completed,NASA_POWER_MERRA2_GEOS_IT,v2.9.7,LST,False
HRF-0144,HRF-0144,2024-02-16,0,32.06167,118.77778,11.13,-2.08,0.0,2.64,14.6,21.9,19.83,15.4995,16.621000000000006,18.883,-5.491000000000005,0.0,0.0,0.0,0.0,0.0,0.0,0.0,completed,NASA_POWER_MERRA2_GEOS_IT,v2.9.7,LST,False
HRF-0080,HRF-0080,2016-06-01,1,48.8646,2.3984,19.8,13.52,5.29,3.63,18.45,14.05,19.69,26.04,27.072,28.823499999999996,-7.2719999999999985,0.0,0.0,0.0,0.0,0.0,0.0,0.0,completed,NASA_POWER_MERRA2_GEOS_IT,v2.9.7,LST,False
HRF-0080,HRF-0080,2016-06-08,0,48.8646,2.3984,22.32,14.76,1.05,3.32,25.1,24.25,21.65,26.04,27.072,28.823499999999996,-4.751999999999999,0.0,0.0,0.0,0.0,0.0,0.0,0.0,completed,NASA_POWER_MERRA2_GEOS_IT,v2.9.7,LST,False
HRF-0080,HRF-0080,2016-06-15,0,48.8646,2.3984,18.28,10.83,4.49,2.94,18.87,18.08,20.37,26.04,27.072,28.823499999999996,-8.791999999999998,0.0,0.0,0.0,0.0,0.0,0.0,0.0,completed,NASA_POWER_MERRA2_GEOS_IT,v2.9.7,LST,False
HRF-0080,HRF-0080,2016-06-22,0,48.8646,2.3984,27.35,19.49,2.34,2.9,23.27,18.29,20.28,26.04,27.072,28.823499999999996,0.27800000000000225,0.0,0.0,0.0,0.0,0.0,0.0,0.0,completed,NASA_POWER_MERRA2_GEOS_IT,v2.9.7,LST,False
HRF-0080,HRF-0080,2016-06-29,0,48.8646,2.3984,20.82,11.91,0.15,4.56,20.82,20.89,19.46,26.04,27.072,28.823499999999996,-6.251999999999999,0.0,0.0,0.0,0.0,0.0,0.0,0.0,completed,NASA_POWER_MERRA2_GEOS_IT,v2.9.7,LST,False
HRF-0082,HRF-0082,2016-08-19,1,51.5053,-0.2269,19.05,14.85,5.74,5.33,24.56,24.13,22.71,25.183,26.289,27.910999999999998,-7.239000000000001,0.0,0.0,0.0,0.0,0.0,0.0,0.0,completed,NASA_POWER_MERRA2_GEOS_IT,v2.9.7,LST,False
HRF-0082,HRF-0082,2016-08-05,0,51.5053,-0.2269,22.4,12.57,0.09,3.86,20.79,22.5,22.93,25.183,26.289,27.910999999999998,-3.889000000000003,0.0,0.0,0.0,0.0,0.0,0.0,0.0,completed,NASA_POWER_MERRA2_GEOS_IT,v2.9.7,LST,False
HRF-0082,HRF-0082,2016-08-12,0,51.5053,-0.2269,24.86,13.07,0.03,5.28,21.85,18.51,19.93,25.183,26.289,27.910999999999998,-1.429000000000002,0.0,0.0,0.0,0.0,0.0,0.0,0.0,completed,NASA_POWER_MERRA2_GEOS_IT,v2.9.7,LST,False
HRF-0082,HRF-0082,2016-08-26,0,51.5053,-0.2269,25.2,12.77,0.04,2.65,28.36,29.8,27.43,25.183,26.289,27.910999999999998,-1.0890000000000022,0.0,0.0,0.0,0.0,0.0,0.0,0.0,completed,NASA_POWER_MERRA2_GEOS_IT,v2.9.7,LST,False
HRF-0086,HRF-0086,2017-01-19,1,35.69439,51.42151,9.93,-3.85,0.0,2.3,9.71,12.16,10.17,13.529499999999999,14.280999999999999,15.5055,-4.350999999999999,0.0,0.0,0.0,0.0,0.0,0.0,0.0,completed,NASA_POWER_MERRA2_GEOS_IT,v2.9.7,LST,False
HRF-0086,HRF-0086,2017-01-05,0,35.69439,51.42151,8.88,-9.31,0.0,4.28,8.74,10.87,12.18,13.529499999999999,14.280999999999999,15.5055,-5.400999999999998,0.0,0.0,0.0,0.0,0.0,0.0,0.0,completed,NASA_POWER_MERRA2_GEOS_IT,v2.9.7,LST,False
HRF-0086,HRF-0086,2017-01-12,0,35.69439,51.42151,11.82,-7.31,0.0,2.83,12.59,12.6,11.48,13.529499999999999,14.280999999999999,15.5055,-2.4609999999999985,0.0,0.0,0.0,0.0,0.0,0.0,0.0,completed,NASA_POWER_MERRA2_GEOS_IT,v2.9.7,LST,False
HRF-0086,HRF-0086,2017-01-26,0,35.69439,51.42151,9.39,-1.43,1.82,2.25,9.09,5.27,9.31,13.529499999999999,14.280999999999999,15.5055,-4.890999999999998,0.0,0.0,0.0,0.0,0.0,0.0,0.0,completed,NASA_POWER_MERRA2_GEOS_IT,v2.9.7,LST,False
HRF-0088,HRF-0088,2017-06-14,1,35.69439,51.42151,35.9,6.0,0.0,3.32,36.73,37.39,38.09,37.6315,38.181,38.9515,-2.280999999999999,0.0,0.0,0.0,0.0,0.0,0.0,0.0,completed,NASA_POWER_MERRA2_GEOS_IT,v2.9.7,LST,False
HRF-0088,HRF-0088,2017-06-07,0,35.69439,51.42151,36.22,2.39,0.0,3.89,34.0,32.96,30.98,37.6315,38.181,38.9515,-1.9609999999999985,0.0,0.0,0.0,0.0,0.0,0.0,0.0,completed,NASA_POWER_MERRA2_GEOS_IT,v2.9.7,LST,False
HRF-0088,HRF-0088,2017-06-21,0,35.69439,51.42151,38.29,4.07,0.43,4.48,39.08,38.08,35.6,37.6315,38.181,38.9515,0.10900000000000176,0.0,1.0,1.0,0.0,0.0,0.0,0.0,completed,NASA_POWER_MERRA2_GEOS_IT,v2.9.7,LST,False
HRF-0088,HRF-0088,2017-06-28,0,35.69439,51.42151,37.78,5.45,0.0,3.0,35.96,36.77,36.47,37.6315,38.181,38.9515,-0.40099999999999625,0.0,0.0,0.0,0.0,0.0,0.0,0.0,completed,NASA_POWER_MERRA2_GEOS_IT,v2.9.7,LST,False
HRF-0102,HRF-0102,2018-07-22,1,35.69439,51.42151,40.71,1.2,0.66,5.3,41.38,41.77,40.98,39.8295,40.182,40.8955,0.5279999999999987,1.0,1.0,1.0,1.0,1.0,0.0,1.0,completed,NASA_POWER_MERRA2_GEOS_IT,v2.9.7,LST,False
HRF-0102,HRF-0102,2018-07-01,0,35.69439,51.42151,42.91,-0.18,0.0,2.91,40.81,38.25,37.96,39.8295,40.182,40.8955,2.7279999999999944,0.0,0.0,1.0,0.0,0.0,0.0,0.0,completed,NASA_POWER_MERRA2_GEOS_IT,v2.9.7,LST,False
HRF-0102,HRF-0102,2018-07-08,0,35.69439,51.42151,41.32,0.79,0.72,4.85,41.12,39.19,37.08,39.8295,40.182,40.8955,1.1379999999999981,0.0,0.0,1.0,0.0,0.0,0.0,0.0,completed,NASA_POWER_MERRA2_GEOS_IT,v2.9.7,LST,False
HRF-0102,HRF-0102,2018-07-15,0,35.69439,51.42151,40.24,0.69,0.0,5.48,39.04,39.3,38.31,39.8295,40.182,40.8955,0.05799999999999983,0.0,0.0,0.0,0.0,0.0,0.0,0.0,completed,NASA_POWER_MERRA2_GEOS_IT,v2.9.7,LST,False
HRF-0102,HRF-0102,2018-07-29,0,35.69439,51.42151,39.24,-1.25,0.0,3.37,38.55,41.66,42.0,39.8295,40.182,40.8955,-0.9420000000000002,0.0,0.0,0.0,0.0,0.0,0.0,0.0,completed,NASA_POWER_MERRA2_GEOS_IT,v2.9.7,LST,False
HRF-0089,HRF-0089,2017-06-14,1,51.5131,-0.2159,23.9,12.39,0.01,3.48,21.76,18.8,19.51,23.2315,23.993,25.175499999999996,-0.09299999999999997,0.0,0.0,0.0,0.0,0.0,0.0,0.0,completed,NASA_POWER_MERRA2_GEOS_IT,v2.9.7,LST,False
HRF-0089,HRF-0089,2017-06-07,0,51.5131,-0.2159,19.14,8.55,2.44,8.88,14.54,17.5,18.56,23.2315,23.993,25.175499999999996,-4.852999999999998,0.0,0.0,0.0,0.0,0.0,0.0,0.0,completed,NASA_POWER_MERRA2_GEOS_IT,v2.9.7,LST,False
HRF-0089,HRF-0089,2017-06-21,0,51.5131,-0.2159,28.85,16.43,0.05,3.82,27.76,28.63,28.96,23.2315,23.993,25.175499999999996,4.857000000000003,0.0,0.0,0.0,0.0,0.0,0.0,1.0,completed,NASA_POWER_MERRA2_GEOS_IT,v2.9.7,LST,False
HRF-0089,HRF-0089,2017-06-28,0,51.5131,-0.2159,17.79,12.82,13.25,3.72,18.04,22.92,21.8,23.2315,23.993,25.175499999999996,-6.202999999999999,0.0,0.0,0.0,0.0,0.0,0.0,0.0,completed,NASA_POWER_MERRA2_GEOS_IT,v2.9.7,LST,False
HRF-0090,HRF-0090,2017-07-14,1,21.2883,-157.826,28.52,21.33,0.08,7.03,28.66,28.29,28.96,28.16,28.31,28.63,0.21000000000000085,0.0,0.0,0.0,0.0,0.0,0.0,0.0,completed,NASA_POWER_MERRA2_GEOS_IT,v2.9.7,LST,False
HRF-0090,HRF-0090,2017-07-07,0,21.2883,-157.826,28.05,20.83,0.04,6.53,27.55,28.02,28.09,28.16,28.31,28.63,-0.259999999999998,0.0,0.0,0.0,0.0,0.0,0.0,0.0,completed,NASA_POWER_MERRA2_GEOS_IT,v2.9.7,LST,False
HRF-0090,HRF-0090,2017-07-21,0,21.2883,-157.826,27.85,20.99,0.66,7.94,27.83,27.84,27.94,28.16,28.31,28.63,-0.4599999999999973,0.0,0.0,0.0,0.0,0.0,0.0,0.0,completed,NASA_POWER_MERRA2_GEOS_IT,v2.9.7,LST,False
HRF-0090,HRF-0090,2017-07-28,0,21.2883,-157.826,28.18,22.2,0.64,6.04,28.13,28.22,27.98,28.16,28.31,28.63,-0.129999999999999,0.0,0.0,0.0,0.0,0.0,0.0,0.0,completed,NASA_POWER_MERRA2_GEOS_IT,v2.9.7,LST,False
HRF-0091,HRF-0091,2017-07-22,1,36.29807,59.60567,30.3,-3.17,0.0,6.55,29.85,28.34,27.58,33.976499999999994,34.58,35.421,-4.279999999999998,0.0,0.0,0.0,0.0,0.0,0.0,0.0,completed,NASA_POWER_MERRA2_GEOS_IT,v2.9.7,LST,False
HRF-0091,HRF-0091,2017-07-01,0,36.29807,59.60567,30.75,-1.03,0.0,5.73,31.95,32.01,27.88,33.976499999999994,34.58,35.421,-3.8299999999999983,0.0,0.0,0.0,0.0,0.0,0.0,0.0,completed,NASA_POWER_MERRA2_GEOS_IT,v2.9.7,LST,False
HRF-0091,HRF-0091,2017-07-08,0,36.29807,59.60567,35.09,3.06,0.0,5.25,33.16,34.48,34.47,33.976499999999994,34.58,35.421,0.5100000000000051,0.0,0.0,0.0,0.0,0.0,0.0,0.0,completed,NASA_POWER_MERRA2_GEOS_IT,v2.9.7,LST,False
HRF-0091,HRF-0091,2017-07-15,0,36.29807,59.60567,28.91,-0.47,0.0,3.92,25.52,21.67,26.03,33.976499999999994,34.58,35.421,-5.669999999999998,0.0,0.0,0.0,0.0,0.0,0.0,0.0,completed,NASA_POWER_MERRA2_GEOS_IT,v2.9.7,LST,False
HRF-0091,HRF-0091,2017-07-29,0,36.29807,59.60567,32.62,2.19,0.0,4.77,33.23,32.99,33.18,33.976499999999994,34.58,35.421,-1.9600000000000009,0.0,0.0,0.0,0.0,0.0,0.0,0.0,completed,NASA_POWER_MERRA2_GEOS_IT,v2.9.7,LST,False
HRF-0093,HRF-0093,2017-12-30,1,53.4843,-2.235,7.49,3.79,6.95,6.83,4.06,4.12,2.67,9.7065,10.291,11.18,-2.801,0.0,0.0,0.0,0.0,0.0,0.0,0.0,completed,NASA_POWER_MERRA2_GEOS_IT,v2.9.7,LST,False
HRF-0093,HRF-0093,2017-12-02,0,53.4843,-2.235,6.92,4.83,1.29,3.49,3.4,2.26,4.07,9.7065,10.291,11.18,-3.3710000000000004,0.0,0.0,0.0,0.0,0.0,0.0,0.0,completed,NASA_POWER_MERRA2_GEOS_IT,v2.9.7,LST,False
HRF-0093,HRF-0093,2017-12-09,0,53.4843,-2.235,2.91,-0.36,1.09,4.14,2.58,11.53,9.11,9.7065,10.291,11.18,-7.381,0.0,0.0,0.0,0.0,0.0,0.0,0.0,completed,NASA_POWER_MERRA2_GEOS_IT,v2.9.7,LST,False
HRF-0093,HRF-0093,2017-12-16,0,53.4843,-2.235,3.45,0.95,1.01,3.38,3.69,4.22,4.78,9.7065,10.291,11.18,-6.841,0.0,0.0,0.0,0.0,0.0,0.0,0.0,completed,NASA_POWER_MERRA2_GEOS_IT,v2.9.7,LST,False
HRF-0093,HRF-0093,2017-12-23,0,53.4843,-2.235,8.77,7.47,0.85,5.63,8.67,9.39,9.85,9.7065,10.291,11.18,-1.5210000000000008,0.0,0.0,0.0,0.0,0.0,0.0,0.0,completed,NASA_POWER_MERRA2_GEOS_IT,v2.9.7,LST,False
HRF-0094,HRF-0094,2018-02-01,1,34.75778,113.64861,8.3,-10.26,0.0,3.31,6.62,4.96,4.15,15.758499999999998,17.112000000000005,18.5965,-8.812000000000005,0.0,0.0,0.0,0.0,0.0,0.0,0.0,completed,NASA_POWER_MERRA2_GEOS_IT,v2.9.7,LST,False
HRF-0094,HRF-0094,2018-02-08,0,34.75778,113.64861,7.04,-8.71,0.0,3.51,9.46,5.51,6.45,15.758499999999998,17.112000000000005,18.5965,-10.072000000000006,0.0,0.0,0.0,0.0,0.0,0.0,0.0,completed,NASA_POWER_MERRA2_GEOS_IT,v2.9.7,LST,False
HRF-0094,HRF-0094,2018-02-15,0,34.75778,113.64861,6.63,-9.48,0.0,3.09,12.2,14.84,9.7,15.758499999999998,17.112000000000005,18.5965,-10.482000000000006,0.0,0.0,0.0,0.0,0.0,0.0,0.0,completed,NASA_POWER_MERRA2_GEOS_IT,v2.9.7,LST,False
HRF-0094,HRF-0094,2018-02-22,0,34.75778,113.64861,15.31,-7.75,0.0,5.11,9.29,5.96,14.15,15.758499999999998,17.112000000000005,18.5965,-1.802000000000005,0.0,0.0,0.0,0.0,0.0,0.0,0.0,completed,NASA_POWER_MERRA2_GEOS_IT,v2.9.7,LST,False
HRF-0097,HRF-0097,2018-04-07,1,40.7624,-73.9738,6.73,-1.59,0.55,3.48,10.48,5.65,15.06,18.9575,20.104000000000003,22.070999999999998,-13.374000000000002,0.0,0.0,0.0,0.0,0.0,0.0,0.0,completed,NASA_POWER_MERRA2_GEOS_IT,v2.9.7,LST,False
HRF-0097,HRF-0097,2018-04-14,0,40.7624,-73.9738,21.85,10.71,0.07,3.87,20.09,12.31,9.42,18.9575,20.104000000000003,22.070999999999998,1.7459999999999987,0.0,0.0,0.0,0.0,0.0,0.0,0.0,completed,NASA_POWER_MERRA2_GEOS_IT,v2.9.7,LST,False
HRF-0097,HRF-0097,2018-04-21,0,40.7624,-73.9738,13.97,1.28,0.0,3.18,9.85,8.64,9.86,18.9575,20.104000000000003,22.070999999999998,-6.134000000000002,0.0,0.0,0.0,0.0,0.0,0.0,0.0,completed,NASA_POWER_MERRA2_GEOS_IT,v2.9.7,LST,False
HRF-0097,HRF-0097,2018-04-28,0,40.7624,-73.9738,18.35,9.26,2.22,2.42,12.58,17.2,14.68,18.9575,20.104000000000003,22.070999999999998,-1.7540000000000013,0.0,0.0,0.0,0.0,0.0,0.0,0.0,completed,NASA_POWER_MERRA2_GEOS_IT,v2.9.7,LST,False
HRF-0100,HRF-0100,2018-05-01,1,-23.5421,-46.6364,28.37,15.17,0.01,2.28,29.43,29.27,29.0,25.136499999999998,25.711000000000002,26.3765,2.658999999999999,0.0,0.0,0.0,0.0,0.0,0.0,1.0,completed,NASA_POWER_MERRA2_GEOS_IT,v2.9.7,LST,False
HRF-0100,HRF-0100,2018-05-08,0,-23.5421,-46.6364,25.13,15.63,0.38,4.83,25.44,28.1,29.53,25.136499999999998,25.711000000000002,26.3765,-0.5810000000000031,0.0,0.0,0.0,0.0,0.0,0.0,0.0,completed,NASA_POWER_MERRA2_GEOS_IT,v2.9.7,LST,False
HRF-0100,HRF-0100,2018-05-15,0,-23.5421,-46.6364,25.67,15.7,0.17,3.1,27.4,25.78,25.14,25.136499999999998,25.711000000000002,26.3765,-0.04100000000000037,0.0,0.0,0.0,0.0,0.0,0.0,0.0,completed,NASA_POWER_MERRA2_GEOS_IT,v2.9.7,LST,False
HRF-0100,HRF-0100,2018-05-22,0,-23.5421,-46.6364,24.71,7.71,0.02,2.2,21.31,19.01,25.32,25.136499999999998,25.711000000000002,26.3765,-1.0010000000000012,0.0,0.0,0.0,0.0,0.0,0.0,0.0,completed,NASA_POWER_MERRA2_GEOS_IT,v2.9.7,LST,False
HRF-0100,HRF-0100,2018-05-29,0,-23.5421,-46.6364,24.9,9.82,0.0,2.44,24.74,24.57,24.13,25.136499999999998,25.711000000000002,26.3765,-0.8110000000000035,0.0,0.0,0.0,0.0,0.0,0.0,0.0,completed,NASA_POWER_MERRA2_GEOS_IT,v2.9.7,LST,False
HRF-0103,HRF-0103,2018-09-05,1,-26.205,28.043,29.51,-4.8,0.0,4.66,27.7,22.28,26.77,30.2545,30.793,31.432499999999997,-1.2829999999999977,0.0,0.0,0.0,0.0,0.0,0.0,0.0,completed,NASA_POWER_MERRA2_GEOS_IT,v2.9.7,LST,False
HRF-0103,HRF-0103,2018-09-12,0,-26.205,28.043,26.98,-10.0,0.0,4.4,24.42,22.76,17.21,30.2545,30.793,31.432499999999997,-3.812999999999999,0.0,0.0,0.0,0.0,0.0,0.0,0.0,completed,NASA_POWER_MERRA2_GEOS_IT,v2.9.7,LST,False
HRF-0103,HRF-0103,2018-09-19,0,-26.205,28.043,33.29,-6.23,0.0,5.95,33.01,31.02,31.67,30.2545,30.793,31.432499999999997,2.497,1.0,1.0,1.0,1.0,1.0,0.0,1.0,completed,NASA_POWER_MERRA2_GEOS_IT,v2.9.7,LST,False
HRF-0103,HRF-0103,2018-09-26,0,-26.205,28.043,31.84,0.27,0.0,3.23,29.51,30.15,27.89,30.2545,30.793,31.432499999999997,1.0470000000000006,0.0,0.0,0.0,0.0,0.0,0.0,0.0,completed,NASA_POWER_MERRA2_GEOS_IT,v2.9.7,LST,False
HRF-0106,HRF-0106,2019-02-05,1,48.847,2.263,6.77,-1.83,0.0,3.54,2.69,5.31,3.94,11.81,12.476000000000003,13.995499999999998,-5.706000000000003,0.0,0.0,0.0,0.0,0.0,0.0,0.0,completed,NASA_POWER_MERRA2_GEOS_IT,v2.9.7,LST,False
HRF-0106,HRF-0106,2019-02-12,0,48.847,2.263,8.47,-0.02,0.06,1.91,9.1,9.97,11.36,11.81,12.476000000000003,13.995499999999998,-4.006000000000002,0.0,0.0,0.0,0.0,0.0,0.0,0.0,completed,NASA_POWER_MERRA2_GEOS_IT,v2.9.7,LST,False
HRF-0106,HRF-0106,2019-02-19,0,48.847,2.263,10.16,4.05,0.47,1.88,13.81,14.91,14.6,11.81,12.476000000000003,13.995499999999998,-2.3160000000000025,0.0,0.0,0.0,0.0,0.0,0.0,0.0,completed,NASA_POWER_MERRA2_GEOS_IT,v2.9.7,LST,False
HRF-0106,HRF-0106,2019-02-26,0,48.847,2.263,16.44,5.23,0.02,3.53,15.39,13.22,13.93,11.81,12.476000000000003,13.995499999999998,3.9639999999999986,0.0,0.0,0.0,0.0,0.0,0.0,1.0,completed,NASA_POWER_MERRA2_GEOS_IT,v2.9.7,LST,False
HRF-0107,HRF-0107,2019-03-14,1,34.7986,114.30742,22.48,-4.5,0.0,3.06,14.84,15.95,19.86,22.2365,23.771,25.739499999999996,-1.2910000000000004,0.0,0.0,0.0,0.0,0.0,0.0,0.0,completed,NASA_POWER_MERRA2_GEOS_IT,v2.9.7,LST,False
HRF-0107,HRF-0107,2019-03-07,0,34.7986,114.30742,12.95,-5.31,0.0,3.02,16.56,18.53,15.96,22.2365,23.771,25.739499999999996,-10.821000000000002,0.0,0.0,0.0,0.0,0.0,0.0,0.0,completed,NASA_POWER_MERRA2_GEOS_IT,v2.9.7,LST,False
HRF-0107,HRF-0107,2019-03-21,0,34.7986,114.30742,13.39,-6.26,0.0,6.99,23.72,24.8,24.37,22.2365,23.771,25.739499999999996,-10.381,0.0,0.0,0.0,0.0,0.0,0.0,0.0,completed,NASA_POWER_MERRA2_GEOS_IT,v2.9.7,LST,False
HRF-0107,HRF-0107,2019-03-28,0,34.7986,114.30742,17.73,0.05,0.0,5.36,26.65,27.17,25.53,22.2365,23.771,25.739499999999996,-6.041,0.0,0.0,0.0,0.0,0.0,0.0,0.0,completed,NASA_POWER_MERRA2_GEOS_IT,v2.9.7,LST,False
HRF-0110,HRF-0110,2019-05-29,1,34.67345,112.43684,29.15,9.37,0.63,2.73,23.95,29.67,38.52,33.616499999999995,34.482,35.85449999999999,-5.332000000000001,0.0,0.0,0.0,0.0,0.0,0.0,0.0,completed,NASA_POWER_MERRA2_GEOS_IT,v2.9.7,LST,False
HRF-0110,HRF-0110,2019-05-01,0,34.67345,112.43684,24.91,0.47,0.14,1.95,26.42,24.79,17.32,33.616499999999995,34.482,35.85449999999999,-9.572,0.0,0.0,0.0,0.0,0.0,0.0,0.0,completed,NASA_POWER_MERRA2_GEOS_IT,v2.9.7,LST,False
HRF-0110,HRF-0110,2019-05-08,0,34.67345,112.43684,24.3,4.6,0.0,3.52,19.16,20.55,26.64,33.616499999999995,34.482,35.85449999999999,-10.181999999999999,0.0,0.0,0.0,0.0,0.0,0.0,0.0,completed,NASA_POWER_MERRA2_GEOS_IT,v2.9.7,LST,False
HRF-0110,HRF-0110,2019-05-15,0,34.67345,112.43684,29.21,12.53,0.01,2.06,30.36,26.62,30.53,33.616499999999995,34.482,35.85449999999999,-5.2719999999999985,0.0,0.0,0.0,0.0,0.0,0.0,0.0,completed,NASA_POWER_MERRA2_GEOS_IT,v2.9.7,LST,False
HRF-0110,HRF-0110,2019-05-22,0,34.67345,112.43684,36.81,0.29,0.0,3.9,33.22,28.65,27.89,33.616499999999995,34.482,35.85449999999999,2.328000000000003,0.0,0.0,0.0,0.0,0.0,0.0,0.0,completed,NASA_POWER_MERRA2_GEOS_IT,v2.9.7,LST,False
HRF-0111,HRF-0111,2019-06-07,1,52.229,20.9847,27.12,15.53,0.65,2.95,26.84,26.84,27.96,26.9115,28.091,29.3,-0.9710000000000001,0.0,0.0,0.0,0.0,0.0,0.0,0.0,completed,NASA_POWER_MERRA2_GEOS_IT,v2.9.7,LST,False
HRF-0111,HRF-0111,2019-06-14,0,52.229,20.9847,29.49,18.0,3.69,3.64,33.1,32.08,31.81,26.9115,28.091,29.3,1.3989999999999974,0.0,0.0,0.0,0.0,0.0,0.0,1.0,completed,NASA_POWER_MERRA2_GEOS_IT,v2.9.7,LST,False
HRF-0111,HRF-0111,2019-06-21,0,52.229,20.9847,26.48,17.83,5.74,1.76,26.06,24.74,26.81,26.9115,28.091,29.3,-1.6110000000000007,0.0,0.0,0.0,0.0,0.0,0.0,0.0,completed,NASA_POWER_MERRA2_GEOS_IT,v2.9.7,LST,False
HRF-0111,HRF-0111,2019-06-28,0,52.229,20.9847,23.03,9.09,0.03,5.65,26.21,35.29,31.75,26.9115,28.091,29.3,-5.061,0.0,0.0,0.0,0.0,0.0,0.0,0.0,completed,NASA_POWER_MERRA2_GEOS_IT,v2.9.7,LST,False
HRF-0112,HRF-0112,2019-06-10,1,40.7616,-73.9825,20.21,15.86,12.34,3.34,21.95,24.6,25.94,28.86,29.761000000000003,30.73,-9.551000000000002,0.0,0.0,0.0,0.0,0.0,0.0,0.0,completed,NASA_POWER_MERRA2_GEOS_IT,v2.9.7,LST,False
HRF-0112,HRF-0112,2019-06-03,0,40.7616,-73.9825,19.37,8.91,1.04,3.35,24.86,24.53,25.0,28.86,29.761000000000003,30.73,-10.391000000000002,0.0,0.0,0.0,0.0,0.0,0.0,0.0,completed,NASA_POWER_MERRA2_GEOS_IT,v2.9.7,LST,False
HRF-0112,HRF-0112,2019-06-17,0,40.7616,-73.9825,24.25,18.47,6.45,1.65,24.5,24.19,20.7,28.86,29.761000000000003,30.73,-5.511000000000003,0.0,0.0,0.0,0.0,0.0,0.0,0.0,completed,NASA_POWER_MERRA2_GEOS_IT,v2.9.7,LST,False
HRF-0112,HRF-0112,2019-06-24,0,40.7616,-73.9825,26.21,17.47,0.07,1.96,25.95,24.33,23.27,28.86,29.761000000000003,30.73,-3.551000000000002,0.0,0.0,0.0,0.0,0.0,0.0,0.0,completed,NASA_POWER_MERRA2_GEOS_IT,v2.9.7,LST,False
HRF-0113,HRF-0113,2019-08-14,1,52.22977,21.01178,19.47,11.11,3.04,3.16,24.57,32.68,29.37,29.813,30.871000000000002,32.561,-11.401000000000003,0.0,0.0,0.0,0.0,0.0,0.0,0.0,completed,NASA_POWER_MERRA2_GEOS_IT,v2.9.7,LST,False
HRF-0113,HRF-0113,2019-08-07,0,52.22977,21.01178,28.71,14.89,1.17,3.1,28.64,24.92,24.93,29.813,30.871000000000002,32.561,-2.1610000000000014,0.0,0.0,0.0,0.0,0.0,0.0,0.0,completed,NASA_POWER_MERRA2_GEOS_IT,v2.9.7,LST,False
HRF-0113,HRF-0113,2019-08-21,0,52.22977,21.01178,20.42,14.27,6.62,4.27,28.45,31.44,29.04,29.813,30.871000000000002,32.561,-10.451,0.0,0.0,0.0,0.0,0.0,0.0,0.0,completed,NASA_POWER_MERRA2_GEOS_IT,v2.9.7,LST,False
HRF-0113,HRF-0113,2019-08-28,0,52.22977,21.01178,32.59,13.72,0.03,4.67,32.59,31.9,29.43,29.813,30.871000000000002,32.561,1.7190000000000012,1.0,1.0,1.0,1.0,0.0,0.0,1.0,completed,NASA_POWER_MERRA2_GEOS_IT,v2.9.7,LST,False
HRF-0114,HRF-0114,2019-11-14,1,48.8566,2.3522,7.53,2.71,5.15,4.32,8.92,7.15,9.6,13.993,14.893,16.262999999999998,-7.363,0.0,0.0,0.0,0.0,0.0,0.0,0.0,completed,NASA_POWER_MERRA2_GEOS_IT,v2.9.7,LST,False
HRF-0114,HRF-0114,2019-11-07,0,48.8566,2.3522,10.32,5.48,7.64,6.44,11.94,11.67,13.96,13.993,14.893,16.262999999999998,-4.573,0.0,0.0,0.0,0.0,0.0,0.0,0.0,completed,NASA_POWER_MERRA2_GEOS_IT,v2.9.7,LST,False
HRF-0114,HRF-0114,2019-11-21,0,48.8566,2.3522,7.73,3.54,0.48,4.66,6.04,8.41,6.55,13.993,14.893,16.262999999999998,-7.163,0.0,0.0,0.0,0.0,0.0,0.0,0.0,completed,NASA_POWER_MERRA2_GEOS_IT,v2.9.7,LST,False
HRF-0114,HRF-0114,2019-11-28,0,48.8566,2.3522,12.01,8.07,1.05,7.63,12.17,12.45,11.14,13.993,14.893,16.262999999999998,-2.883000000000001,0.0,0.0,0.0,0.0,0.0,0.0,0.0,completed,NASA_POWER_MERRA2_GEOS_IT,v2.9.7,LST,False
HRF-0115,HRF-0115,2019-11-16,1,53.578,-2.429,8.18,5.59,2.05,2.9,8.14,5.45,6.03,11.6915,12.253,13.21,-4.073,0.0,0.0,0.0,0.0,0.0,0.0,0.0,completed,NASA_POWER_MERRA2_GEOS_IT,v2.9.7,LST,False
HRF-0115,HRF-0115,2019-11-02,0,53.578,-2.429,11.51,7.35,2.16,3.87,12.67,9.66,9.39,11.6915,12.253,13.21,-0.7430000000000003,0.0,0.0,0.0,0.0,0.0,0.0,0.0,completed,NASA_POWER_MERRA2_GEOS_IT,v2.9.7,LST,False
HRF-0115,HRF-0115,2019-11-09,0,53.578,-2.429,3.93,1.9,5.32,5.05,6.87,6.57,5.5,11.6915,12.253,13.21,-8.323,0.0,0.0,0.0,0.0,0.0,0.0,0.0,completed,NASA_POWER_MERRA2_GEOS_IT,v2.9.7,LST,False
HRF-0115,HRF-0115,2019-11-23,0,53.578,-2.429,8.05,6.78,6.31,5.71,7.26,4.94,6.16,11.6915,12.253,13.21,-4.202999999999999,0.0,0.0,0.0,0.0,0.0,0.0,0.0,completed,NASA_POWER_MERRA2_GEOS_IT,v2.9.7,LST,False
HRF-0115,HRF-0115,2019-11-30,0,53.578,-2.429,2.81,0.37,0.16,4.14,3.95,7.51,8.28,11.6915,12.253,13.21,-9.443,0.0,0.0,0.0,0.0,0.0,0.0,0.0,completed,NASA_POWER_MERRA2_GEOS_IT,v2.9.7,LST,False
HRF-0116,HRF-0116,2019-11-27,1,-33.9005,151.2073,21.46,7.95,0.0,3.89,28.99,24.6,21.14,25.913,27.596,29.270999999999997,-6.135999999999999,0.0,0.0,0.0,0.0,0.0,0.0,0.0,completed,NASA_POWER_MERRA2_GEOS_IT,v2.9.7,LST,False
HRF-0116,HRF-0116,2019-11-06,0,-33.9005,151.2073,26.69,8.03,0.0,2.83,18.08,22.55,27.2,25.913,27.596,29.270999999999997,-0.9059999999999988,0.0,0.0,0.0,0.0,0.0,0.0,0.0,completed,NASA_POWER_MERRA2_GEOS_IT,v2.9.7,LST,False
HRF-0116,HRF-0116,2019-11-13,0,-33.9005,151.2073,21.69,5.58,0.0,3.68,29.4,23.95,22.37,25.913,27.596,29.270999999999997,-5.905999999999999,0.0,0.0,0.0,0.0,0.0,0.0,0.0,completed,NASA_POWER_MERRA2_GEOS_IT,v2.9.7,LST,False
HRF-0116,HRF-0116,2019-11-20,0,-33.9005,151.2073,21.31,14.82,0.0,4.0,31.05,24.49,20.29,25.913,27.596,29.270999999999997,-6.286000000000001,0.0,0.0,0.0,0.0,0.0,0.0,0.0,completed,NASA_POWER_MERRA2_GEOS_IT,v2.9.7,LST,False
HRF-0117,HRF-0117,2019-12-06,1,48.99923,21.2355,-1.4,-5.94,0.29,5.13,-0.87,0.14,1.35,2.8564999999999996,3.591,4.684999999999996,-4.991,0.0,0.0,0.0,0.0,0.0,0.0,0.0,completed,NASA_POWER_MERRA2_GEOS_IT,v2.9.7,LST,False
HRF-0117,HRF-0117,2019-12-13,0,48.99923,21.2355,0.87,-0.2,7.66,3.89,1.6,1.15,2.41,2.8564999999999996,3.591,4.684999999999996,-2.721,0.0,0.0,0.0,0.0,0.0,0.0,0.0,completed,NASA_POWER_MERRA2_GEOS_IT,v2.9.7,LST,False
HRF-0117,HRF-0117,2019-12-20,0,48.99923,21.2355,4.79,2.63,0.17,3.47,5.13,4.91,3.13,2.8564999999999996,3.591,4.684999999999996,1.1989999999999998,0.0,0.0,0.0,0.0,0.0,0.0,1.0,completed,NASA_POWER_MERRA2_GEOS_IT,v2.9.7,LST,False
HRF-0117,HRF-0117,2019-12-27,0,48.99923,21.2355,2.11,-1.81,1.61,3.34,3.13,4.2,2.66,2.8564999999999996,3.591,4.684999999999996,-1.4810000000000003,0.0,0.0,0.0,0.0,0.0,0.0,0.0,completed,NASA_POWER_MERRA2_GEOS_IT,v2.9.7,LST,False
HRF-0119,HRF-0119,2020-07-13,1,9.0579,7.4951,27.63,22.17,2.2,2.91,26.2,27.25,27.52,29.35,29.701999999999998,30.4955,-2.071999999999999,0.0,0.0,0.0,0.0,0.0,0.0,0.0,completed,NASA_POWER_MERRA2_GEOS_IT,v2.9.7,LST,False
HRF-0119,HRF-0119,2020-07-06,0,9.0579,7.4951,29.06,22.19,1.15,2.0,26.83,27.64,29.7,29.35,29.701999999999998,30.4955,-0.6419999999999995,0.0,0.0,0.0,0.0,0.0,0.0,0.0,completed,NASA_POWER_MERRA2_GEOS_IT,v2.9.7,LST,False
HRF-0119,HRF-0119,2020-07-20,0,9.0579,7.4951,26.29,21.89,12.21,2.67,27.11,25.78,26.81,29.35,29.701999999999998,30.4955,-3.411999999999999,0.0,0.0,0.0,0.0,0.0,0.0,0.0,completed,NASA_POWER_MERRA2_GEOS_IT,v2.9.7,LST,False
HRF-0119,HRF-0119,2020-07-27,0,9.0579,7.4951,26.6,22.08,14.47,2.27,28.26,27.06,25.79,29.35,29.701999999999998,30.4955,-3.1019999999999968,0.0,0.0,0.0,0.0,0.0,0.0,0.0,completed,NASA_POWER_MERRA2_GEOS_IT,v2.9.7,LST,False
HRF-0120,HRF-0120,2020-07-27,1,39.91987,32.85427,34.9,10.52,0.0,3.42,34.38,30.85,29.81,33.53,34.432,35.661,0.4679999999999964,0.0,0.0,0.0,0.0,0.0,0.0,0.0,completed,NASA_POWER_MERRA2_GEOS_IT,v2.9.7,LST,False
HRF-0120,HRF-0120,2020-07-06,0,39.91987,32.85427,32.13,10.77,0.0,3.33,32.98,33.15,31.59,33.53,34.432,35.661,-2.3019999999999996,0.0,0.0,0.0,0.0,0.0,0.0,0.0,completed,NASA_POWER_MERRA2_GEOS_IT,v2.9.7,LST,False
HRF-0120,HRF-0120,2020-07-13,0,39.91987,32.85427,29.91,9.21,0.0,4.23,31.66,29.86,27.8,33.53,34.432,35.661,-4.522000000000002,0.0,0.0,0.0,0.0,0.0,0.0,0.0,completed,NASA_POWER_MERRA2_GEOS_IT,v2.9.7,LST,False
HRF-0120,HRF-0120,2020-07-20,0,39.91987,32.85427,36.98,10.35,0.0,3.91,35.5,31.33,29.62,33.53,34.432,35.661,2.5479999999999947,0.0,0.0,1.0,0.0,0.0,0.0,0.0,completed,NASA_POWER_MERRA2_GEOS_IT,v2.9.7,LST,False
HRF-0122,HRF-0122,2020-08-29,1,40.4168,-3.7038,23.23,5.18,0.0,7.0,33.22,37.05,37.07,36.0265,36.553,37.2955,-13.322999999999997,0.0,0.0,0.0,0.0,0.0,0.0,0.0,completed,NASA_POWER_MERRA2_GEOS_IT,v2.9.7,LST,False
HRF-0122,HRF-0122,2020-08-01,0,40.4168,-3.7038,38.31,2.06,0.0,3.42,38.51,39.0,37.74,36.0265,36.553,37.2955,1.757000000000005,1.0,1.0,1.0,1.0,1.0,1.0,1.0,completed,NASA_POWER_MERRA2_GEOS_IT,v2.9.7,LST,False
HRF-0122,HRF-0122,2020-08-08,0,40.4168,-3.7038,36.89,9.72,0.02,2.29,38.48,38.39,36.47,36.0265,36.553,37.2955,0.3370000000000033,1.0,1.0,1.0,1.0,0.0,0.0,1.0,completed,NASA_POWER_MERRA2_GEOS_IT,v2.9.7,LST,False
HRF-0122,HRF-0122,2020-08-15,0,40.4168,-3.7038,29.77,3.86,0.0,3.87,32.06,30.14,27.89,36.0265,36.553,37.2955,-6.782999999999998,0.0,0.0,0.0,0.0,0.0,0.0,0.0,completed,NASA_POWER_MERRA2_GEOS_IT,v2.9.7,LST,False
HRF-0122,HRF-0122,2020-08-22,0,40.4168,-3.7038,33.16,5.54,0.0,2.61,32.3,33.11,32.95,36.0265,36.553,37.2955,-3.3930000000000007,0.0,0.0,0.0,0.0,0.0,0.0,0.0,completed,NASA_POWER_MERRA2_GEOS_IT,v2.9.7,LST,False
HRF-0123,HRF-0123,2020-10-08,1,36.5,127.75,18.97,9.33,0.0,5.08,19.0,17.5,16.46,22.18,23.141000000000002,24.3175,-4.171000000000003,0.0,0.0,0.0,0.0,0.0,0.0,0.0,completed,NASA_POWER_MERRA2_GEOS_IT,v2.9.7,LST,False
HRF-0123,HRF-0123,2020-10-01,0,36.5,127.75,22.48,14.69,0.02,2.27,22.89,20.92,22.46,22.18,23.141000000000002,24.3175,-0.6610000000000014,0.0,0.0,0.0,0.0,0.0,0.0,0.0,completed,NASA_POWER_MERRA2_GEOS_IT,v2.9.7,LST,False
HRF-0123,HRF-0123,2020-10-15,0,36.5,127.75,15.94,2.81,0.0,2.52,16.86,16.07,20.54,22.18,23.141000000000002,24.3175,-7.201000000000002,0.0,0.0,0.0,0.0,0.0,0.0,0.0,completed,NASA_POWER_MERRA2_GEOS_IT,v2.9.7,LST,False
HRF-0123,HRF-0123,2020-10-22,0,36.5,127.75,17.44,8.47,0.32,3.48,16.01,19.16,18.81,22.18,23.141000000000002,24.3175,-5.7010000000000005,0.0,0.0,0.0,0.0,0.0,0.0,0.0,completed,NASA_POWER_MERRA2_GEOS_IT,v2.9.7,LST,False
HRF-0123,HRF-0123,2020-10-29,0,36.5,127.75,14.16,2.16,0.0,2.68,16.82,18.0,16.94,22.18,23.141000000000002,24.3175,-8.981000000000002,0.0,0.0,0.0,0.0,0.0,0.0,0.0,completed,NASA_POWER_MERRA2_GEOS_IT,v2.9.7,LST,False
HRF-0124,HRF-0124,2020-11-12,1,-3.6896,-40.3482,37.11,20.39,0.13,4.78,36.42,38.41,38.38,38.48,38.641,38.8705,-1.5309999999999988,0.0,0.0,0.0,0.0,0.0,0.0,0.0,completed,NASA_POWER_MERRA2_GEOS_IT,v2.9.7,LST,False
HRF-0124,HRF-0124,2020-11-05,0,-3.6896,-40.3482,36.52,19.91,0.1,4.53,34.36,33.41,39.19,38.48,38.641,38.8705,-2.120999999999995,0.0,0.0,0.0,0.0,0.0,0.0,0.0,completed,NASA_POWER_MERRA2_GEOS_IT,v2.9.7,LST,False
HRF-0124,HRF-0124,2020-11-19,0,-3.6896,-40.3482,37.3,20.27,0.33,5.29,37.41,37.89,38.84,38.48,38.641,38.8705,-1.341000000000001,0.0,0.0,0.0,0.0,0.0,0.0,0.0,completed,NASA_POWER_MERRA2_GEOS_IT,v2.9.7,LST,False
HRF-0124,HRF-0124,2020-11-26,0,-3.6896,-40.3482,36.83,18.48,0.0,5.81,36.36,37.41,35.89,38.48,38.641,38.8705,-1.811,0.0,0.0,0.0,0.0,0.0,0.0,0.0,completed,NASA_POWER_MERRA2_GEOS_IT,v2.9.7,LST,False
HRF-0125,HRF-0125,2020-11-18,1,-37.8136,144.9631,26.41,9.64,0.0,2.17,19.0,24.4,27.44,26.2475,27.761000000000003,29.950999999999997,-1.3510000000000026,0.0,0.0,0.0,0.0,0.0,0.0,0.0,completed,NASA_POWER_MERRA2_GEOS_IT,v2.9.7,LST,False
HRF-0125,HRF-0125,2020-11-04,0,-37.8136,144.9631,19.89,12.22,48.17,5.27,25.91,25.66,16.92,26.2475,27.761000000000003,29.950999999999997,-7.871000000000002,0.0,0.0,0.0,0.0,0.0,0.0,0.0,completed,NASA_POWER_MERRA2_GEOS_IT,v2.9.7,LST,False
HRF-0125,HRF-0125,2020-11-11,0,-37.8136,144.9631,24.64,15.54,12.59,7.07,27.93,25.29,19.21,26.2475,27.761000000000003,29.950999999999997,-3.121000000000002,0.0,0.0,0.0,0.0,0.0,0.0,0.0,completed,NASA_POWER_MERRA2_GEOS_IT,v2.9.7,LST,False
HRF-0125,HRF-0125,2020-11-25,0,-37.8136,144.9631,27.89,13.91,0.0,2.8,19.16,19.11,24.48,26.2475,27.761000000000003,29.950999999999997,0.12899999999999778,0.0,0.0,0.0,0.0,0.0,0.0,0.0,completed,NASA_POWER_MERRA2_GEOS_IT,v2.9.7,LST,False
HRF-0156,HRF-0156,2025-01-23,1,-37.8136,144.9631,20.1,11.38,1.42,4.35,22.31,33.32,32.89,32.156499999999994,33.685,35.6755,-13.585,0.0,0.0,0.0,0.0,0.0,0.0,0.0,completed,NASA_POWER_MERRA2_GEOS_IT,v2.9.7,LST,False
HRF-0156,HRF-0156,2025-01-02,0,-37.8136,144.9631,20.04,8.7,0.0,5.88,22.53,24.34,27.9,32.156499999999994,33.685,35.6755,-13.645000000000003,0.0,0.0,0.0,0.0,0.0,0.0,0.0,completed,NASA_POWER_MERRA2_GEOS_IT,v2.9.7,LST,False
HRF-0156,HRF-0156,2025-01-09,0,-37.8136,144.9631,30.09,12.15,0.01,3.76,29.21,25.55,22.88,32.156499999999994,33.685,35.6755,-3.5950000000000024,0.0,0.0,0.0,0.0,0.0,0.0,0.0,completed,NASA_POWER_MERRA2_GEOS_IT,v2.9.7,LST,False
HRF-0156,HRF-0156,2025-01-16,0,-37.8136,144.9631,20.6,10.37,0.58,6.04,22.26,25.68,26.31,32.156499999999994,33.685,35.6755,-13.085,0.0,0.0,0.0,0.0,0.0,0.0,0.0,completed,NASA_POWER_MERRA2_GEOS_IT,v2.9.7,LST,False
HRF-0156,HRF-0156,2025-01-30,0,-37.8136,144.9631,21.43,10.55,0.0,4.94,21.2,22.5,37.07,32.156499999999994,33.685,35.6755,-12.255000000000003,0.0,0.0,0.0,0.0,0.0,0.0,0.0,completed,NASA_POWER_MERRA2_GEOS_IT,v2.9.7,LST,False
HRF-0126,HRF-0126,2021-03-09,1,38.04139,114.47861,18.23,2.65,0.0,2.7,12.52,8.88,4.66,21.636499999999998,23.173000000000002,25.372999999999998,-4.943000000000001,0.0,0.0,0.0,0.0,0.0,0.0,0.0,completed,NASA_POWER_MERRA2_GEOS_IT,v2.9.7,LST,False
HRF-0126,HRF-0126,2021-03-02,0,38.04139,114.47861,14.85,-3.87,0.0,2.9,5.17,8.37,13.87,21.636499999999998,23.173000000000002,25.372999999999998,-8.323000000000002,0.0,0.0,0.0,0.0,0.0,0.0,0.0,completed,NASA_POWER_MERRA2_GEOS_IT,v2.9.7,LST,False
HRF-0126,HRF-0126,2021-03-16,0,38.04139,114.47861,14.12,-8.0,0.02,2.65,18.13,15.98,16.6,21.636499999999998,23.173000000000002,25.372999999999998,-9.053000000000003,0.0,0.0,0.0,0.0,0.0,0.0,0.0,completed,NASA_POWER_MERRA2_GEOS_IT,v2.9.7,LST,False
HRF-0126,HRF-0126,2021-03-23,0,38.04139,114.47861,25.95,-2.3,0.0,3.55,20.26,12.22,15.06,21.636499999999998,23.173000000000002,25.372999999999998,2.7769999999999975,0.0,0.0,0.0,0.0,0.0,0.0,0.0,completed,NASA_POWER_MERRA2_GEOS_IT,v2.9.7,LST,False
HRF-0126,HRF-0126,2021-03-30,0,38.04139,114.47861,22.51,4.85,0.02,3.01,19.77,22.03,23.05,21.636499999999998,23.173000000000002,25.372999999999998,-0.6630000000000003,0.0,0.0,0.0,0.0,0.0,0.0,0.0,completed,NASA_POWER_MERRA2_GEOS_IT,v2.9.7,LST,False
HRF-0128,HRF-0128,2021-08-29,1,45.4376,9.1805,25.87,10.45,0.07,1.44,24.31,24.62,28.53,32.13,32.878,33.8665,-7.007999999999999,0.0,0.0,0.0,0.0,0.0,0.0,0.0,completed,NASA_POWER_MERRA2_GEOS_IT,v2.9.7,LST,False
HRF-0128,HRF-0128,2021-08-01,0,45.4376,9.1805,25.86,17.46,12.51,2.14,29.5,29.08,29.23,32.13,32.878,33.8665,-7.018000000000001,0.0,0.0,0.0,0.0,0.0,0.0,0.0,completed,NASA_POWER_MERRA2_GEOS_IT,v2.9.7,LST,False
HRF-0128,HRF-0128,2021-08-08,0,45.4376,9.1805,28.23,18.02,2.95,1.52,27.91,28.29,27.74,32.13,32.878,33.8665,-4.648,0.0,0.0,0.0,0.0,0.0,0.0,0.0,completed,NASA_POWER_MERRA2_GEOS_IT,v2.9.7,LST,False
HRF-0128,HRF-0128,2021-08-15,0,45.4376,9.1805,33.69,19.4,0.17,1.19,33.89,32.91,32.84,32.13,32.878,33.8665,0.8119999999999976,1.0,1.0,1.0,1.0,0.0,0.0,1.0,completed,NASA_POWER_MERRA2_GEOS_IT,v2.9.7,LST,False
HRF-0128,HRF-0128,2021-08-22,0,45.4376,9.1805,31.1,17.89,0.67,0.95,30.39,29.71,28.77,32.13,32.878,33.8665,-1.7779999999999987,0.0,0.0,0.0,0.0,0.0,0.0,0.0,completed,NASA_POWER_MERRA2_GEOS_IT,v2.9.7,LST,False
HRF-0129,HRF-0129,2021-10-14,1,22.61626,120.31333,27.87,23.62,43.51,6.33,29.1,29.75,30.76,29.982999999999997,30.19,30.54,-2.3200000000000003,0.0,0.0,0.0,0.0,0.0,0.0,0.0,completed,NASA_POWER_MERRA2_GEOS_IT,v2.9.7,LST,False
HRF-0129,HRF-0129,2021-10-07,0,22.61626,120.31333,29.12,24.59,8.53,6.45,31.37,31.58,31.87,29.982999999999997,30.19,30.54,-1.0700000000000003,0.0,0.0,0.0,0.0,0.0,0.0,0.0,completed,NASA_POWER_MERRA2_GEOS_IT,v2.9.7,LST,False
HRF-0129,HRF-0129,2021-10-21,0,22.61626,120.31333,29.07,21.63,0.5,4.07,28.78,28.46,28.62,29.982999999999997,30.19,30.54,-1.120000000000001,0.0,0.0,0.0,0.0,0.0,0.0,0.0,completed,NASA_POWER_MERRA2_GEOS_IT,v2.9.7,LST,False
HRF-0129,HRF-0129,2021-10-28,0,22.61626,120.31333,28.03,20.03,0.74,2.63,28.5,29.05,28.68,29.982999999999997,30.19,30.54,-2.16,0.0,0.0,0.0,0.0,0.0,0.0,0.0,completed,NASA_POWER_MERRA2_GEOS_IT,v2.9.7,LST,False
HRF-0131,HRF-0131,2022-01-09,1,40.8532,-73.8897,2.61,-1.54,4.13,4.42,-1.21,0.61,2.59,7.0665,8.331,10.810499999999994,-5.721,0.0,0.0,0.0,0.0,0.0,0.0,0.0,completed,NASA_POWER_MERRA2_GEOS_IT,v2.9.7,LST,False
HRF-0131,HRF-0131,2022-01-02,0,40.8532,-73.8897,11.36,5.38,1.88,3.19,10.97,9.77,10.3,7.0665,8.331,10.810499999999994,3.029,0.0,0.0,0.0,0.0,0.0,0.0,1.0,completed,NASA_POWER_MERRA2_GEOS_IT,v2.9.7,LST,False
HRF-0131,HRF-0131,2022-01-16,0,40.8532,-73.8897,1.86,-9.49,4.76,4.01,-8.28,3.69,6.3,7.0665,8.331,10.810499999999994,-6.470999999999999,0.0,0.0,0.0,0.0,0.0,0.0,0.0,completed,NASA_POWER_MERRA2_GEOS_IT,v2.9.7,LST,False
HRF-0131,HRF-0131,2022-01-23,0,40.8532,-73.8897,0.87,-7.37,0.09,2.66,-1.99,-5.5,1.28,7.0665,8.331,10.810499999999994,-7.460999999999999,0.0,0.0,0.0,0.0,0.0,0.0,0.0,completed,NASA_POWER_MERRA2_GEOS_IT,v2.9.7,LST,False
HRF-0131,HRF-0131,2022-01-30,0,40.8532,-73.8897,-4.46,-12.75,0.0,3.91,-3.38,-0.08,-1.86,7.0665,8.331,10.810499999999994,-12.791,0.0,0.0,0.0,0.0,0.0,0.0,0.0,completed,NASA_POWER_MERRA2_GEOS_IT,v2.9.7,LST,False
HRF-0132,HRF-0132,2022-09-16,1,28.19874,112.97087,34.2,17.38,0.0,1.67,32.68,32.96,34.15,33.143,33.9,34.86,0.30000000000000426,0.0,0.0,0.0,0.0,0.0,0.0,0.0,completed,NASA_POWER_MERRA2_GEOS_IT,v2.9.7,LST,False
HRF-0132,HRF-0132,2022-09-02,0,28.19874,112.97087,29.7,19.32,0.76,3.72,29.08,29.68,32.83,33.143,33.9,34.86,-4.199999999999999,0.0,0.0,0.0,0.0,0.0,0.0,0.0,completed,NASA_POWER_MERRA2_GEOS_IT,v2.9.7,LST,False
HRF-0132,HRF-0132,2022-09-09,0,28.19874,112.97087,35.15,18.9,0.0,2.42,33.21,33.55,34.08,33.143,33.9,34.86,1.25,0.0,1.0,0.0,0.0,0.0,0.0,0.0,completed,NASA_POWER_MERRA2_GEOS_IT,v2.9.7,LST,False
HRF-0132,HRF-0132,2022-09-23,0,28.19874,112.97087,32.07,17.14,0.0,4.22,28.46,31.24,32.77,33.143,33.9,34.86,-1.8299999999999983,0.0,0.0,0.0,0.0,0.0,0.0,0.0,completed,NASA_POWER_MERRA2_GEOS_IT,v2.9.7,LST,False
HRF-0132,HRF-0132,2022-09-30,0,28.19874,112.97087,37.6,20.12,0.0,3.09,35.22,32.91,33.85,33.143,33.9,34.86,3.700000000000003,0.0,0.0,1.0,0.0,0.0,0.0,0.0,completed,NASA_POWER_MERRA2_GEOS_IT,v2.9.7,LST,False
HRF-0134,HRF-0134,2022-10-09,1,33.72148,73.04329,27.91,17.47,0.0,1.85,28.13,28.3,28.68,33.8825,34.782000000000004,35.716499999999996,-6.872000000000003,0.0,0.0,0.0,0.0,0.0,0.0,0.0,completed,NASA_POWER_MERRA2_GEOS_IT,v2.9.7,LST,False
HRF-0134,HRF-0134,2022-10-02,0,33.72148,73.04329,30.02,19.55,3.63,1.58,29.48,29.45,29.04,33.8825,34.782000000000004,35.716499999999996,-4.762000000000004,0.0,0.0,0.0,0.0,0.0,0.0,0.0,completed,NASA_POWER_MERRA2_GEOS_IT,v2.9.7,LST,False
HRF-0134,HRF-0134,2022-10-16,0,33.72148,73.04329,27.83,13.06,0.0,2.11,26.74,26.33,26.18,33.8825,34.782000000000004,35.716499999999996,-6.952000000000005,0.0,0.0,0.0,0.0,0.0,0.0,0.0,completed,NASA_POWER_MERRA2_GEOS_IT,v2.9.7,LST,False
HRF-0134,HRF-0134,2022-10-23,0,33.72148,73.04329,26.23,10.24,0.0,2.23,25.71,25.31,25.43,33.8825,34.782000000000004,35.716499999999996,-8.552000000000003,0.0,0.0,0.0,0.0,0.0,0.0,0.0,completed,NASA_POWER_MERRA2_GEOS_IT,v2.9.7,LST,False
HRF-0134,HRF-0134,2022-10-30,0,33.72148,73.04329,26.2,12.12,0.0,2.64,25.63,26.59,26.39,33.8825,34.782000000000004,35.716499999999996,-8.582000000000004,0.0,0.0,0.0,0.0,0.0,0.0,0.0,completed,NASA_POWER_MERRA2_GEOS_IT,v2.9.7,LST,False
HRF-0136,HRF-0136,2022-11-05,1,40.7548,-73.9651,22.21,15.92,0.03,3.8,20.6,19.04,20.4,16.22,17.16,18.891,5.050000000000001,0.0,0.0,0.0,0.0,0.0,0.0,1.0,completed,NASA_POWER_MERRA2_GEOS_IT,v2.9.7,LST,False
HRF-0136,HRF-0136,2022-11-12,0,40.7548,-73.9651,19.32,14.38,10.94,4.23,18.72,17.95,11.4,16.22,17.16,18.891,2.16,0.0,0.0,0.0,0.0,0.0,0.0,1.0,completed,NASA_POWER_MERRA2_GEOS_IT,v2.9.7,LST,False
HRF-0136,HRF-0136,2022-11-19,0,40.7548,-73.9651,3.96,-4.75,0.0,3.25,5.52,6.69,7.94,16.22,17.16,18.891,-13.2,0.0,0.0,0.0,0.0,0.0,0.0,0.0,completed,NASA_POWER_MERRA2_GEOS_IT,v2.9.7,LST,False
HRF-0136,HRF-0136,2022-11-26,0,40.7548,-73.9651,11.85,1.68,0.04,3.41,11.65,10.66,11.01,16.22,17.16,18.891,-5.3100000000000005,0.0,0.0,0.0,0.0,0.0,0.0,0.0,completed,NASA_POWER_MERRA2_GEOS_IT,v2.9.7,LST,False
HRF-0138,HRF-0138,2022-11-24,1,43.80096,87.60046,2.52,-5.8,1.52,2.16,2.88,9.71,5.72,14.52,15.860999999999999,18.152999999999995,-13.341,0.0,0.0,0.0,0.0,0.0,0.0,0.0,completed,NASA_POWER_MERRA2_GEOS_IT,v2.9.7,LST,False
HRF-0138,HRF-0138,2022-11-03,0,43.80096,87.60046,13.25,-4.86,0.0,2.43,16.77,11.91,6.16,14.52,15.860999999999999,18.152999999999995,-2.610999999999999,0.0,0.0,0.0,0.0,0.0,0.0,0.0,completed,NASA_POWER_MERRA2_GEOS_IT,v2.9.7,LST,False
HRF-0138,HRF-0138,2022-11-10,0,43.80096,87.60046,3.52,-5.05,1.82,2.06,2.94,17.07,13.26,14.52,15.860999999999999,18.152999999999995,-12.341,0.0,0.0,0.0,0.0,0.0,0.0,0.0,completed,NASA_POWER_MERRA2_GEOS_IT,v2.9.7,LST,False
HRF-0138,HRF-0138,2022-11-17,0,43.80096,87.60046,0.39,-4.62,4.88,3.9,6.23,15.61,10.53,14.52,15.860999999999999,18.152999999999995,-15.470999999999998,0.0,0.0,0.0,0.0,0.0,0.0,0.0,completed,NASA_POWER_MERRA2_GEOS_IT,v2.9.7,LST,False
HRF-0140,HRF-0140,2023-04-09,1,-33.879,151.219,20.32,9.49,0.02,6.36,23.0,23.18,23.22,24.35,24.902,26.121,-4.582000000000001,0.0,0.0,0.0,0.0,0.0,0.0,0.0,completed,NASA_POWER_MERRA2_GEOS_IT,v2.9.7,LST,False
HRF-0140,HRF-0140,2023-04-02,0,-33.879,151.219,21.28,14.67,3.24,4.38,20.06,23.11,23.17,24.35,24.902,26.121,-3.622,0.0,0.0,0.0,0.0,0.0,0.0,0.0,completed,NASA_POWER_MERRA2_GEOS_IT,v2.9.7,LST,False
HRF-0140,HRF-0140,2023-04-16,0,-33.879,151.219,25.61,13.85,0.07,5.38,23.4,21.36,20.78,24.35,24.902,26.121,0.7079999999999984,0.0,0.0,0.0,0.0,0.0,0.0,0.0,completed,NASA_POWER_MERRA2_GEOS_IT,v2.9.7,LST,False
HRF-0140,HRF-0140,2023-04-23,0,-33.879,151.219,22.15,16.85,1.92,3.82,22.36,21.12,20.44,24.35,24.902,26.121,-2.7520000000000024,0.0,0.0,0.0,0.0,0.0,0.0,0.0,completed,NASA_POWER_MERRA2_GEOS_IT,v2.9.7,LST,False
HRF-0140,HRF-0140,2023-04-30,0,-33.879,151.219,19.49,14.24,14.93,3.28,20.51,25.25,23.76,24.35,24.902,26.121,-5.412000000000003,0.0,0.0,0.0,0.0,0.0,0.0,0.0,completed,NASA_POWER_MERRA2_GEOS_IT,v2.9.7,LST,False
HRF-0142,HRF-0142,2023-09-17,1,15.55177,32.53241,37.87,18.25,0.01,1.99,39.81,39.41,37.98,41.2815,41.63,42.18,-3.760000000000005,0.0,0.0,0.0,0.0,0.0,0.0,0.0,completed,NASA_POWER_MERRA2_GEOS_IT,v2.9.7,LST,False
HRF-0142,HRF-0142,2023-09-03,0,15.55177,32.53241,38.79,19.37,0.0,3.67,34.97,35.05,29.69,41.2815,41.63,42.18,-2.8400000000000034,0.0,0.0,0.0,0.0,0.0,0.0,0.0,completed,NASA_POWER_MERRA2_GEOS_IT,v2.9.7,LST,False
HRF-0142,HRF-0142,2023-09-10,0,15.55177,32.53241,39.05,20.3,0.0,3.95,37.54,34.21,34.83,41.2815,41.63,42.18,-2.5800000000000054,0.0,0.0,0.0,0.0,0.0,0.0,0.0,completed,NASA_POWER_MERRA2_GEOS_IT,v2.9.7,LST,False
HRF-0142,HRF-0142,2023-09-24,0,15.55177,32.53241,40.12,16.4,0.0,2.82,38.95,39.17,38.37,41.2815,41.63,42.18,-1.5100000000000051,0.0,0.0,0.0,0.0,0.0,0.0,0.0,completed,NASA_POWER_MERRA2_GEOS_IT,v2.9.7,LST,False
HRF-0143,HRF-0143,2024-02-22,1,39.47391,-0.37966,21.34,5.32,0.2,7.87,22.41,21.11,20.59,19.227999999999998,20.033,21.09,1.3069999999999986,0.0,0.0,0.0,0.0,0.0,0.0,1.0,completed,NASA_POWER_MERRA2_GEOS_IT,v2.9.7,LST,False
HRF-0143,HRF-0143,2024-02-01,0,39.47391,-0.37966,18.41,3.69,0.0,2.33,14.78,14.18,15.35,19.227999999999998,20.033,21.09,-1.623000000000001,0.0,0.0,0.0,0.0,0.0,0.0,0.0,completed,NASA_POWER_MERRA2_GEOS_IT,v2.9.7,LST,False
HRF-0143,HRF-0143,2024-02-08,0,39.47391,-0.37966,18.87,3.19,0.05,5.95,19.23,15.73,21.77,19.227999999999998,20.033,21.09,-1.1630000000000003,0.0,0.0,0.0,0.0,0.0,0.0,0.0,completed,NASA_POWER_MERRA2_GEOS_IT,v2.9.7,LST,False
HRF-0143,HRF-0143,2024-02-15,0,39.47391,-0.37966,19.11,7.83,0.94,1.48,19.51,22.78,19.4,19.227999999999998,20.033,21.09,-0.9230000000000018,0.0,0.0,0.0,0.0,0.0,0.0,0.0,completed,NASA_POWER_MERRA2_GEOS_IT,v2.9.7,LST,False
HRF-0143,HRF-0143,2024-02-29,0,39.47391,-0.37966,20.59,2.3,0.04,4.71,17.54,15.47,17.0,19.227999999999998,20.033,21.09,0.5569999999999986,0.0,0.0,0.0,0.0,0.0,0.0,0.0,completed,NASA_POWER_MERRA2_GEOS_IT,v2.9.7,LST,False
HRF-0146,HRF-0146,2024-03-14,1,56.85836,35.90057,0.12,-4.44,0.05,2.52,0.11,0.14,0.1,2.3449999999999975,4.035000000000001,6.610999999999999,-3.915000000000001,0.0,0.0,0.0,0.0,0.0,0.0,0.0,completed,NASA_POWER_MERRA2_GEOS_IT,v2.9.7,LST,False
HRF-0146,HRF-0146,2024-03-07,0,56.85836,35.90057,-2.05,-8.75,0.21,1.62,-2.8,-3.27,0.07,2.3449999999999975,4.035000000000001,6.610999999999999,-6.085000000000001,0.0,0.0,0.0,0.0,0.0,0.0,0.0,completed,NASA_POWER_MERRA2_GEOS_IT,v2.9.7,LST,False
HRF-0146,HRF-0146,2024-03-21,0,56.85836,35.90057,0.29,-2.32,0.03,1.7,0.2,0.1,0.07,2.3449999999999975,4.035000000000001,6.610999999999999,-3.745000000000001,0.0,0.0,0.0,0.0,0.0,0.0,0.0,completed,NASA_POWER_MERRA2_GEOS_IT,v2.9.7,LST,False
HRF-0146,HRF-0146,2024-03-28,0,56.85836,35.90057,2.99,-1.62,0.06,2.34,2.07,0.97,0.03,2.3449999999999975,4.035000000000001,6.610999999999999,-1.0450000000000008,0.0,0.0,0.0,0.0,0.0,0.0,0.0,completed,NASA_POWER_MERRA2_GEOS_IT,v2.9.7,LST,False
HRF-0147,HRF-0147,2024-03-28,1,-8.0476,-34.905,32.22,24.26,8.57,4.37,30.58,31.99,32.49,32.17,32.471,32.861,-0.25099999999999767,0.0,0.0,0.0,0.0,0.0,0.0,0.0,completed,NASA_POWER_MERRA2_GEOS_IT,v2.9.7,LST,False
HRF-0147,HRF-0147,2024-03-07,0,-8.0476,-34.905,30.24,24.27,2.86,4.91,32.6,31.24,33.3,32.17,32.471,32.861,-2.230999999999998,0.0,0.0,0.0,0.0,0.0,0.0,0.0,completed,NASA_POWER_MERRA2_GEOS_IT,v2.9.7,LST,False
HRF-0147,HRF-0147,2024-03-14,0,-8.0476,-34.905,32.03,24.65,7.95,3.82,30.11,30.93,33.44,32.17,32.471,32.861,-0.4409999999999954,0.0,0.0,0.0,0.0,0.0,0.0,0.0,completed,NASA_POWER_MERRA2_GEOS_IT,v2.9.7,LST,False
HRF-0147,HRF-0147,2024-03-21,0,-8.0476,-34.905,32.97,24.36,1.63,4.78,33.35,32.98,33.27,32.17,32.471,32.861,0.49900000000000233,1.0,1.0,1.0,1.0,1.0,1.0,1.0,completed,NASA_POWER_MERRA2_GEOS_IT,v2.9.7,LST,False
HRF-0149,HRF-0149,2024-04-07,1,48.854,2.389,18.57,12.63,3.28,4.44,22.44,18.9,18.14,19.6775,21.006,23.031,-2.436,0.0,0.0,0.0,0.0,0.0,0.0,0.0,completed,NASA_POWER_MERRA2_GEOS_IT,v2.9.7,LST,False
HRF-0149,HRF-0149,2024-04-14,0,48.854,2.389,19.38,9.78,0.38,2.6,24.59,22.27,17.81,19.6775,21.006,23.031,-1.6260000000000012,0.0,0.0,0.0,0.0,0.0,0.0,0.0,completed,NASA_POWER_MERRA2_GEOS_IT,v2.9.7,LST,False
HRF-0149,HRF-0149,2024-04-21,0,48.854,2.389,11.26,2.04,0.54,5.77,12.0,13.47,13.25,19.6775,21.006,23.031,-9.746,0.0,0.0,0.0,0.0,0.0,0.0,0.0,completed,NASA_POWER_MERRA2_GEOS_IT,v2.9.7,LST,False
HRF-0149,HRF-0149,2024-04-28,0,48.854,2.389,15.58,7.51,0.44,6.29,16.04,15.42,13.96,19.6775,21.006,23.031,-5.426,0.0,0.0,0.0,0.0,0.0,0.0,0.0,completed,NASA_POWER_MERRA2_GEOS_IT,v2.9.7,LST,False
HRF-0150,HRF-0150,2024-05-21,1,-37.8189,145.1246,14.44,7.47,0.04,2.84,14.48,15.51,13.73,19.1495,20.055000000000003,21.041,-5.615000000000004,0.0,0.0,0.0,0.0,0.0,0.0,0.0,completed,NASA_POWER_MERRA2_GEOS_IT,v2.9.7,LST,False
HRF-0150,HRF-0150,2024-05-07,0,-37.8189,145.1246,17.96,9.63,0.03,2.27,18.43,17.98,17.32,19.1495,20.055000000000003,21.041,-2.0950000000000024,0.0,0.0,0.0,0.0,0.0,0.0,0.0,completed,NASA_POWER_MERRA2_GEOS_IT,v2.9.7,LST,False
HRF-0150,HRF-0150,2024-05-14,0,-37.8189,145.1246,15.93,8.26,0.09,2.99,19.46,19.9,17.36,19.1495,20.055000000000003,21.041,-4.1250000000000036,0.0,0.0,0.0,0.0,0.0,0.0,0.0,completed,NASA_POWER_MERRA2_GEOS_IT,v2.9.7,LST,False
HRF-0150,HRF-0150,2024-05-28,0,-37.8189,145.1246,19.76,6.1,0.05,4.01,18.28,16.65,16.45,19.1495,20.055000000000003,21.041,-0.2950000000000017,0.0,0.0,0.0,0.0,0.0,0.0,0.0,completed,NASA_POWER_MERRA2_GEOS_IT,v2.9.7,LST,False
HRF-0154,HRF-0154,2025-01-15,1,-6.2088,106.8456,29.81,24.69,3.99,3.82,28.49,29.81,30.18,29.9565,30.363,30.991,-0.5530000000000008,0.0,0.0,0.0,0.0,0.0,0.0,0.0,completed,NASA_POWER_MERRA2_GEOS_IT,v2.9.7,LST,False
HRF-0154,HRF-0154,2025-01-01,0,-6.2088,106.8456,28.82,24.6,15.65,4.23,29.07,29.65,30.12,29.9565,30.363,30.991,-1.5429999999999993,0.0,0.0,0.0,0.0,0.0,0.0,0.0,completed,NASA_POWER_MERRA2_GEOS_IT,v2.9.7,LST,False
HRF-0154,HRF-0154,2025-01-08,0,-6.2088,106.8456,27.97,24.38,38.69,4.3,28.89,30.97,30.6,29.9565,30.363,30.991,-2.3930000000000007,0.0,0.0,0.0,0.0,0.0,0.0,0.0,completed,NASA_POWER_MERRA2_GEOS_IT,v2.9.7,LST,False
HRF-0154,HRF-0154,2025-01-22,0,-6.2088,106.8456,28.25,24.32,11.61,3.19,27.11,27.7,28.61,29.9565,30.363,30.991,-2.1129999999999995,0.0,0.0,0.0,0.0,0.0,0.0,0.0,completed,NASA_POWER_MERRA2_GEOS_IT,v2.9.7,LST,False
HRF-0154,HRF-0154,2025-01-29,0,-6.2088,106.8456,27.32,24.69,41.83,5.79,28.28,28.18,27.43,29.9565,30.363,30.991,-3.0429999999999993,0.0,0.0,0.0,0.0,0.0,0.0,0.0,completed,NASA_POWER_MERRA2_GEOS_IT,v2.9.7,LST,False
HRF-0188,HRF-0188,2025-12-09,1,-6.2088,106.8456,29.52,24.13,1.72,3.41,28.49,28.95,28.62,30.66,30.86,31.250999999999998,-1.3399999999999999,0.0,0.0,0.0,0.0,0.0,0.0,0.0,completed,NASA_POWER_MERRA2_GEOS_IT,v2.9.7,LST,False
HRF-0188,HRF-0188,2025-12-02,0,-6.2088,106.8456,29.72,23.97,6.91,2.33,28.29,29.34,31.51,30.66,30.86,31.250999999999998,-1.1400000000000006,0.0,0.0,0.0,0.0,0.0,0.0,0.0,completed,NASA_POWER_MERRA2_GEOS_IT,v2.9.7,LST,False
HRF-0188,HRF-0188,2025-12-16,0,-6.2088,106.8456,30.54,24.89,1.15,6.06,30.27,29.58,31.0,30.66,30.86,31.250999999999998,-0.3200000000000003,0.0,0.0,0.0,0.0,0.0,0.0,0.0,completed,NASA_POWER_MERRA2_GEOS_IT,v2.9.7,LST,False
HRF-0188,HRF-0188,2025-12-23,0,-6.2088,106.8456,28.53,24.93,5.46,3.21,28.38,28.97,28.87,30.66,30.86,31.250999999999998,-2.3299999999999983,0.0,0.0,0.0,0.0,0.0,0.0,0.0,completed,NASA_POWER_MERRA2_GEOS_IT,v2.9.7,LST,False
HRF-0188,HRF-0188,2025-12-30,0,-6.2088,106.8456,28.71,24.79,6.42,3.82,29.07,29.15,29.67,30.66,30.86,31.250999999999998,-2.1499999999999986,0.0,0.0,0.0,0.0,0.0,0.0,0.0,completed,NASA_POWER_MERRA2_GEOS_IT,v2.9.7,LST,False
HRF-0155,HRF-0155,2025-01-21,1,40.73583,31.60611,4.83,-5.26,0.18,3.73,6.83,6.6,5.34,5.3065,5.96,6.901999999999998,-1.13,0.0,0.0,0.0,0.0,0.0,0.0,0.0,completed,NASA_POWER_MERRA2_GEOS_IT,v2.9.7,LST,False
HRF-0155,HRF-0155,2025-01-07,0,40.73583,31.60611,5.47,-1.84,0.0,3.88,4.1,3.9,4.52,5.3065,5.96,6.901999999999998,-0.4900000000000002,0.0,0.0,0.0,0.0,0.0,0.0,0.0,completed,NASA_POWER_MERRA2_GEOS_IT,v2.9.7,LST,False
HRF-0155,HRF-0155,2025-01-14,0,40.73583,31.60611,5.38,1.96,4.99,1.83,5.81,5.08,4.33,5.3065,5.96,6.901999999999998,-0.5800000000000001,0.0,0.0,0.0,0.0,0.0,0.0,0.0,completed,NASA_POWER_MERRA2_GEOS_IT,v2.9.7,LST,False
HRF-0155,HRF-0155,2025-01-28,0,40.73583,31.60611,7.29,-3.06,0.0,3.93,9.85,9.46,2.13,5.3065,5.96,6.901999999999998,1.33,0.0,0.0,0.0,0.0,0.0,0.0,1.0,completed,NASA_POWER_MERRA2_GEOS_IT,v2.9.7,LST,False
HRF-0158,HRF-0158,2025-01-29,1,14.5995,120.9842,25.51,20.49,10.87,5.06,26.85,27.39,28.79,28.796499999999998,29.181,29.6665,-3.6709999999999994,0.0,0.0,0.0,0.0,0.0,0.0,0.0,completed,NASA_POWER_MERRA2_GEOS_IT,v2.9.7,LST,False
HRF-0158,HRF-0158,2025-01-01,0,14.5995,120.9842,28.49,23.73,9.2,3.1,28.85,28.41,26.39,28.796499999999998,29.181,29.6665,-0.6910000000000025,0.0,0.0,0.0,0.0,0.0,0.0,0.0,completed,NASA_POWER_MERRA2_GEOS_IT,v2.9.7,LST,False
HRF-0158,HRF-0158,2025-01-08,0,14.5995,120.9842,27.32,22.26,3.17,4.16,28.02,28.62,26.78,28.796499999999998,29.181,29.6665,-1.8610000000000007,0.0,0.0,0.0,0.0,0.0,0.0,0.0,completed,NASA_POWER_MERRA2_GEOS_IT,v2.9.7,LST,False
HRF-0158,HRF-0158,2025-01-15,0,14.5995,120.9842,28.29,22.94,3.15,3.32,26.74,25.03,26.1,28.796499999999998,29.181,29.6665,-0.8910000000000018,0.0,0.0,0.0,0.0,0.0,0.0,0.0,completed,NASA_POWER_MERRA2_GEOS_IT,v2.9.7,LST,False
HRF-0158,HRF-0158,2025-01-22,0,14.5995,120.9842,27.79,22.22,2.12,4.23,28.67,30.29,30.11,28.796499999999998,29.181,29.6665,-1.3910000000000018,0.0,0.0,0.0,0.0,0.0,0.0,0.0,completed,NASA_POWER_MERRA2_GEOS_IT,v2.9.7,LST,False
HRF-0159,HRF-0159,2025-02-11,1,-34.6037,-58.3816,27.99,19.36,10.59,8.48,32.86,27.76,31.45,28.9895,29.532000000000004,30.21,-1.5420000000000051,0.0,0.0,0.0,0.0,0.0,0.0,0.0,completed,NASA_POWER_MERRA2_GEOS_IT,v2.9.7,LST,False
HRF-0159,HRF-0159,2025-02-04,0,-34.6037,-58.3816,30.9,20.89,0.9,6.14,35.13,31.99,29.95,28.9895,29.532000000000004,30.21,1.367999999999995,1.0,1.0,1.0,1.0,0.0,1.0,1.0,completed,NASA_POWER_MERRA2_GEOS_IT,v2.9.7,LST,False
HRF-0159,HRF-0159,2025-02-18,0,-34.6037,-58.3816,23.33,8.8,0.0,3.61,29.07,26.64,27.1,28.9895,29.532000000000004,30.21,-6.202000000000005,0.0,0.0,0.0,0.0,0.0,0.0,0.0,completed,NASA_POWER_MERRA2_GEOS_IT,v2.9.7,LST,False
HRF-0159,HRF-0159,2025-02-25,0,-34.6037,-58.3816,28.73,22.3,0.09,2.76,30.04,31.7,30.53,28.9895,29.532000000000004,30.21,-0.8020000000000032,0.0,0.0,0.0,0.0,0.0,0.0,0.0,completed,NASA_POWER_MERRA2_GEOS_IT,v2.9.7,LST,False
HRF-0160,HRF-0160,2025-02-13,1,24.1477,120.6736,22.01,14.21,15.53,3.79,20.23,25.37,20.96,26.43,27.0,28.0265,-4.989999999999998,0.0,0.0,0.0,0.0,0.0,0.0,0.0,completed,NASA_POWER_MERRA2_GEOS_IT,v2.9.7,LST,False
HRF-0160,HRF-0160,2025-02-06,0,24.1477,120.6736,22.78,11.13,0.55,2.93,18.76,18.94,18.99,26.43,27.0,28.0265,-4.219999999999999,0.0,0.0,0.0,0.0,0.0,0.0,0.0,completed,NASA_POWER_MERRA2_GEOS_IT,v2.9.7,LST,False
HRF-0160,HRF-0160,2025-02-20,0,24.1477,120.6736,22.75,12.69,0.36,2.61,23.29,21.49,24.6,26.43,27.0,28.0265,-4.25,0.0,0.0,0.0,0.0,0.0,0.0,0.0,completed,NASA_POWER_MERRA2_GEOS_IT,v2.9.7,LST,False
HRF-0160,HRF-0160,2025-02-27,0,24.1477,120.6736,23.28,13.73,0.05,1.99,22.38,21.98,23.43,26.43,27.0,28.0265,-3.719999999999999,0.0,0.0,0.0,0.0,0.0,0.0,0.0,completed,NASA_POWER_MERRA2_GEOS_IT,v2.9.7,LST,False
HRF-0161,HRF-0161,2025-03-19,1,43.6532,-79.3832,14.58,5.0,0.0,4.9,10.44,5.18,11.23,7.99,9.631,11.610999999999999,4.949,0.0,0.0,0.0,0.0,0.0,0.0,0.0,completed,NASA_POWER_MERRA2_GEOS_IT,v2.9.7,LST,False
HRF-0161,HRF-0161,2025-03-05,0,43.6532,-79.3832,7.76,4.43,7.48,5.39,6.88,2.53,-3.53,7.99,9.631,11.610999999999999,-1.8710000000000004,0.0,0.0,0.0,0.0,0.0,0.0,0.0,completed,NASA_POWER_MERRA2_GEOS_IT,v2.9.7,LST,False
HRF-0161,HRF-0161,2025-03-12,0,43.6532,-79.3832,0.67,-5.2,0.3,6.18,8.27,8.65,6.18,7.99,9.631,11.610999999999999,-8.961,0.0,0.0,0.0,0.0,0.0,0.0,0.0,completed,NASA_POWER_MERRA2_GEOS_IT,v2.9.7,LST,False
HRF-0161,HRF-0161,2025-03-26,0,43.6532,-79.3832,2.98,-3.37,0.48,5.6,3.96,6.02,0.7,7.99,9.631,11.610999999999999,-6.651,0.0,0.0,0.0,0.0,0.0,0.0,0.0,completed,NASA_POWER_MERRA2_GEOS_IT,v2.9.7,LST,False
HRF-0191,HRF-0191,2025-12-22,1,43.6532,-79.3832,2.76,-2.67,1.0,6.94,2.2,4.63,6.98,5.935999999999999,6.913000000000001,8.42,-4.153000000000001,0.0,0.0,0.0,0.0,0.0,0.0,0.0,completed,NASA_POWER_MERRA2_GEOS_IT,v2.9.7,LST,False
HRF-0191,HRF-0191,2025-12-01,0,43.6532,-79.3832,0.33,-6.73,0.67,4.13,5.16,2.18,2.82,5.935999999999999,6.913000000000001,8.42,-6.583000000000001,0.0,0.0,0.0,0.0,0.0,0.0,0.0,completed,NASA_POWER_MERRA2_GEOS_IT,v2.9.7,LST,False
HRF-0191,HRF-0191,2025-12-08,0,43.6532,-79.3832,-3.89,-9.74,0.89,3.37,0.0,2.68,1.17,5.935999999999999,6.913000000000001,8.42,-10.803,0.0,0.0,0.0,0.0,0.0,0.0,0.0,completed,NASA_POWER_MERRA2_GEOS_IT,v2.9.7,LST,False
HRF-0191,HRF-0191,2025-12-15,0,43.6532,-79.3832,-2.84,-6.22,0.67,8.4,-5.4,0.78,0.97,5.935999999999999,6.913000000000001,8.42,-9.753,0.0,0.0,0.0,0.0,0.0,0.0,0.0,completed,NASA_POWER_MERRA2_GEOS_IT,v2.9.7,LST,False
HRF-0191,HRF-0191,2025-12-29,0,43.6532,-79.3832,9.23,-3.19,5.52,15.64,7.12,-1.96,-0.55,5.935999999999999,6.913000000000001,8.42,2.3169999999999993,0.0,0.0,0.0,0.0,0.0,0.0,0.0,completed,NASA_POWER_MERRA2_GEOS_IT,v2.9.7,LST,False
HRF-0231,HRF-0231,2026-08-04,1,43.6532,-79.3832,24.64,15.11,0.0,2.33,24.24,21.18,26.06,26.7165,27.43,28.3855,-2.789999999999999,0.0,0.0,0.0,0.0,0.0,0.0,0.0,completed,NASA_POWER_MERRA2_GEOS_IT,v2.9.7,LST,True
HRF-0231,HRF-0231,2026-08-11,0,43.6532,-79.3832,26.87,17.13,0.0,2.84,26.6,25.53,27.15,26.7165,27.43,28.3855,-0.5599999999999987,0.0,0.0,0.0,0.0,0.0,0.0,0.0,completed,NASA_POWER_MERRA2_GEOS_IT,v2.9.7,LST,True
HRF-0231,HRF-0231,2026-08-18,0,43.6532,-79.3832,25.98,16.24,1.2,4.15,26.44,25.95,23.7,26.7165,27.43,28.3855,-1.4499999999999993,0.0,0.0,0.0,0.0,0.0,0.0,0.0,completed,NASA_POWER_MERRA2_GEOS_IT,v2.9.7,LST,True
HRF-0231,HRF-0231,2026-08-25,0,43.6532,-79.3832,24.72,16.35,0.01,3.38,21.33,21.07,23.98,26.7165,27.43,28.3855,-2.710000000000001,0.0,0.0,0.0,0.0,0.0,0.0,0.0,completed,NASA_POWER_MERRA2_GEOS_IT,v2.9.7,LST,True
HRF-0232,HRF-0232,2026-08-04,1,43.6532,-79.3832,24.64,15.11,0.0,2.33,24.24,21.18,26.06,26.7165,27.43,28.3855,-2.789999999999999,0.0,0.0,0.0,0.0,0.0,0.0,0.0,completed,NASA_POWER_MERRA2_GEOS_IT,v2.9.7,LST,True
HRF-0232,HRF-0232,2026-08-11,0,43.6532,-79.3832,26.87,17.13,0.0,2.84,26.6,25.53,27.15,26.7165,27.43,28.3855,-0.5599999999999987,0.0,0.0,0.0,0.0,0.0,0.0,0.0,completed,NASA_POWER_MERRA2_GEOS_IT,v2.9.7,LST,True
HRF-0232,HRF-0232,2026-08-18,0,43.6532,-79.3832,25.98,16.24,1.2,4.15,26.44,25.95,23.7,26.7165,27.43,28.3855,-1.4499999999999993,0.0,0.0,0.0,0.0,0.0,0.0,0.0,completed,NASA_POWER_MERRA2_GEOS_IT,v2.9.7,LST,True
HRF-0232,HRF-0232,2026-08-25,0,43.6532,-79.3832,24.72,16.35,0.01,3.38,21.33,21.07,23.98,26.7165,27.43,28.3855,-2.710000000000001,0.0,0.0,0.0,0.0,0.0,0.0,0.0,completed,NASA_POWER_MERRA2_GEOS_IT,v2.9.7,LST,True
HRF-0233,HRF-0233,2026-08-04,1,43.6532,-79.3832,24.64,15.11,0.0,2.33,24.24,21.18,26.06,26.7165,27.43,28.3855,-2.789999999999999,0.0,0.0,0.0,0.0,0.0,0.0,0.0,completed,NASA_POWER_MERRA2_GEOS_IT,v2.9.7,LST,True
HRF-0233,HRF-0233,2026-08-11,0,43.6532,-79.3832,26.87,17.13,0.0,2.84,26.6,25.53,27.15,26.7165,27.43,28.3855,-0.5599999999999987,0.0,0.0,0.0,0.0,0.0,0.0,0.0,completed,NASA_POWER_MERRA2_GEOS_IT,v2.9.7,LST,True
HRF-0233,HRF-0233,2026-08-18,0,43.6532,-79.3832,25.98,16.24,1.2,4.15,26.44,25.95,23.7,26.7165,27.43,28.3855,-1.4499999999999993,0.0,0.0,0.0,0.0,0.0,0.0,0.0,completed,NASA_POWER_MERRA2_GEOS_IT,v2.9.7,LST,True
HRF-0233,HRF-0233,2026-08-25,0,43.6532,-79.3832,24.72,16.35,0.01,3.38,21.33,21.07,23.98,26.7165,27.43,28.3855,-2.710000000000001,0.0,0.0,0.0,0.0,0.0,0.0,0.0,completed,NASA_POWER_MERRA2_GEOS_IT,v2.9.7,LST,True
HRF-0234,HRF-0234,2026-08-05,1,43.6532,-79.3832,27.02,17.51,0.1,1.57,24.64,24.24,21.18,26.7165,27.43,28.3855,-0.41000000000000014,0.0,0.0,0.0,0.0,0.0,0.0,0.0,completed,NASA_POWER_MERRA2_GEOS_IT,v2.9.7,LST,True
HRF-0234,HRF-0234,2026-08-12,0,43.6532,-79.3832,23.73,18.06,4.81,3.12,26.87,26.6,25.53,26.7165,27.43,28.3855,-3.6999999999999993,0.0,0.0,0.0,0.0,0.0,0.0,0.0,completed,NASA_POWER_MERRA2_GEOS_IT,v2.9.7,LST,True
HRF-0234,HRF-0234,2026-08-19,0,43.6532,-79.3832,25.93,17.41,8.6,3.75,25.98,26.44,25.95,26.7165,27.43,28.3855,-1.5,0.0,0.0,0.0,0.0,0.0,0.0,0.0,completed,NASA_POWER_MERRA2_GEOS_IT,v2.9.7,LST,True
HRF-0234,HRF-0234,2026-08-26,0,43.6532,-79.3832,24.03,17.34,2.6,2.9,24.72,21.33,21.07,26.7165,27.43,28.3855,-3.3999999999999986,0.0,0.0,0.0,0.0,0.0,0.0,0.0,completed,NASA_POWER_MERRA2_GEOS_IT,v2.9.7,LST,True
HRF-0162,HRF-0162,2025-03-20,1,49.2488,-122.9805,6.38,4.82,8.94,4.88,7.0,6.92,8.11,11.63,12.22,13.611999999999998,-5.840000000000001,0.0,0.0,0.0,0.0,0.0,0.0,0.0,completed,NASA_POWER_MERRA2_GEOS_IT,v2.9.7,LST,False
HRF-0162,HRF-0162,2025-03-06,0,49.2488,-122.9805,9.89,3.54,0.71,2.27,6.67,7.0,8.08,11.63,12.22,13.611999999999998,-2.33,0.0,0.0,0.0,0.0,0.0,0.0,0.0,completed,NASA_POWER_MERRA2_GEOS_IT,v2.9.7,LST,False
HRF-0162,HRF-0162,2025-03-13,0,49.2488,-122.9805,7.14,2.83,3.13,3.01,7.22,4.74,4.9,11.63,12.22,13.611999999999998,-5.080000000000001,0.0,0.0,0.0,0.0,0.0,0.0,0.0,completed,NASA_POWER_MERRA2_GEOS_IT,v2.9.7,LST,False
HRF-0162,HRF-0162,2025-03-27,0,49.2488,-122.9805,9.7,7.08,8.5,3.92,12.03,12.03,8.15,11.63,12.22,13.611999999999998,-2.5200000000000014,0.0,0.0,0.0,0.0,0.0,0.0,0.0,completed,NASA_POWER_MERRA2_GEOS_IT,v2.9.7,LST,False
HRF-0163,HRF-0163,2025-03-21,1,49.4521,11.0767,17.6,4.53,0.0,4.56,16.18,11.1,6.67,13.4195,14.412,15.811,3.1880000000000006,0.0,0.0,0.0,0.0,0.0,0.0,0.0,completed,NASA_POWER_MERRA2_GEOS_IT,v2.9.7,LST,False
HRF-0163,HRF-0163,2025-03-07,0,49.4521,11.0767,15.09,2.48,0.0,2.6,14.77,12.26,10.54,13.4195,14.412,15.811,0.677999999999999,0.0,0.0,0.0,0.0,0.0,0.0,0.0,completed,NASA_POWER_MERRA2_GEOS_IT,v2.9.7,LST,False
HRF-0163,HRF-0163,2025-03-14,0,49.4521,11.0767,7.73,1.44,0.75,3.09,6.03,9.21,12.38,13.4195,14.412,15.811,-6.682,0.0,0.0,0.0,0.0,0.0,0.0,0.0,completed,NASA_POWER_MERRA2_GEOS_IT,v2.9.7,LST,False
HRF-0163,HRF-0163,2025-03-28,0,49.4521,11.0767,14.64,3.29,0.02,2.56,12.62,8.52,13.84,13.4195,14.412,15.811,0.22799999999999976,0.0,0.0,0.0,0.0,0.0,0.0,0.0,completed,NASA_POWER_MERRA2_GEOS_IT,v2.9.7,LST,False
HRF-0164,HRF-0164,2025-05-06,1,51.5074,-0.1278,15.07,4.76,0.18,4.99,14.12,13.65,19.06,20.851999999999997,21.701,22.811,-6.631,0.0,0.0,0.0,0.0,0.0,0.0,0.0,completed,NASA_POWER_MERRA2_GEOS_IT,v2.9.7,LST,False
HRF-0164,HRF-0164,2025-05-13,0,51.5074,-0.1278,21.99,9.95,0.06,3.33,21.34,21.95,19.78,20.851999999999997,21.701,22.811,0.2889999999999979,0.0,0.0,0.0,0.0,0.0,0.0,0.0,completed,NASA_POWER_MERRA2_GEOS_IT,v2.9.7,LST,False
HRF-0164,HRF-0164,2025-05-20,0,51.5074,-0.1278,20.32,8.5,0.04,3.07,18.79,17.38,18.39,20.851999999999997,21.701,22.811,-1.3810000000000002,0.0,0.0,0.0,0.0,0.0,0.0,0.0,completed,NASA_POWER_MERRA2_GEOS_IT,v2.9.7,LST,False
HRF-0164,HRF-0164,2025-05-27,0,51.5074,-0.1278,17.26,12.8,5.75,8.95,16.69,19.32,20.53,20.851999999999997,21.701,22.811,-4.440999999999999,0.0,0.0,0.0,0.0,0.0,0.0,0.0,completed,NASA_POWER_MERRA2_GEOS_IT,v2.9.7,LST,False
HRF-0173,HRF-0173,2025-07-11,1,51.5074,-0.1278,30.02,13.42,0.0,2.57,29.28,26.92,23.45,25.63,26.441000000000003,27.7455,3.578999999999997,0.0,0.0,0.0,0.0,0.0,0.0,1.0,completed,NASA_POWER_MERRA2_GEOS_IT,v2.9.7,LST,False
HRF-0173,HRF-0173,2025-07-04,0,51.5074,-0.1278,25.88,9.21,0.0,4.65,24.43,21.39,32.36,25.63,26.441000000000003,27.7455,-0.5610000000000035,0.0,0.0,0.0,0.0,0.0,0.0,0.0,completed,NASA_POWER_MERRA2_GEOS_IT,v2.9.7,LST,False
HRF-0173,HRF-0173,2025-07-18,0,51.5074,-0.1278,29.19,15.37,0.35,3.33,27.49,25.76,22.69,25.63,26.441000000000003,27.7455,2.7489999999999988,0.0,0.0,0.0,0.0,0.0,0.0,0.0,completed,NASA_POWER_MERRA2_GEOS_IT,v2.9.7,LST,False
HRF-0173,HRF-0173,2025-07-25,0,51.5074,-0.1278,26.84,14.19,0.76,2.89,22.45,22.48,23.29,25.63,26.441000000000003,27.7455,0.39899999999999736,0.0,0.0,0.0,0.0,0.0,0.0,0.0,completed,NASA_POWER_MERRA2_GEOS_IT,v2.9.7,LST,False
HRF-0210,HRF-0210,2026-03-24,1,51.5074,-0.1278,12.66,7.89,1.05,9.38,14.78,12.0,12.97,13.946499999999999,14.682,15.6055,-2.0220000000000002,0.0,0.0,0.0,0.0,0.0,0.0,0.0,completed,NASA_POWER_MERRA2_GEOS_IT,v2.9.7,LST,False
HRF-0210,HRF-0210,2026-03-03,0,51.5074,-0.1278,14.71,6.72,0.07,3.62,14.48,11.21,9.95,13.946499999999999,14.682,15.6055,0.02800000000000047,0.0,0.0,0.0,0.0,0.0,0.0,0.0,completed,NASA_POWER_MERRA2_GEOS_IT,v2.9.7,LST,False
HRF-0210,HRF-0210,2026-03-10,0,51.5074,-0.1278,12.06,6.82,0.73,5.32,14.8,12.31,9.84,13.946499999999999,14.682,15.6055,-2.622,0.0,0.0,0.0,0.0,0.0,0.0,0.0,completed,NASA_POWER_MERRA2_GEOS_IT,v2.9.7,LST,False
HRF-0210,HRF-0210,2026-03-17,0,51.5074,-0.1278,14.1,7.41,0.08,5.97,11.44,11.59,10.34,13.946499999999999,14.682,15.6055,-0.5820000000000007,0.0,0.0,0.0,0.0,0.0,0.0,0.0,completed,NASA_POWER_MERRA2_GEOS_IT,v2.9.7,LST,False
HRF-0210,HRF-0210,2026-03-31,0,51.5074,-0.1278,16.64,8.13,0.28,3.2,12.35,9.22,9.78,13.946499999999999,14.682,15.6055,1.9580000000000002,0.0,0.0,0.0,0.0,0.0,0.0,0.0,completed,NASA_POWER_MERRA2_GEOS_IT,v2.9.7,LST,False
HRF-0217,HRF-0217,2026-05-11,1,51.5074,-0.1278,12.58,2.67,0.79,4.52,14.74,19.42,18.13,20.851999999999997,21.701,22.811,-9.121,0.0,0.0,0.0,0.0,0.0,0.0,0.0,completed,NASA_POWER_MERRA2_GEOS_IT,v2.9.7,LST,False
HRF-0217,HRF-0217,2026-05-04,0,51.5074,-0.1278,16.59,10.96,1.08,2.6,18.48,20.32,22.19,20.851999999999997,21.701,22.811,-5.111000000000001,0.0,0.0,0.0,0.0,0.0,0.0,0.0,completed,NASA_POWER_MERRA2_GEOS_IT,v2.9.7,LST,False
HRF-0217,HRF-0217,2026-05-18,0,51.5074,-0.1278,14.52,7.36,1.4,5.32,15.2,14.27,13.13,20.851999999999997,21.701,22.811,-7.181000000000001,0.0,0.0,0.0,0.0,0.0,0.0,0.0,completed,NASA_POWER_MERRA2_GEOS_IT,v2.9.7,LST,False
HRF-0217,HRF-0217,2026-05-25,0,51.5074,-0.1278,28.72,14.84,0.0,2.77,27.78,26.3,24.48,20.851999999999997,21.701,22.811,7.018999999999998,0.0,0.0,0.0,0.0,0.0,0.0,1.0,completed,NASA_POWER_MERRA2_GEOS_IT,v2.9.7,LST,False
HRF-0224,HRF-0224,2026-06-28,1,51.5074,-0.1278,25.81,13.5,0.02,5.86,29.48,32.34,30.18,23.2315,23.993,25.175499999999996,1.8170000000000002,0.0,0.0,0.0,0.0,0.0,0.0,1.0,completed,NASA_POWER_MERRA2_GEOS_IT,v2.9.7,LST,False
HRF-0224,HRF-0224,2026-06-07,0,51.5074,-0.1278,19.84,11.02,0.8,6.23,17.13,18.72,18.03,23.2315,23.993,25.175499999999996,-4.152999999999999,0.0,0.0,0.0,0.0,0.0,0.0,0.0,completed,NASA_POWER_MERRA2_GEOS_IT,v2.9.7,LST,False
HRF-0224,HRF-0224,2026-06-14,0,51.5074,-0.1278,19.49,9.49,0.0,3.22,20.92,22.29,16.43,23.2315,23.993,25.175499999999996,-4.503,0.0,0.0,0.0,0.0,0.0,0.0,0.0,completed,NASA_POWER_MERRA2_GEOS_IT,v2.9.7,LST,False
HRF-0224,HRF-0224,2026-06-21,0,51.5074,-0.1278,27.5,16.94,0.0,2.7,25.24,27.82,24.44,23.2315,23.993,25.175499999999996,3.5070000000000014,0.0,0.0,0.0,0.0,0.0,0.0,1.0,completed,NASA_POWER_MERRA2_GEOS_IT,v2.9.7,LST,False
HRF-0165,HRF-0165,2025-05-17,1,43.7315,-79.7624,20.0,11.46,7.3,6.19,26.06,25.45,24.04,25.115499999999997,26.442,27.99,-6.442,0.0,0.0,0.0,0.0,0.0,0.0,0.0,completed,NASA_POWER_MERRA2_GEOS_IT,v2.9.7,LST,False
HRF-0165,HRF-0165,2025-05-03,0,43.7315,-79.7624,11.27,4.81,0.72,3.08,19.64,14.47,14.68,25.115499999999997,26.442,27.99,-15.172,0.0,0.0,0.0,0.0,0.0,0.0,0.0,completed,NASA_POWER_MERRA2_GEOS_IT,v2.9.7,LST,False
HRF-0165,HRF-0165,2025-05-10,0,43.7315,-79.7624,22.71,3.28,0.01,4.92,17.45,14.25,22.52,25.115499999999997,26.442,27.99,-3.7319999999999993,0.0,0.0,0.0,0.0,0.0,0.0,0.0,completed,NASA_POWER_MERRA2_GEOS_IT,v2.9.7,LST,False
HRF-0165,HRF-0165,2025-05-24,0,43.7315,-79.7624,14.56,6.16,0.32,6.32,10.88,11.68,12.75,25.115499999999997,26.442,27.99,-11.882,0.0,0.0,0.0,0.0,0.0,0.0,0.0,completed,NASA_POWER_MERRA2_GEOS_IT,v2.9.7,LST,False
HRF-0165,HRF-0165,2025-05-31,0,43.7315,-79.7624,14.82,4.51,0.37,7.78,22.44,18.2,14.95,25.115499999999997,26.442,27.99,-11.622,0.0,0.0,0.0,0.0,0.0,0.0,0.0,completed,NASA_POWER_MERRA2_GEOS_IT,v2.9.7,LST,False
HRF-0166,HRF-0166,2025-05-20,1,51.4545,-2.5879,19.04,8.29,0.04,2.68,17.42,18.04,17.26,19.6795,20.672,21.784999999999993,-1.6320000000000014,0.0,0.0,0.0,0.0,0.0,0.0,0.0,completed,NASA_POWER_MERRA2_GEOS_IT,v2.9.7,LST,False
HRF-0166,HRF-0166,2025-05-06,0,51.4545,-2.5879,14.38,4.56,0.0,3.79,14.0,13.75,17.06,19.6795,20.672,21.784999999999993,-6.292,0.0,0.0,0.0,0.0,0.0,0.0,0.0,completed,NASA_POWER_MERRA2_GEOS_IT,v2.9.7,LST,False
HRF-0166,HRF-0166,2025-05-13,0,51.4545,-2.5879,21.05,11.42,0.78,3.62,18.87,21.0,19.42,19.6795,20.672,21.784999999999993,0.3780000000000001,0.0,0.0,0.0,0.0,0.0,0.0,0.0,completed,NASA_POWER_MERRA2_GEOS_IT,v2.9.7,LST,False
HRF-0166,HRF-0166,2025-05-27,0,51.4545,-2.5879,16.23,13.0,7.12,8.21,16.77,16.52,18.73,19.6795,20.672,21.784999999999993,-4.442,0.0,0.0,0.0,0.0,0.0,0.0,0.0,completed,NASA_POWER_MERRA2_GEOS_IT,v2.9.7,LST,False
HRF-0167,HRF-0167,2025-05-23,1,-36.8485,174.7633,16.33,10.18,0.19,3.03,15.95,17.29,15.25,18.95,19.451,19.9555,-3.121000000000002,0.0,0.0,0.0,0.0,0.0,0.0,0.0,completed,NASA_POWER_MERRA2_GEOS_IT,v2.9.7,LST,False
HRF-0167,HRF-0167,2025-05-02,0,-36.8485,174.7633,16.55,11.5,3.96,4.07,18.24,20.67,20.15,18.95,19.451,19.9555,-2.901,0.0,0.0,0.0,0.0,0.0,0.0,0.0,completed,NASA_POWER_MERRA2_GEOS_IT,v2.9.7,LST,False
HRF-0167,HRF-0167,2025-05-09,0,-36.8485,174.7633,19.02,16.69,28.15,8.19,20.36,19.56,18.05,18.95,19.451,19.9555,-0.43100000000000094,0.0,0.0,0.0,0.0,0.0,0.0,0.0,completed,NASA_POWER_MERRA2_GEOS_IT,v2.9.7,LST,False
HRF-0167,HRF-0167,2025-05-16,0,-36.8485,174.7633,18.56,13.24,0.1,4.27,17.46,18.49,17.38,18.95,19.451,19.9555,-0.8910000000000018,0.0,0.0,0.0,0.0,0.0,0.0,0.0,completed,NASA_POWER_MERRA2_GEOS_IT,v2.9.7,LST,False
HRF-0167,HRF-0167,2025-05-30,0,-36.8485,174.7633,16.99,12.75,1.49,10.3,18.04,18.24,17.68,18.95,19.451,19.9555,-2.461000000000002,0.0,0.0,0.0,0.0,0.0,0.0,0.0,completed,NASA_POWER_MERRA2_GEOS_IT,v2.9.7,LST,False
HRF-0170,HRF-0170,2025-07-01,1,-36.8485,174.7633,14.07,7.69,0.13,3.28,15.01,14.48,15.62,15.19,15.49,15.9955,-1.42,0.0,0.0,0.0,0.0,0.0,0.0,0.0,completed,NASA_POWER_MERRA2_GEOS_IT,v2.9.7,LST,False
HRF-0170,HRF-0170,2025-07-08,0,-36.8485,174.7633,14.56,8.72,0.13,4.24,12.32,14.29,16.9,15.19,15.49,15.9955,-0.9299999999999997,0.0,0.0,0.0,0.0,0.0,0.0,0.0,completed,NASA_POWER_MERRA2_GEOS_IT,v2.9.7,LST,False
HRF-0170,HRF-0170,2025-07-15,0,-36.8485,174.7633,14.54,10.21,6.25,8.53,14.12,14.65,15.48,15.19,15.49,15.9955,-0.9500000000000011,0.0,0.0,0.0,0.0,0.0,0.0,0.0,completed,NASA_POWER_MERRA2_GEOS_IT,v2.9.7,LST,False
HRF-0170,HRF-0170,2025-07-22,0,-36.8485,174.7633,12.54,5.01,0.15,3.85,11.92,12.83,13.27,15.19,15.49,15.9955,-2.950000000000001,0.0,0.0,0.0,0.0,0.0,0.0,0.0,completed,NASA_POWER_MERRA2_GEOS_IT,v2.9.7,LST,False
HRF-0170,HRF-0170,2025-07-29,0,-36.8485,174.7633,15.22,13.03,65.07,11.87,15.63,15.56,15.47,15.19,15.49,15.9955,-0.2699999999999996,0.0,0.0,0.0,0.0,0.0,0.0,0.0,completed,NASA_POWER_MERRA2_GEOS_IT,v2.9.7,LST,False
HRF-0206,HRF-0206,2026-03-12,1,-36.8485,174.7633,21.19,15.88,4.24,9.02,19.38,21.68,22.05,23.8965,24.13,24.6255,-2.9399999999999977,0.0,0.0,0.0,0.0,0.0,0.0,0.0,completed,NASA_POWER_MERRA2_GEOS_IT,v2.9.7,LST,False
HRF-0206,HRF-0206,2026-03-05,0,-36.8485,174.7633,21.54,12.57,0.42,3.14,19.47,18.01,19.02,23.8965,24.13,24.6255,-2.59,0.0,0.0,0.0,0.0,0.0,0.0,0.0,completed,NASA_POWER_MERRA2_GEOS_IT,v2.9.7,LST,False
HRF-0206,HRF-0206,2026-03-19,0,-36.8485,174.7633,22.9,14.46,0.01,4.13,23.05,22.39,21.36,23.8965,24.13,24.6255,-1.2300000000000004,0.0,0.0,0.0,0.0,0.0,0.0,0.0,completed,NASA_POWER_MERRA2_GEOS_IT,v2.9.7,LST,False
HRF-0206,HRF-0206,2026-03-26,0,-36.8485,174.7633,19.29,16.85,98.6,13.02,20.34,20.98,22.63,23.8965,24.13,24.6255,-4.84,0.0,0.0,0.0,0.0,0.0,0.0,0.0,completed,NASA_POWER_MERRA2_GEOS_IT,v2.9.7,LST,False
HRF-0218,HRF-0218,2026-05-22,1,-36.8485,174.7633,17.66,11.8,0.18,5.1,18.09,17.7,17.08,18.95,19.451,19.9555,-1.7910000000000004,0.0,0.0,0.0,0.0,0.0,0.0,0.0,completed,NASA_POWER_MERRA2_GEOS_IT,v2.9.7,LST,False
HRF-0218,HRF-0218,2026-05-01,0,-36.8485,174.7633,17.74,9.79,0.01,4.38,19.76,19.76,19.5,18.95,19.451,19.9555,-1.711000000000002,0.0,0.0,0.0,0.0,0.0,0.0,0.0,completed,NASA_POWER_MERRA2_GEOS_IT,v2.9.7,LST,False
HRF-0218,HRF-0218,2026-05-08,0,-36.8485,174.7633,18.84,16.17,7.76,8.97,19.82,20.03,18.23,18.95,19.451,19.9555,-0.6110000000000007,0.0,0.0,0.0,0.0,0.0,0.0,0.0,completed,NASA_POWER_MERRA2_GEOS_IT,v2.9.7,LST,False
HRF-0218,HRF-0218,2026-05-15,0,-36.8485,174.7633,16.64,8.77,0.03,2.9,16.99,17.55,17.25,18.95,19.451,19.9555,-2.811,0.0,0.0,0.0,0.0,0.0,0.0,0.0,completed,NASA_POWER_MERRA2_GEOS_IT,v2.9.7,LST,False
HRF-0218,HRF-0218,2026-05-29,0,-36.8485,174.7633,16.23,10.93,0.84,1.95,16.81,16.83,16.48,18.95,19.451,19.9555,-3.221,0.0,0.0,0.0,0.0,0.0,0.0,0.0,completed,NASA_POWER_MERRA2_GEOS_IT,v2.9.7,LST,False
HRF-0168,HRF-0168,2025-06-06,1,49.2583,4.0317,21.01,12.99,3.15,4.83,19.08,18.46,23.05,25.4145,26.421000000000003,27.761,-5.411000000000001,0.0,0.0,0.0,0.0,0.0,0.0,0.0,completed,NASA_POWER_MERRA2_GEOS_IT,v2.9.7,LST,False
HRF-0168,HRF-0168,2025-06-13,0,49.2583,4.0317,30.03,20.17,0.63,2.52,29.7,23.85,22.16,25.4145,26.421000000000003,27.761,3.608999999999998,0.0,0.0,0.0,0.0,0.0,0.0,0.0,completed,NASA_POWER_MERRA2_GEOS_IT,v2.9.7,LST,False
HRF-0168,HRF-0168,2025-06-20,0,49.2583,4.0317,26.79,13.98,0.0,3.86,27.21,25.91,26.03,25.4145,26.421000000000003,27.761,0.3689999999999962,0.0,0.0,0.0,0.0,0.0,0.0,0.0,completed,NASA_POWER_MERRA2_GEOS_IT,v2.9.7,LST,False
HRF-0168,HRF-0168,2025-06-27,0,49.2583,4.0317,25.99,17.24,1.92,2.76,24.91,31.61,25.92,25.4145,26.421000000000003,27.761,-0.4310000000000045,0.0,0.0,0.0,0.0,0.0,0.0,0.0,completed,NASA_POWER_MERRA2_GEOS_IT,v2.9.7,LST,False
HRF-0171,HRF-0171,2025-07-07,1,30.0626,31.2461,39.98,9.97,0.0,4.3,39.12,38.9,38.81,40.5565,41.260999999999996,41.89,-1.2809999999999988,0.0,0.0,0.0,0.0,0.0,0.0,0.0,completed,NASA_POWER_MERRA2_GEOS_IT,v2.9.7,LST,False
HRF-0171,HRF-0171,2025-07-14,0,30.0626,31.2461,37.27,14.69,0.0,4.1,38.07,38.45,39.01,40.5565,41.260999999999996,41.89,-3.9909999999999926,0.0,0.0,0.0,0.0,0.0,0.0,0.0,completed,NASA_POWER_MERRA2_GEOS_IT,v2.9.7,LST,False
HRF-0171,HRF-0171,2025-07-21,0,30.0626,31.2461,38.98,15.45,0.0,3.97,38.7,38.75,40.05,40.5565,41.260999999999996,41.89,-2.280999999999999,0.0,0.0,0.0,0.0,0.0,0.0,0.0,completed,NASA_POWER_MERRA2_GEOS_IT,v2.9.7,LST,False
HRF-0171,HRF-0171,2025-07-28,0,30.0626,31.2461,41.39,12.38,0.0,3.97,42.66,43.04,42.03,40.5565,41.260999999999996,41.89,0.1290000000000049,1.0,1.0,1.0,1.0,1.0,0.0,1.0,completed,NASA_POWER_MERRA2_GEOS_IT,v2.9.7,LST,False
HRF-0172,HRF-0172,2025-07-10,1,-33.4489,-70.6693,18.74,-4.47,0.0,2.48,16.6,23.34,22.9,20.762999999999998,21.652,23.0865,-2.9120000000000026,0.0,0.0,0.0,0.0,0.0,0.0,0.0,completed,NASA_POWER_MERRA2_GEOS_IT,v2.9.7,LST,False
HRF-0172,HRF-0172,2025-07-03,0,-33.4489,-70.6693,26.52,-0.43,0.0,2.43,22.73,18.03,16.99,20.762999999999998,21.652,23.0865,4.8679999999999986,0.0,0.0,0.0,0.0,0.0,0.0,0.0,completed,NASA_POWER_MERRA2_GEOS_IT,v2.9.7,LST,False
HRF-0172,HRF-0172,2025-07-17,0,-33.4489,-70.6693,26.33,-1.83,0.0,2.62,18.53,13.14,18.45,20.762999999999998,21.652,23.0865,4.677999999999997,0.0,0.0,0.0,0.0,0.0,0.0,0.0,completed,NASA_POWER_MERRA2_GEOS_IT,v2.9.7,LST,False
HRF-0172,HRF-0172,2025-07-24,0,-33.4489,-70.6693,15.46,-2.38,0.02,2.98,20.11,22.27,20.6,20.762999999999998,21.652,23.0865,-6.192,0.0,0.0,0.0,0.0,0.0,0.0,0.0,completed,NASA_POWER_MERRA2_GEOS_IT,v2.9.7,LST,False
HRF-0172,HRF-0172,2025-07-31,0,-33.4489,-70.6693,14.84,4.4,2.92,3.25,17.88,25.12,21.14,20.762999999999998,21.652,23.0865,-6.812000000000001,0.0,0.0,0.0,0.0,0.0,0.0,0.0,completed,NASA_POWER_MERRA2_GEOS_IT,v2.9.7,LST,False
HRF-0174,HRF-0174,2025-07-12,1,39.9334,32.8597,37.67,9.49,0.0,3.45,38.01,36.65,36.01,33.53,34.432,35.661,3.2379999999999995,1.0,1.0,1.0,1.0,1.0,1.0,1.0,completed,NASA_POWER_MERRA2_GEOS_IT,v2.9.7,LST,False
HRF-0174,HRF-0174,2025-07-05,0,39.9334,32.8597,29.4,6.36,0.0,2.77,26.25,26.5,27.95,33.53,34.432,35.661,-5.032000000000004,0.0,0.0,0.0,0.0,0.0,0.0,0.0,completed,NASA_POWER_MERRA2_GEOS_IT,v2.9.7,LST,False
HRF-0174,HRF-0174,2025-07-19,0,39.9334,32.8597,32.34,13.66,0.62,2.96,33.94,34.35,29.84,33.53,34.432,35.661,-2.0919999999999987,0.0,0.0,0.0,0.0,0.0,0.0,0.0,completed,NASA_POWER_MERRA2_GEOS_IT,v2.9.7,LST,False
HRF-0174,HRF-0174,2025-07-26,0,39.9334,32.8597,33.29,8.34,0.0,6.58,33.06,35.26,36.98,33.53,34.432,35.661,-1.142000000000003,0.0,0.0,0.0,0.0,0.0,0.0,0.0,completed,NASA_POWER_MERRA2_GEOS_IT,v2.9.7,LST,False
HRF-0175,HRF-0175,2025-08-17,1,37.5665,126.978,28.62,23.99,0.55,3.04,28.54,28.36,26.73,30.35,30.891000000000002,31.980999999999998,-2.271000000000001,0.0,0.0,0.0,0.0,0.0,0.0,0.0,completed,NASA_POWER_MERRA2_GEOS_IT,v2.9.7,LST,False
HRF-0175,HRF-0175,2025-08-03,0,37.5665,126.978,30.71,24.23,10.75,2.3,31.56,30.21,32.07,30.35,30.891000000000002,31.980999999999998,-0.18100000000000094,0.0,0.0,0.0,0.0,0.0,0.0,0.0,completed,NASA_POWER_MERRA2_GEOS_IT,v2.9.7,LST,False
HRF-0175,HRF-0175,2025-08-10,0,37.5665,126.978,29.89,20.95,0.0,2.22,28.08,28.78,29.4,30.35,30.891000000000002,31.980999999999998,-1.0010000000000012,0.0,0.0,0.0,0.0,0.0,0.0,0.0,completed,NASA_POWER_MERRA2_GEOS_IT,v2.9.7,LST,False
HRF-0175,HRF-0175,2025-08-24,0,37.5665,126.978,31.34,24.15,0.17,2.08,30.44,30.3,30.73,30.35,30.891000000000002,31.980999999999998,0.44899999999999807,0.0,0.0,0.0,0.0,0.0,0.0,0.0,completed,NASA_POWER_MERRA2_GEOS_IT,v2.9.7,LST,False
HRF-0175,HRF-0175,2025-08-31,0,37.5665,126.978,29.87,24.09,11.96,3.84,29.48,30.01,29.63,30.35,30.891000000000002,31.980999999999998,-1.0210000000000008,0.0,0.0,0.0,0.0,0.0,0.0,0.0,completed,NASA_POWER_MERRA2_GEOS_IT,v2.9.7,LST,False
HRF-0200,HRF-0200,2026-02-24,1,37.5665,126.978,4.61,-3.26,1.11,2.95,3.18,8.26,12.5,7.04,8.209000000000001,9.607999999999997,-3.599000000000001,0.0,0.0,0.0,0.0,0.0,0.0,0.0,completed,NASA_POWER_MERRA2_GEOS_IT,v2.9.7,LST,False
HRF-0200,HRF-0200,2026-02-03,0,37.5665,126.978,2.32,-6.21,0.0,2.53,-0.44,-0.11,-1.48,7.04,8.209000000000001,9.607999999999997,-5.889000000000001,0.0,0.0,0.0,0.0,0.0,0.0,0.0,completed,NASA_POWER_MERRA2_GEOS_IT,v2.9.7,LST,False
HRF-0200,HRF-0200,2026-02-10,0,37.5665,126.978,3.42,-1.65,0.46,3.2,1.39,-4.92,-5.44,7.04,8.209000000000001,9.607999999999997,-4.7890000000000015,0.0,0.0,0.0,0.0,0.0,0.0,0.0,completed,NASA_POWER_MERRA2_GEOS_IT,v2.9.7,LST,False
HRF-0200,HRF-0200,2026-02-17,0,37.5665,126.978,4.07,-3.67,0.0,3.54,5.57,7.39,9.09,7.04,8.209000000000001,9.607999999999997,-4.139000000000001,0.0,0.0,0.0,0.0,0.0,0.0,0.0,completed,NASA_POWER_MERRA2_GEOS_IT,v2.9.7,LST,False
HRF-0176,HRF-0176,2025-09-07,1,19.076,72.8777,28.26,24.38,19.23,4.65,26.52,28.29,27.26,30.413,30.961000000000002,31.67,-2.7010000000000005,0.0,0.0,0.0,0.0,0.0,0.0,0.0,completed,NASA_POWER_MERRA2_GEOS_IT,v2.9.7,LST,False
HRF-0176,HRF-0176,2025-09-14,0,19.076,72.8777,29.63,24.37,38.53,3.07,28.36,29.24,29.35,30.413,30.961000000000002,31.67,-1.331000000000003,0.0,0.0,0.0,0.0,0.0,0.0,0.0,completed,NASA_POWER_MERRA2_GEOS_IT,v2.9.7,LST,False
HRF-0176,HRF-0176,2025-09-21,0,19.076,72.8777,29.17,24.62,10.63,2.53,27.71,27.8,29.04,30.413,30.961000000000002,31.67,-1.7910000000000004,0.0,0.0,0.0,0.0,0.0,0.0,0.0,completed,NASA_POWER_MERRA2_GEOS_IT,v2.9.7,LST,False
HRF-0176,HRF-0176,2025-09-28,0,19.076,72.8777,26.19,24.43,112.87,6.66,28.41,28.94,28.92,30.413,30.961000000000002,31.67,-4.771000000000001,0.0,0.0,0.0,0.0,0.0,0.0,0.0,completed,NASA_POWER_MERRA2_GEOS_IT,v2.9.7,LST,False
HRF-0198,HRF-0198,2026-02-09,1,19.076,72.8777,33.65,12.32,0.0,2.59,35.14,34.61,34.49,37.6395,38.199,39.076499999999996,-4.5489999999999995,0.0,0.0,0.0,0.0,0.0,0.0,0.0,completed,NASA_POWER_MERRA2_GEOS_IT,v2.9.7,LST,False
HRF-0198,HRF-0198,2026-02-02,0,19.076,72.8777,33.98,15.04,0.0,2.93,33.93,32.42,32.72,37.6395,38.199,39.076499999999996,-4.219000000000001,0.0,0.0,0.0,0.0,0.0,0.0,0.0,completed,NASA_POWER_MERRA2_GEOS_IT,v2.9.7,LST,False
HRF-0198,HRF-0198,2026-02-16,0,19.076,72.8777,36.46,10.77,0.0,2.9,36.24,36.5,35.42,37.6395,38.199,39.076499999999996,-1.7389999999999972,0.0,0.0,0.0,0.0,0.0,0.0,0.0,completed,NASA_POWER_MERRA2_GEOS_IT,v2.9.7,LST,False
HRF-0198,HRF-0198,2026-02-23,0,19.076,72.8777,37.0,11.84,0.0,3.14,37.74,37.01,35.8,37.6395,38.199,39.076499999999996,-1.198999999999998,0.0,0.0,0.0,0.0,0.0,0.0,0.0,completed,NASA_POWER_MERRA2_GEOS_IT,v2.9.7,LST,False
HRF-0177,HRF-0177,2025-09-16,1,6.4494,3.397,26.18,23.78,24.53,3.45,28.37,28.48,26.48,28.12,28.271,28.52,-2.091000000000001,0.0,0.0,0.0,0.0,0.0,0.0,0.0,completed,NASA_POWER_MERRA2_GEOS_IT,v2.9.7,LST,False
HRF-0177,HRF-0177,2025-09-02,0,6.4494,3.397,28.59,22.64,0.47,3.84,27.31,27.33,27.02,28.12,28.271,28.52,0.31899999999999906,0.0,0.0,0.0,0.0,0.0,0.0,0.0,completed,NASA_POWER_MERRA2_GEOS_IT,v2.9.7,LST,False
HRF-0177,HRF-0177,2025-09-09,0,6.4494,3.397,27.24,23.3,12.64,3.75,27.59,28.28,28.31,28.12,28.271,28.52,-1.0310000000000024,0.0,0.0,0.0,0.0,0.0,0.0,0.0,completed,NASA_POWER_MERRA2_GEOS_IT,v2.9.7,LST,False
HRF-0177,HRF-0177,2025-09-23,0,6.4494,3.397,28.06,23.9,13.23,2.9,27.91,27.66,27.94,28.12,28.271,28.52,-0.21100000000000207,0.0,0.0,0.0,0.0,0.0,0.0,0.0,completed,NASA_POWER_MERRA2_GEOS_IT,v2.9.7,LST,False
HRF-0177,HRF-0177,2025-09-30,0,6.4494,3.397,27.81,24.43,5.32,3.02,28.26,28.42,28.31,28.12,28.271,28.52,-0.4610000000000021,0.0,0.0,0.0,0.0,0.0,0.0,0.0,completed,NASA_POWER_MERRA2_GEOS_IT,v2.9.7,LST,False
HRF-0178,HRF-0178,2025-10-10,1,47.39484,0.70398,20.76,9.25,0.02,3.74,20.25,21.67,22.93,21.2495,22.435000000000002,23.941,-1.6750000000000007,0.0,0.0,0.0,0.0,0.0,0.0,0.0,completed,NASA_POWER_MERRA2_GEOS_IT,v2.9.7,LST,False
HRF-0178,HRF-0178,2025-10-03,0,47.39484,0.70398,17.75,9.13,1.69,5.5,19.64,21.37,22.51,21.2495,22.435000000000002,23.941,-4.685000000000002,0.0,0.0,0.0,0.0,0.0,0.0,0.0,completed,NASA_POWER_MERRA2_GEOS_IT,v2.9.7,LST,False
HRF-0178,HRF-0178,2025-10-17,0,47.39484,0.70398,18.52,6.08,0.03,4.96,19.13,19.54,19.98,21.2495,22.435000000000002,23.941,-3.9150000000000027,0.0,0.0,0.0,0.0,0.0,0.0,0.0,completed,NASA_POWER_MERRA2_GEOS_IT,v2.9.7,LST,False
HRF-0178,HRF-0178,2025-10-24,0,47.39484,0.70398,14.67,6.63,0.98,5.55,16.15,19.3,19.47,21.2495,22.435000000000002,23.941,-7.765000000000002,0.0,0.0,0.0,0.0,0.0,0.0,0.0,completed,NASA_POWER_MERRA2_GEOS_IT,v2.9.7,LST,False
HRF-0178,HRF-0178,2025-10-31,0,47.39484,0.70398,18.33,9.3,0.03,5.92,16.33,13.18,15.96,21.2495,22.435000000000002,23.941,-4.105000000000004,0.0,0.0,0.0,0.0,0.0,0.0,0.0,completed,NASA_POWER_MERRA2_GEOS_IT,v2.9.7,LST,False
HRF-0179,HRF-0179,2025-10-11,1,35.0456,-85.3097,25.73,9.44,0.0,1.81,26.06,23.04,28.94,27.973,28.752,30.131499999999996,-3.0219999999999985,0.0,0.0,0.0,0.0,0.0,0.0,0.0,completed,NASA_POWER_MERRA2_GEOS_IT,v2.9.7,LST,False
HRF-0179,HRF-0179,2025-10-04,0,35.0456,-85.3097,27.64,12.59,0.0,1.55,28.0,28.93,31.52,27.973,28.752,30.131499999999996,-1.1119999999999983,0.0,0.0,0.0,0.0,0.0,0.0,0.0,completed,NASA_POWER_MERRA2_GEOS_IT,v2.9.7,LST,False
HRF-0179,HRF-0179,2025-10-18,0,35.0456,-85.3097,29.03,14.34,0.19,2.21,28.21,27.65,29.55,27.973,28.752,30.131499999999996,0.27800000000000225,0.0,0.0,0.0,0.0,0.0,0.0,0.0,completed,NASA_POWER_MERRA2_GEOS_IT,v2.9.7,LST,False
HRF-0179,HRF-0179,2025-10-25,0,35.0456,-85.3097,23.23,3.22,0.0,1.83,20.85,23.86,21.02,27.973,28.752,30.131499999999996,-5.5219999999999985,0.0,0.0,0.0,0.0,0.0,0.0,0.0,completed,NASA_POWER_MERRA2_GEOS_IT,v2.9.7,LST,False
HRF-0180,HRF-0180,2025-10-13,1,55.8708,12.8302,13.3,6.28,0.02,3.3,15.39,15.19,15.12,14.773,15.292,16.5855,-1.991999999999999,0.0,0.0,0.0,0.0,0.0,0.0,0.0,completed,NASA_POWER_MERRA2_GEOS_IT,v2.9.7,LST,False
HRF-0180,HRF-0180,2025-10-06,0,55.8708,12.8302,14.88,10.62,0.79,4.88,14.23,11.01,13.61,14.773,15.292,16.5855,-0.41199999999999903,0.0,0.0,0.0,0.0,0.0,0.0,0.0,completed,NASA_POWER_MERRA2_GEOS_IT,v2.9.7,LST,False
HRF-0180,HRF-0180,2025-10-20,0,55.8708,12.8302,11.18,4.92,0.0,7.75,10.43,9.59,10.49,14.773,15.292,16.5855,-4.112,0.0,0.0,0.0,0.0,0.0,0.0,0.0,completed,NASA_POWER_MERRA2_GEOS_IT,v2.9.7,LST,False
HRF-0180,HRF-0180,2025-10-27,0,55.8708,12.8302,9.02,6.96,7.18,4.83,8.93,10.24,11.77,14.773,15.292,16.5855,-6.272,0.0,0.0,0.0,0.0,0.0,0.0,0.0,completed,NASA_POWER_MERRA2_GEOS_IT,v2.9.7,LST,False
HRF-0181,HRF-0181,2025-10-18,1,22.28299,114.15846,30.79,23.58,0.31,2.59,30.88,30.45,30.11,29.5065,29.784000000000002,30.391,1.0059999999999967,1.0,1.0,1.0,1.0,1.0,1.0,1.0,completed,NASA_POWER_MERRA2_GEOS_IT,v2.9.7,LST,False
HRF-0181,HRF-0181,2025-10-04,0,22.28299,114.15846,30.01,24.9,5.99,6.25,31.31,30.18,30.59,29.5065,29.784000000000002,30.391,0.2259999999999991,1.0,1.0,1.0,1.0,1.0,0.0,1.0,completed,NASA_POWER_MERRA2_GEOS_IT,v2.9.7,LST,False
HRF-0181,HRF-0181,2025-10-11,0,22.28299,114.15846,30.33,24.48,0.16,3.16,30.15,30.47,30.95,29.5065,29.784000000000002,30.391,0.5459999999999958,1.0,1.0,1.0,1.0,1.0,0.0,1.0,completed,NASA_POWER_MERRA2_GEOS_IT,v2.9.7,LST,False
HRF-0181,HRF-0181,2025-10-25,0,22.28299,114.15846,26.98,17.97,0.18,5.84,23.67,24.47,21.99,29.5065,29.784000000000002,30.391,-2.804000000000002,0.0,0.0,0.0,0.0,0.0,0.0,0.0,completed,NASA_POWER_MERRA2_GEOS_IT,v2.9.7,LST,False
HRF-0182,HRF-0182,2025-10-21,1,26.0112,-80.1495,28.45,23.79,1.49,4.09,28.25,27.84,27.09,28.976499999999998,29.17,29.575499999999998,-0.7200000000000024,0.0,0.0,0.0,0.0,0.0,0.0,0.0,completed,NASA_POWER_MERRA2_GEOS_IT,v2.9.7,LST,False
HRF-0182,HRF-0182,2025-10-07,0,26.0112,-80.1495,28.78,24.85,4.28,6.28,28.58,28.52,28.5,28.976499999999998,29.17,29.575499999999998,-0.39000000000000057,0.0,0.0,0.0,0.0,0.0,0.0,0.0,completed,NASA_POWER_MERRA2_GEOS_IT,v2.9.7,LST,False
HRF-0182,HRF-0182,2025-10-14,0,26.0112,-80.1495,28.18,22.01,0.06,5.63,28.53,28.02,26.29,28.976499999999998,29.17,29.575499999999998,-0.990000000000002,0.0,0.0,0.0,0.0,0.0,0.0,0.0,completed,NASA_POWER_MERRA2_GEOS_IT,v2.9.7,LST,False
HRF-0182,HRF-0182,2025-10-28,0,26.0112,-80.1495,28.52,24.41,1.37,3.04,28.49,28.46,28.16,28.976499999999998,29.17,29.575499999999998,-0.6500000000000021,0.0,0.0,0.0,0.0,0.0,0.0,0.0,completed,NASA_POWER_MERRA2_GEOS_IT,v2.9.7,LST,False
HRF-0183,HRF-0183,2025-11-04,1,44.53842,18.66709,12.89,2.51,0.15,1.42,16.81,22.08,24.32,18.16,19.121000000000002,20.482999999999997,-6.231000000000002,0.0,0.0,0.0,0.0,0.0,0.0,0.0,completed,NASA_POWER_MERRA2_GEOS_IT,v2.9.7,LST,False
HRF-0183,HRF-0183,2025-11-11,0,44.53842,18.66709,14.16,2.73,0.88,1.69,7.16,11.91,6.87,18.16,19.121000000000002,20.482999999999997,-4.961000000000002,0.0,0.0,0.0,0.0,0.0,0.0,0.0,completed,NASA_POWER_MERRA2_GEOS_IT,v2.9.7,LST,False
HRF-0183,HRF-0183,2025-11-18,0,44.53842,18.66709,9.64,2.18,11.38,1.83,19.9,19.96,17.26,18.16,19.121000000000002,20.482999999999997,-9.481000000000002,0.0,0.0,0.0,0.0,0.0,0.0,0.0,completed,NASA_POWER_MERRA2_GEOS_IT,v2.9.7,LST,False
HRF-0183,HRF-0183,2025-11-25,0,44.53842,18.66709,11.84,6.92,1.12,3.58,4.7,-1.24,-0.17,18.16,19.121000000000002,20.482999999999997,-7.281000000000002,0.0,0.0,0.0,0.0,0.0,0.0,0.0,completed,NASA_POWER_MERRA2_GEOS_IT,v2.9.7,LST,False
HRF-0184,HRF-0184,2025-11-11,1,-23.5505,-46.6333,29.22,10.93,0.06,4.53,25.3,24.24,27.03,30.013,30.662,31.6925,-1.4420000000000002,0.0,0.0,0.0,0.0,0.0,0.0,0.0,completed,NASA_POWER_MERRA2_GEOS_IT,v2.9.7,LST,False
HRF-0184,HRF-0184,2025-11-04,0,-23.5505,-46.6333,29.85,17.69,1.02,2.3,27.24,27.06,29.61,30.013,30.662,31.6925,-0.8119999999999976,0.0,0.0,0.0,0.0,0.0,0.0,0.0,completed,NASA_POWER_MERRA2_GEOS_IT,v2.9.7,LST,False
HRF-0184,HRF-0184,2025-11-18,0,-23.5505,-46.6333,26.42,16.6,6.97,6.23,29.81,25.35,28.86,30.013,30.662,31.6925,-4.241999999999997,0.0,0.0,0.0,0.0,0.0,0.0,0.0,completed,NASA_POWER_MERRA2_GEOS_IT,v2.9.7,LST,False
HRF-0184,HRF-0184,2025-11-25,0,-23.5505,-46.6333,26.02,14.08,0.58,4.6,25.17,28.61,32.73,30.013,30.662,31.6925,-4.6419999999999995,0.0,0.0,0.0,0.0,0.0,0.0,0.0,completed,NASA_POWER_MERRA2_GEOS_IT,v2.9.7,LST,False
HRF-0185,HRF-0185,2025-11-17,1,45.7997,15.9614,17.03,9.71,16.16,5.01,17.59,15.71,17.54,15.1915,16.434,17.4625,0.5960000000000001,0.0,0.0,0.0,0.0,0.0,0.0,0.0,completed,NASA_POWER_MERRA2_GEOS_IT,v2.9.7,LST,False
HRF-0185,HRF-0185,2025-11-03,0,45.7997,15.9614,15.52,6.62,17.77,3.69,21.42,21.03,21.35,15.1915,16.434,17.4625,-0.9140000000000015,0.0,0.0,0.0,0.0,0.0,0.0,0.0,completed,NASA_POWER_MERRA2_GEOS_IT,v2.9.7,LST,False
HRF-0185,HRF-0185,2025-11-10,0,45.7997,15.9614,12.53,4.06,0.02,1.44,12.79,12.09,9.65,15.1915,16.434,17.4625,-3.9040000000000017,0.0,0.0,0.0,0.0,0.0,0.0,0.0,completed,NASA_POWER_MERRA2_GEOS_IT,v2.9.7,LST,False
HRF-0185,HRF-0185,2025-11-24,0,45.7997,15.9614,3.92,-0.76,1.9,4.68,2.48,0.99,2.56,15.1915,16.434,17.4625,-12.514000000000001,0.0,0.0,0.0,0.0,0.0,0.0,0.0,completed,NASA_POWER_MERRA2_GEOS_IT,v2.9.7,LST,False
HRF-0186,HRF-0186,2025-11-26,1,22.44695,114.17545,22.72,9.51,0.0,4.75,24.07,25.5,24.97,27.3915,27.81,28.273499999999995,-5.09,0.0,0.0,0.0,0.0,0.0,0.0,0.0,completed,NASA_POWER_MERRA2_GEOS_IT,v2.9.7,LST,False
HRF-0186,HRF-0186,2025-11-05,0,22.44695,114.17545,25.77,18.38,0.03,4.51,22.92,23.69,26.54,27.3915,27.81,28.273499999999995,-2.039999999999999,0.0,0.0,0.0,0.0,0.0,0.0,0.0,completed,NASA_POWER_MERRA2_GEOS_IT,v2.9.7,LST,False
HRF-0186,HRF-0186,2025-11-12,0,22.44695,114.17545,25.2,16.0,0.01,7.7,23.96,26.81,27.82,27.3915,27.81,28.273499999999995,-2.6099999999999994,0.0,0.0,0.0,0.0,0.0,0.0,0.0,completed,NASA_POWER_MERRA2_GEOS_IT,v2.9.7,LST,False
HRF-0186,HRF-0186,2025-11-19,0,22.44695,114.17545,18.08,5.97,0.01,8.68,20.26,27.17,26.2,27.3915,27.81,28.273499999999995,-9.73,0.0,0.0,0.0,0.0,0.0,0.0,0.0,completed,NASA_POWER_MERRA2_GEOS_IT,v2.9.7,LST,False
HRF-0187,HRF-0187,2025-11-27,1,43.7045,-79.349,3.89,-1.46,2.6,13.21,9.52,8.43,7.42,11.4815,12.520999999999999,13.690499999999998,-8.630999999999998,0.0,0.0,0.0,0.0,0.0,0.0,0.0,completed,NASA_POWER_MERRA2_GEOS_IT,v2.9.7,LST,False
HRF-0187,HRF-0187,2025-11-06,0,43.7045,-79.349,8.98,1.57,1.95,5.78,12.34,13.37,11.74,11.4815,12.520999999999999,13.690499999999998,-3.5409999999999986,0.0,0.0,0.0,0.0,0.0,0.0,0.0,completed,NASA_POWER_MERRA2_GEOS_IT,v2.9.7,LST,False
HRF-0187,HRF-0187,2025-11-13,0,43.7045,-79.349,7.9,2.55,1.64,8.0,8.38,5.61,1.0,11.4815,12.520999999999999,13.690499999999998,-4.620999999999999,0.0,0.0,0.0,0.0,0.0,0.0,0.0,completed,NASA_POWER_MERRA2_GEOS_IT,v2.9.7,LST,False
HRF-0187,HRF-0187,2025-11-20,0,43.7045,-79.349,6.6,-0.87,0.03,2.42,5.94,6.24,4.96,11.4815,12.520999999999999,13.690499999999998,-5.920999999999999,0.0,0.0,0.0,0.0,0.0,0.0,0.0,completed,NASA_POWER_MERRA2_GEOS_IT,v2.9.7,LST,False
HRF-0189,HRF-0189,2025-12-09,1,23.3541,116.682,22.02,13.58,0.0,6.38,23.53,23.4,22.36,23.17,23.663,24.57,-1.6430000000000007,0.0,0.0,0.0,0.0,0.0,0.0,0.0,completed,NASA_POWER_MERRA2_GEOS_IT,v2.9.7,LST,False
HRF-0189,HRF-0189,2025-12-02,0,23.3541,116.682,25.35,16.7,0.14,3.76,24.98,20.67,22.29,23.17,23.663,24.57,1.6870000000000012,0.0,0.0,0.0,0.0,0.0,0.0,0.0,completed,NASA_POWER_MERRA2_GEOS_IT,v2.9.7,LST,False
HRF-0189,HRF-0189,2025-12-16,0,23.3541,116.682,22.02,11.25,0.0,3.8,18.88,19.8,22.24,23.17,23.663,24.57,-1.6430000000000007,0.0,0.0,0.0,0.0,0.0,0.0,0.0,completed,NASA_POWER_MERRA2_GEOS_IT,v2.9.7,LST,False
HRF-0189,HRF-0189,2025-12-23,0,23.3541,116.682,21.45,13.48,0.01,3.59,21.08,22.77,21.89,23.17,23.663,24.57,-2.213000000000001,0.0,0.0,0.0,0.0,0.0,0.0,0.0,completed,NASA_POWER_MERRA2_GEOS_IT,v2.9.7,LST,False
HRF-0189,HRF-0189,2025-12-30,0,23.3541,116.682,22.08,12.44,0.0,3.52,21.55,21.7,19.89,23.17,23.663,24.57,-1.583000000000002,0.0,0.0,0.0,0.0,0.0,0.0,0.0,completed,NASA_POWER_MERRA2_GEOS_IT,v2.9.7,LST,False
HRF-0190,HRF-0190,2025-12-10,1,3.139,101.6869,29.73,22.14,0.46,1.68,30.16,28.51,29.51,29.5365,29.752,30.19,-0.021999999999998465,0.0,0.0,0.0,0.0,0.0,0.0,0.0,completed,NASA_POWER_MERRA2_GEOS_IT,v2.9.7,LST,False
HRF-0190,HRF-0190,2025-12-03,0,3.139,101.6869,26.92,22.73,2.08,0.89,30.57,30.24,29.34,29.5365,29.752,30.19,-2.831999999999997,0.0,0.0,0.0,0.0,0.0,0.0,0.0,completed,NASA_POWER_MERRA2_GEOS_IT,v2.9.7,LST,False
HRF-0190,HRF-0190,2025-12-17,0,3.139,101.6869,26.31,23.74,69.02,1.46,26.26,26.44,26.95,29.5365,29.752,30.19,-3.442,0.0,0.0,0.0,0.0,0.0,0.0,0.0,completed,NASA_POWER_MERRA2_GEOS_IT,v2.9.7,LST,False
HRF-0190,HRF-0190,2025-12-24,0,3.139,101.6869,30.52,23.48,0.12,1.59,28.89,29.16,29.84,29.5365,29.752,30.19,0.7680000000000007,0.0,0.0,0.0,0.0,0.0,0.0,0.0,completed,NASA_POWER_MERRA2_GEOS_IT,v2.9.7,LST,False
HRF-0190,HRF-0190,2025-12-31,0,3.139,101.6869,29.85,23.58,1.18,1.34,29.89,27.5,27.95,29.5365,29.752,30.19,0.09800000000000253,0.0,0.0,0.0,0.0,0.0,0.0,0.0,completed,NASA_POWER_MERRA2_GEOS_IT,v2.9.7,LST,False
HRF-0193,HRF-0193,2025-12-27,1,49.8951,-97.1384,-8.65,-13.09,4.36,4.52,-11.79,-5.5,-12.35,-1.9735000000000003,-0.8189999999999997,0.5464999999999987,-7.831,0.0,0.0,0.0,0.0,0.0,0.0,0.0,completed,NASA_POWER_MERRA2_GEOS_IT,v2.9.7,LST,False
HRF-0193,HRF-0193,2025-12-06,0,49.8951,-97.1384,-16.21,-22.17,0.03,4.33,-9.89,-7.82,-16.05,-1.9735000000000003,-0.8189999999999997,0.5464999999999987,-15.391000000000002,0.0,0.0,0.0,0.0,0.0,0.0,0.0,completed,NASA_POWER_MERRA2_GEOS_IT,v2.9.7,LST,False
HRF-0193,HRF-0193,2025-12-13,0,49.8951,-97.1384,-21.0,-24.69,0.05,6.21,-10.16,-8.62,-10.23,-1.9735000000000003,-0.8189999999999997,0.5464999999999987,-20.181,0.0,0.0,0.0,0.0,0.0,0.0,0.0,completed,NASA_POWER_MERRA2_GEOS_IT,v2.9.7,LST,False
HRF-0193,HRF-0193,2025-12-20,0,49.8951,-97.1384,-14.48,-19.46,1.7,7.41,-11.6,-9.98,-5.64,-1.9735000000000003,-0.8189999999999997,0.5464999999999987,-13.661000000000001,0.0,0.0,0.0,0.0,0.0,0.0,0.0,completed,NASA_POWER_MERRA2_GEOS_IT,v2.9.7,LST,False
HRF-0221,HRF-0221,2026-06-09,1,49.8951,-97.1384,31.45,13.16,1.77,5.55,27.98,32.87,31.31,27.8045,28.731,30.182499999999997,2.7189999999999976,0.0,0.0,0.0,0.0,0.0,0.0,0.0,completed,NASA_POWER_MERRA2_GEOS_IT,v2.9.7,LST,False
HRF-0221,HRF-0221,2026-06-02,0,49.8951,-97.1384,29.8,14.46,2.6,4.61,26.72,29.67,30.98,27.8045,28.731,30.182499999999997,1.068999999999999,0.0,0.0,0.0,0.0,0.0,0.0,0.0,completed,NASA_POWER_MERRA2_GEOS_IT,v2.9.7,LST,False
HRF-0221,HRF-0221,2026-06-16,0,49.8951,-97.1384,25.31,8.08,2.09,3.32,20.23,21.55,16.91,27.8045,28.731,30.182499999999997,-3.421000000000003,0.0,0.0,0.0,0.0,0.0,0.0,0.0,completed,NASA_POWER_MERRA2_GEOS_IT,v2.9.7,LST,False
HRF-0221,HRF-0221,2026-06-23,0,49.8951,-97.1384,19.97,13.54,10.24,4.14,22.61,20.04,18.55,27.8045,28.731,30.182499999999997,-8.761000000000003,0.0,0.0,0.0,0.0,0.0,0.0,0.0,completed,NASA_POWER_MERRA2_GEOS_IT,v2.9.7,LST,False
HRF-0221,HRF-0221,2026-06-30,0,49.8951,-97.1384,25.75,15.19,0.52,8.81,28.67,23.76,23.52,27.8045,28.731,30.182499999999997,-2.9810000000000016,0.0,0.0,0.0,0.0,0.0,0.0,0.0,completed,NASA_POWER_MERRA2_GEOS_IT,v2.9.7,LST,False
HRF-0235,HRF-0235,2026-08-09,1,49.8951,-97.1384,23.38,11.88,0.06,1.55,22.81,21.99,27.46,29.9265,30.891000000000002,32.5055,-7.511000000000003,0.0,0.0,0.0,0.0,0.0,0.0,0.0,completed,NASA_POWER_MERRA2_GEOS_IT,v2.9.7,LST,True
HRF-0235,HRF-0235,2026-08-02,0,49.8951,-97.1384,30.01,16.75,2.8,2.72,27.3,28.21,29.58,29.9265,30.891000000000002,32.5055,-0.8810000000000002,0.0,0.0,0.0,0.0,0.0,0.0,0.0,completed,NASA_POWER_MERRA2_GEOS_IT,v2.9.7,LST,True
HRF-0235,HRF-0235,2026-08-16,0,49.8951,-97.1384,24.03,13.07,0.16,1.83,20.46,25.62,24.42,29.9265,30.891000000000002,32.5055,-6.861000000000001,0.0,0.0,0.0,0.0,0.0,0.0,0.0,completed,NASA_POWER_MERRA2_GEOS_IT,v2.9.7,LST,True
HRF-0235,HRF-0235,2026-08-23,0,49.8951,-97.1384,24.8,10.72,0.0,1.55,23.08,24.84,22.98,29.9265,30.891000000000002,32.5055,-6.091000000000001,0.0,0.0,0.0,0.0,0.0,0.0,0.0,completed,NASA_POWER_MERRA2_GEOS_IT,v2.9.7,LST,True
HRF-0235,HRF-0235,2026-08-30,0,49.8951,-97.1384,,,,,,26.13,23.83,29.9265,30.891000000000002,32.5055,,,,,,,,,completed,NASA_POWER_MERRA2_GEOS_IT,v2.9.7,LST,True
HRF-0194,HRF-0194,2026-01-09,1,48.1351,11.582,4.52,-0.07,4.5,3.37,0.55,-3.2,-3.05,6.515999999999999,7.882000000000001,9.402,-3.362000000000001,0.0,0.0,0.0,0.0,0.0,0.0,0.0,completed,NASA_POWER_MERRA2_GEOS_IT,v2.9.7,LST,False
HRF-0194,HRF-0194,2026-01-02,0,48.1351,11.582,0.57,-3.53,2.04,5.46,2.4,-1.24,-0.6,6.515999999999999,7.882000000000001,9.402,-7.312,0.0,0.0,0.0,0.0,0.0,0.0,0.0,completed,NASA_POWER_MERRA2_GEOS_IT,v2.9.7,LST,False
HRF-0194,HRF-0194,2026-01-16,0,48.1351,11.582,8.42,0.24,0.01,2.13,8.06,7.2,7.53,6.515999999999999,7.882000000000001,9.402,0.5379999999999994,0.0,0.0,0.0,0.0,0.0,0.0,0.0,completed,NASA_POWER_MERRA2_GEOS_IT,v2.9.7,LST,False
HRF-0194,HRF-0194,2026-01-23,0,48.1351,11.582,2.85,-3.9,0.02,2.18,1.5,5.29,6.21,6.515999999999999,7.882000000000001,9.402,-5.032,0.0,0.0,0.0,0.0,0.0,0.0,0.0,completed,NASA_POWER_MERRA2_GEOS_IT,v2.9.7,LST,False
HRF-0194,HRF-0194,2026-01-30,0,48.1351,11.582,3.82,-1.43,0.05,1.76,1.63,4.43,5.15,6.515999999999999,7.882000000000001,9.402,-4.062000000000001,0.0,0.0,0.0,0.0,0.0,0.0,0.0,completed,NASA_POWER_MERRA2_GEOS_IT,v2.9.7,LST,False
HRF-0195,HRF-0195,2026-01-17,1,4.711,-74.0721,25.2,15.67,0.18,1.5,23.48,22.89,21.84,26.23,26.771,27.6455,-1.5710000000000015,0.0,0.0,0.0,0.0,0.0,0.0,0.0,completed,NASA_POWER_MERRA2_GEOS_IT,v2.9.7,LST,False
HRF-0195,HRF-0195,2026-01-03,0,4.711,-74.0721,23.16,15.21,13.41,1.51,23.6,25.15,25.5,26.23,26.771,27.6455,-3.6110000000000007,0.0,0.0,0.0,0.0,0.0,0.0,0.0,completed,NASA_POWER_MERRA2_GEOS_IT,v2.9.7,LST,False
HRF-0195,HRF-0195,2026-01-10,0,4.711,-74.0721,22.48,15.08,3.15,1.35,24.18,24.56,24.29,26.23,26.771,27.6455,-4.291,0.0,0.0,0.0,0.0,0.0,0.0,0.0,completed,NASA_POWER_MERRA2_GEOS_IT,v2.9.7,LST,False
HRF-0195,HRF-0195,2026-01-24,0,4.711,-74.0721,23.51,16.08,1.63,1.29,23.28,20.4,24.04,26.23,26.771,27.6455,-3.2609999999999992,0.0,0.0,0.0,0.0,0.0,0.0,0.0,completed,NASA_POWER_MERRA2_GEOS_IT,v2.9.7,LST,False
HRF-0195,HRF-0195,2026-01-31,0,4.711,-74.0721,21.2,15.52,1.35,1.27,21.53,20.02,23.09,26.23,26.771,27.6455,-5.5710000000000015,0.0,0.0,0.0,0.0,0.0,0.0,0.0,completed,NASA_POWER_MERRA2_GEOS_IT,v2.9.7,LST,False
HRF-0196,HRF-0196,2026-01-17,1,24.8607,67.0011,25.24,15.57,0.0,4.29,24.82,25.49,25.05,26.56,26.982,27.5,-1.7420000000000009,0.0,0.0,0.0,0.0,0.0,0.0,0.0,completed,NASA_POWER_MERRA2_GEOS_IT,v2.9.7,LST,False
HRF-0196,HRF-0196,2026-01-03,0,24.8607,67.0011,22.77,11.9,0.0,2.1,23.92,24.05,23.68,26.56,26.982,27.5,-4.212,0.0,0.0,0.0,0.0,0.0,0.0,0.0,completed,NASA_POWER_MERRA2_GEOS_IT,v2.9.7,LST,False
HRF-0196,HRF-0196,2026-01-10,0,24.8607,67.0011,22.44,1.61,0.0,3.26,22.07,21.97,23.12,26.56,26.982,27.5,-4.541999999999998,0.0,0.0,0.0,0.0,0.0,0.0,0.0,completed,NASA_POWER_MERRA2_GEOS_IT,v2.9.7,LST,False
HRF-0196,HRF-0196,2026-01-24,0,24.8607,67.0011,21.9,-2.51,0.0,5.72,19.42,23.44,24.51,26.56,26.982,27.5,-5.082000000000001,0.0,0.0,0.0,0.0,0.0,0.0,0.0,completed,NASA_POWER_MERRA2_GEOS_IT,v2.9.7,LST,False
HRF-0196,HRF-0196,2026-01-31,0,24.8607,67.0011,24.94,8.34,0.0,2.88,24.18,23.15,23.96,26.56,26.982,27.5,-2.041999999999998,0.0,0.0,0.0,0.0,0.0,0.0,0.0,completed,NASA_POWER_MERRA2_GEOS_IT,v2.9.7,LST,False
HRF-0197,HRF-0197,2026-01-24,1,40.7128,-74.006,-4.97,-10.88,0.0,7.11,3.15,7.27,3.44,8.176499999999999,9.192,10.8855,-14.161999999999999,0.0,0.0,0.0,0.0,0.0,0.0,0.0,completed,NASA_POWER_MERRA2_GEOS_IT,v2.9.7,LST,False
HRF-0197,HRF-0197,2026-01-03,0,40.7128,-74.006,-0.46,-6.34,0.0,4.6,-0.29,2.58,1.55,8.176499999999999,9.192,10.8855,-9.652000000000001,0.0,0.0,0.0,0.0,0.0,0.0,0.0,completed,NASA_POWER_MERRA2_GEOS_IT,v2.9.7,LST,False
HRF-0197,HRF-0197,2026-01-10,0,40.7128,-74.006,7.21,4.87,28.27,4.52,7.76,8.34,8.01,8.176499999999999,9.192,10.8855,-1.9820000000000002,0.0,0.0,0.0,0.0,0.0,0.0,0.0,completed,NASA_POWER_MERRA2_GEOS_IT,v2.9.7,LST,False
HRF-0197,HRF-0197,2026-01-17,0,40.7128,-74.006,5.73,0.39,2.05,5.28,1.79,5.23,8.14,8.176499999999999,9.192,10.8855,-3.4619999999999997,0.0,0.0,0.0,0.0,0.0,0.0,0.0,completed,NASA_POWER_MERRA2_GEOS_IT,v2.9.7,LST,False
HRF-0197,HRF-0197,2026-01-31,0,40.7128,-74.006,-4.42,-9.75,0.04,6.04,-6.81,-5.17,-4.74,8.176499999999999,9.192,10.8855,-13.612,0.0,0.0,0.0,0.0,0.0,0.0,0.0,completed,NASA_POWER_MERRA2_GEOS_IT,v2.9.7,LST,False
HRF-0229,HRF-0229,2026-07-17,1,40.7128,-74.006,28.27,17.6,0.0,3.31,29.36,31.71,29.08,28.4265,29.171000000000003,30.06,-0.9010000000000034,0.0,0.0,0.0,0.0,0.0,0.0,0.0,completed,NASA_POWER_MERRA2_GEOS_IT,v2.9.7,LST,True
HRF-0229,HRF-0229,2026-07-03,0,40.7128,-74.006,32.14,20.92,1.69,3.34,31.73,28.57,27.12,28.4265,29.171000000000003,30.06,2.9689999999999976,0.0,0.0,1.0,0.0,0.0,0.0,0.0,completed,NASA_POWER_MERRA2_GEOS_IT,v2.9.7,LST,True
HRF-0229,HRF-0229,2026-07-10,0,40.7128,-74.006,27.35,21.02,0.17,3.38,26.03,26.25,24.26,28.4265,29.171000000000003,30.06,-1.8210000000000015,0.0,0.0,0.0,0.0,0.0,0.0,0.0,completed,NASA_POWER_MERRA2_GEOS_IT,v2.9.7,LST,True
HRF-0229,HRF-0229,2026-07-24,0,40.7128,-74.006,25.09,15.24,0.0,2.42,25.67,28.1,25.52,28.4265,29.171000000000003,30.06,-4.081000000000003,0.0,0.0,0.0,0.0,0.0,0.0,0.0,completed,NASA_POWER_MERRA2_GEOS_IT,v2.9.7,LST,True
HRF-0229,HRF-0229,2026-07-31,0,40.7128,-74.006,27.3,20.02,0.59,2.9,24.62,26.11,24.75,28.4265,29.171000000000003,30.06,-1.8710000000000022,0.0,0.0,0.0,0.0,0.0,0.0,0.0,completed,NASA_POWER_MERRA2_GEOS_IT,v2.9.7,LST,True
HRF-0199,HRF-0199,2026-02-12,1,12.2388,109.1967,25.64,21.29,0.34,7.96,25.27,25.31,24.99,26.9295,27.093,27.372999999999998,-1.4529999999999994,0.0,0.0,0.0,0.0,0.0,0.0,0.0,completed,NASA_POWER_MERRA2_GEOS_IT,v2.9.7,LST,False
HRF-0199,HRF-0199,2026-02-05,0,12.2388,109.1967,25.47,20.95,0.16,5.62,25.57,25.12,25.28,26.9295,27.093,27.372999999999998,-1.623000000000001,0.0,0.0,0.0,0.0,0.0,0.0,0.0,completed,NASA_POWER_MERRA2_GEOS_IT,v2.9.7,LST,False
HRF-0199,HRF-0199,2026-02-19,0,12.2388,109.1967,25.9,22.22,0.09,8.82,26.4,26.84,26.15,26.9295,27.093,27.372999999999998,-1.1930000000000014,0.0,0.0,0.0,0.0,0.0,0.0,0.0,completed,NASA_POWER_MERRA2_GEOS_IT,v2.9.7,LST,False
HRF-0199,HRF-0199,2026-02-26,0,12.2388,109.1967,26.15,24.31,33.08,3.59,26.37,26.67,26.52,26.9295,27.093,27.372999999999998,-0.9430000000000014,0.0,0.0,0.0,0.0,0.0,0.0,0.0,completed,NASA_POWER_MERRA2_GEOS_IT,v2.9.7,LST,False
HRF-0201,HRF-0201,2026-02-28,1,26.22787,50.58565,25.3,14.31,0.0,3.31,22.85,22.25,23.21,22.8695,23.573,24.66,1.7270000000000003,0.0,0.0,0.0,0.0,0.0,0.0,0.0,completed,NASA_POWER_MERRA2_GEOS_IT,v2.9.7,LST,False
HRF-0201,HRF-0201,2026-02-07,0,26.22787,50.58565,19.82,15.58,0.64,3.52,20.44,20.11,21.52,22.8695,23.573,24.66,-3.753,0.0,0.0,0.0,0.0,0.0,0.0,0.0,completed,NASA_POWER_MERRA2_GEOS_IT,v2.9.7,LST,False
HRF-0201,HRF-0201,2026-02-14,0,26.22787,50.58565,26.53,14.71,0.0,4.13,26.77,25.63,25.56,22.8695,23.573,24.66,2.9570000000000007,0.0,0.0,0.0,0.0,0.0,0.0,1.0,completed,NASA_POWER_MERRA2_GEOS_IT,v2.9.7,LST,False
HRF-0201,HRF-0201,2026-02-21,0,26.22787,50.58565,23.92,16.46,0.0,3.77,24.84,25.84,25.48,22.8695,23.573,24.66,0.3470000000000013,0.0,0.0,0.0,0.0,0.0,0.0,1.0,completed,NASA_POWER_MERRA2_GEOS_IT,v2.9.7,LST,False
HRF-0202,HRF-0202,2026-02-28,1,43.0481,-76.1474,7.37,-0.8,0.4,4.19,4.98,-2.37,2.13,4.84,6.4090000000000025,8.659499999999994,0.9609999999999976,0.0,0.0,0.0,0.0,0.0,0.0,0.0,completed,NASA_POWER_MERRA2_GEOS_IT,v2.9.7,LST,False
HRF-0202,HRF-0202,2026-02-07,0,43.0481,-76.1474,-6.55,-17.09,1.78,6.09,-3.87,-5.5,-5.92,4.84,6.4090000000000025,8.659499999999994,-12.959000000000003,0.0,0.0,0.0,0.0,0.0,0.0,0.0,completed,NASA_POWER_MERRA2_GEOS_IT,v2.9.7,LST,False
HRF-0202,HRF-0202,2026-02-14,0,43.0481,-76.1474,0.09,-3.13,0.09,2.43,-4.42,-5.79,-0.18,4.84,6.4090000000000025,8.659499999999994,-6.319000000000003,0.0,0.0,0.0,0.0,0.0,0.0,0.0,completed,NASA_POWER_MERRA2_GEOS_IT,v2.9.7,LST,False
HRF-0202,HRF-0202,2026-02-21,0,43.0481,-76.1474,0.93,-2.08,8.28,2.98,2.89,3.01,1.0,4.84,6.4090000000000025,8.659499999999994,-5.479000000000003,0.0,0.0,0.0,0.0,0.0,0.0,0.0,completed,NASA_POWER_MERRA2_GEOS_IT,v2.9.7,LST,False
HRF-0204,HRF-0204,2026-03-08,1,29.367,47.97429,20.7,12.31,1.15,5.84,20.83,20.45,22.42,26.9865,28.007,29.83,-7.307000000000002,0.0,0.0,0.0,0.0,0.0,0.0,0.0,completed,NASA_POWER_MERRA2_GEOS_IT,v2.9.7,LST,False
HRF-0204,HRF-0204,2026-03-01,0,29.367,47.97429,21.89,3.87,0.0,7.62,22.56,23.12,22.71,26.9865,28.007,29.83,-6.117000000000001,0.0,0.0,0.0,0.0,0.0,0.0,0.0,completed,NASA_POWER_MERRA2_GEOS_IT,v2.9.7,LST,False
HRF-0204,HRF-0204,2026-03-15,0,29.367,47.97429,21.84,14.63,1.95,5.42,22.11,21.37,20.04,26.9865,28.007,29.83,-6.167000000000002,0.0,0.0,0.0,0.0,0.0,0.0,0.0,completed,NASA_POWER_MERRA2_GEOS_IT,v2.9.7,LST,False
HRF-0204,HRF-0204,2026-03-22,0,29.367,47.97429,25.09,17.61,0.1,5.86,23.08,23.9,19.17,26.9865,28.007,29.83,-2.9170000000000016,0.0,0.0,0.0,0.0,0.0,0.0,0.0,completed,NASA_POWER_MERRA2_GEOS_IT,v2.9.7,LST,False
HRF-0204,HRF-0204,2026-03-29,0,29.367,47.97429,23.44,9.15,0.0,3.31,22.77,22.11,21.0,26.9865,28.007,29.83,-4.567,0.0,0.0,0.0,0.0,0.0,0.0,0.0,completed,NASA_POWER_MERRA2_GEOS_IT,v2.9.7,LST,False
HRF-0207,HRF-0207,2026-03-14,1,45.4215,-75.6972,-1.4,-4.65,3.69,3.69,-0.15,-2.33,2.34,8.175999999999998,9.635000000000002,12.635999999999994,-11.035000000000002,0.0,0.0,0.0,0.0,0.0,0.0,0.0,completed,NASA_POWER_MERRA2_GEOS_IT,v2.9.7,LST,False
HRF-0207,HRF-0207,2026-03-07,0,45.4215,-75.6972,12.75,6.48,20.04,4.51,2.96,-2.19,2.48,8.175999999999998,9.635000000000002,12.635999999999994,3.1149999999999984,0.0,0.0,0.0,0.0,0.0,0.0,0.0,completed,NASA_POWER_MERRA2_GEOS_IT,v2.9.7,LST,False
HRF-0207,HRF-0207,2026-03-21,0,45.4215,-75.6972,3.56,-4.35,0.6,1.72,2.6,3.19,-2.23,8.175999999999998,9.635000000000002,12.635999999999994,-6.075000000000001,0.0,0.0,0.0,0.0,0.0,0.0,0.0,completed,NASA_POWER_MERRA2_GEOS_IT,v2.9.7,LST,False
HRF-0207,HRF-0207,2026-03-28,0,45.4215,-75.6972,-1.45,-10.2,0.12,2.88,-3.26,6.12,1.08,8.175999999999998,9.635000000000002,12.635999999999994,-11.085,0.0,0.0,0.0,0.0,0.0,0.0,0.0,completed,NASA_POWER_MERRA2_GEOS_IT,v2.9.7,LST,False
HRF-0208,HRF-0208,2026-03-17,1,40.7534,-73.9797,7.63,-4.68,1.63,6.32,12.5,5.96,8.56,12.866499999999998,14.652000000000001,16.5555,-7.022000000000001,0.0,0.0,0.0,0.0,0.0,0.0,0.0,completed,NASA_POWER_MERRA2_GEOS_IT,v2.9.7,LST,False
HRF-0208,HRF-0208,2026-03-03,0,40.7534,-73.9797,1.86,-1.95,9.56,2.76,1.85,4.04,9.73,12.866499999999998,14.652000000000001,16.5555,-12.792000000000002,0.0,0.0,0.0,0.0,0.0,0.0,0.0,completed,NASA_POWER_MERRA2_GEOS_IT,v2.9.7,LST,False
HRF-0208,HRF-0208,2026-03-10,0,40.7534,-73.9797,19.14,7.44,0.02,3.04,18.19,17.09,5.94,12.866499999999998,14.652000000000001,16.5555,4.4879999999999995,0.0,0.0,0.0,0.0,0.0,0.0,1.0,completed,NASA_POWER_MERRA2_GEOS_IT,v2.9.7,LST,False
HRF-0208,HRF-0208,2026-03-24,0,40.7534,-73.9797,8.98,-3.03,0.0,3.38,7.46,13.49,11.93,12.866499999999998,14.652000000000001,16.5555,-5.672000000000001,0.0,0.0,0.0,0.0,0.0,0.0,0.0,completed,NASA_POWER_MERRA2_GEOS_IT,v2.9.7,LST,False
HRF-0208,HRF-0208,2026-03-31,0,40.7534,-73.9797,21.03,12.47,0.22,4.7,18.23,10.53,5.36,12.866499999999998,14.652000000000001,16.5555,6.378,0.0,0.0,0.0,0.0,0.0,0.0,0.0,completed,NASA_POWER_MERRA2_GEOS_IT,v2.9.7,LST,False
HRF-0209,HRF-0209,2026-03-18,1,28.6139,77.209,34.44,7.0,2.37,2.29,31.51,34.14,32.96,36.893,37.701,39.0875,-3.261000000000003,0.0,0.0,0.0,0.0,0.0,0.0,0.0,completed,NASA_POWER_MERRA2_GEOS_IT,v2.9.7,LST,False
HRF-0209,HRF-0209,2026-03-04,0,28.6139,77.209,35.38,3.09,0.0,4.28,33.57,32.96,32.33,36.893,37.701,39.0875,-2.320999999999998,0.0,0.0,0.0,0.0,0.0,0.0,0.0,completed,NASA_POWER_MERRA2_GEOS_IT,v2.9.7,LST,False
HRF-0209,HRF-0209,2026-03-11,0,28.6139,77.209,37.26,5.87,0.0,2.87,36.09,36.24,36.84,36.893,37.701,39.0875,-0.4410000000000025,0.0,0.0,0.0,0.0,0.0,0.0,0.0,completed,NASA_POWER_MERRA2_GEOS_IT,v2.9.7,LST,False
HRF-0209,HRF-0209,2026-03-25,0,28.6139,77.209,35.0,8.48,0.0,3.3,33.44,28.22,31.67,36.893,37.701,39.0875,-2.7010000000000005,0.0,0.0,0.0,0.0,0.0,0.0,0.0,completed,NASA_POWER_MERRA2_GEOS_IT,v2.9.7,LST,False
HRF-0216,HRF-0216,2026-05-03,1,28.6139,77.209,42.11,11.58,12.65,4.47,41.74,40.74,41.67,45.7,46.141,46.671,-4.030999999999999,0.0,0.0,0.0,0.0,0.0,0.0,0.0,completed,NASA_POWER_MERRA2_GEOS_IT,v2.9.7,LST,False
HRF-0216,HRF-0216,2026-05-10,0,28.6139,77.209,38.4,15.07,0.0,2.59,38.26,37.23,37.55,45.7,46.141,46.671,-7.741,0.0,0.0,0.0,0.0,0.0,0.0,0.0,completed,NASA_POWER_MERRA2_GEOS_IT,v2.9.7,LST,False
HRF-0216,HRF-0216,2026-05-17,0,28.6139,77.209,43.58,11.48,0.0,4.85,42.67,42.17,41.92,45.7,46.141,46.671,-2.561,0.0,0.0,0.0,0.0,0.0,0.0,0.0,completed,NASA_POWER_MERRA2_GEOS_IT,v2.9.7,LST,False
HRF-0216,HRF-0216,2026-05-24,0,28.6139,77.209,46.08,7.96,0.01,5.04,45.14,45.29,45.49,45.7,46.141,46.671,-0.06099999999999994,0.0,0.0,0.0,0.0,0.0,0.0,0.0,completed,NASA_POWER_MERRA2_GEOS_IT,v2.9.7,LST,False
HRF-0216,HRF-0216,2026-05-31,0,28.6139,77.209,36.69,16.9,5.73,2.76,39.95,42.54,45.36,45.7,46.141,46.671,-9.451,0.0,0.0,0.0,0.0,0.0,0.0,0.0,completed,NASA_POWER_MERRA2_GEOS_IT,v2.9.7,LST,False
HRF-0211,HRF-0211,2026-03-28,1,37.8706,112.5489,16.35,3.45,1.92,3.89,15.22,19.82,18.5,16.45,17.654,19.561,-1.3039999999999985,0.0,0.0,0.0,0.0,0.0,0.0,0.0,completed,NASA_POWER_MERRA2_GEOS_IT,v2.9.7,LST,False
HRF-0211,HRF-0211,2026-03-07,0,37.8706,112.5489,5.75,-3.71,0.01,3.1,2.19,6.34,9.65,16.45,17.654,19.561,-11.904,0.0,0.0,0.0,0.0,0.0,0.0,0.0,completed,NASA_POWER_MERRA2_GEOS_IT,v2.9.7,LST,False
HRF-0211,HRF-0211,2026-03-14,0,37.8706,112.5489,2.96,-3.64,6.03,3.62,9.25,12.49,11.67,16.45,17.654,19.561,-14.693999999999999,0.0,0.0,0.0,0.0,0.0,0.0,0.0,completed,NASA_POWER_MERRA2_GEOS_IT,v2.9.7,LST,False
HRF-0211,HRF-0211,2026-03-21,0,37.8706,112.5489,13.08,-2.39,0.74,4.09,13.49,10.85,6.95,16.45,17.654,19.561,-4.574,0.0,0.0,0.0,0.0,0.0,0.0,0.0,completed,NASA_POWER_MERRA2_GEOS_IT,v2.9.7,LST,False
HRF-0212,HRF-0212,2026-03-30,1,40.4412,-79.88199,19.92,10.82,0.0,3.44,15.11,7.44,7.75,16.331999999999997,18.002,20.073999999999998,1.9180000000000028,0.0,0.0,0.0,0.0,0.0,0.0,0.0,completed,NASA_POWER_MERRA2_GEOS_IT,v2.9.7,LST,False
HRF-0212,HRF-0212,2026-03-02,0,40.4412,-79.88199,5.08,-6.24,0.04,1.99,4.59,15.27,11.22,16.331999999999997,18.002,20.073999999999998,-12.921999999999999,0.0,0.0,0.0,0.0,0.0,0.0,0.0,completed,NASA_POWER_MERRA2_GEOS_IT,v2.9.7,LST,False
HRF-0212,HRF-0212,2026-03-09,0,40.4412,-79.88199,18.72,5.23,0.0,2.93,15.44,23.57,21.06,16.331999999999997,18.002,20.073999999999998,0.718,0.0,0.0,0.0,0.0,0.0,0.0,0.0,completed,NASA_POWER_MERRA2_GEOS_IT,v2.9.7,LST,False
HRF-0212,HRF-0212,2026-03-16,0,40.4412,-79.88199,16.04,4.41,6.1,5.06,18.81,8.21,12.4,16.331999999999997,18.002,20.073999999999998,-1.9619999999999997,0.0,0.0,0.0,0.0,0.0,0.0,0.0,completed,NASA_POWER_MERRA2_GEOS_IT,v2.9.7,LST,False
HRF-0212,HRF-0212,2026-03-23,0,40.4412,-79.88199,6.57,-0.76,13.57,3.47,25.45,16.92,15.69,16.331999999999997,18.002,20.073999999999998,-11.431999999999999,0.0,0.0,0.0,0.0,0.0,0.0,0.0,completed,NASA_POWER_MERRA2_GEOS_IT,v2.9.7,LST,False
HRF-0213,HRF-0213,2026-04-10,1,48.7758,9.1829,11.14,5.04,2.32,3.15,16.24,17.2,16.85,19.5915,20.971,22.290499999999998,-9.831,0.0,0.0,0.0,0.0,0.0,0.0,0.0,completed,NASA_POWER_MERRA2_GEOS_IT,v2.9.7,LST,False
HRF-0213,HRF-0213,2026-04-03,0,48.7758,9.1829,12.42,4.4,0.15,3.95,11.78,9.0,7.09,19.5915,20.971,22.290499999999998,-8.551,0.0,0.0,0.0,0.0,0.0,0.0,0.0,completed,NASA_POWER_MERRA2_GEOS_IT,v2.9.7,LST,False
HRF-0213,HRF-0213,2026-04-17,0,48.7758,9.1829,20.65,9.24,0.0,2.05,18.22,15.93,11.65,19.5915,20.971,22.290499999999998,-0.3210000000000015,0.0,0.0,0.0,0.0,0.0,0.0,0.0,completed,NASA_POWER_MERRA2_GEOS_IT,v2.9.7,LST,False
HRF-0213,HRF-0213,2026-04-24,0,48.7758,9.1829,18.29,4.67,0.0,2.57,17.35,14.76,11.39,19.5915,20.971,22.290499999999998,-2.681000000000001,0.0,0.0,0.0,0.0,0.0,0.0,0.0,completed,NASA_POWER_MERRA2_GEOS_IT,v2.9.7,LST,False
HRF-0214,HRF-0214,2026-04-27,1,51.5413,9.9158,14.68,3.05,0.0,1.83,13.62,14.08,14.25,18.096,19.213,20.524499999999996,-4.533000000000001,0.0,0.0,0.0,0.0,0.0,0.0,0.0,completed,NASA_POWER_MERRA2_GEOS_IT,v2.9.7,LST,False
HRF-0214,HRF-0214,2026-04-06,0,51.5413,9.9158,11.36,2.38,0.07,4.44,13.85,13.64,10.97,18.096,19.213,20.524499999999996,-7.8530000000000015,0.0,0.0,0.0,0.0,0.0,0.0,0.0,completed,NASA_POWER_MERRA2_GEOS_IT,v2.9.7,LST,False
HRF-0214,HRF-0214,2026-04-13,0,51.5413,9.9158,11.12,6.35,1.4,2.3,12.46,14.07,10.89,18.096,19.213,20.524499999999996,-8.093000000000002,0.0,0.0,0.0,0.0,0.0,0.0,0.0,completed,NASA_POWER_MERRA2_GEOS_IT,v2.9.7,LST,False
HRF-0214,HRF-0214,2026-04-20,0,51.5413,9.9158,5.95,3.8,4.64,5.17,10.25,17.61,18.21,18.096,19.213,20.524499999999996,-13.263000000000002,0.0,0.0,0.0,0.0,0.0,0.0,0.0,completed,NASA_POWER_MERRA2_GEOS_IT,v2.9.7,LST,False
HRF-0238,HRF-0238,2026-08-17,1,51.5413,9.9158,18.64,12.73,1.63,2.71,25.24,32.04,33.15,28.086,29.427000000000003,31.3,-10.787000000000003,0.0,0.0,0.0,0.0,0.0,0.0,0.0,completed,NASA_POWER_MERRA2_GEOS_IT,v2.9.7,LST,True
HRF-0238,HRF-0238,2026-08-03,0,51.5413,9.9158,31.34,14.88,2.32,2.1,25.8,22.56,27.84,28.086,29.427000000000003,31.3,1.9129999999999967,0.0,0.0,0.0,0.0,0.0,0.0,0.0,completed,NASA_POWER_MERRA2_GEOS_IT,v2.9.7,LST,True
HRF-0238,HRF-0238,2026-08-10,0,51.5413,9.9158,29.1,12.53,0.55,3.57,31.6,25.86,21.8,28.086,29.427000000000003,31.3,-0.32700000000000173,0.0,0.0,0.0,0.0,0.0,0.0,0.0,completed,NASA_POWER_MERRA2_GEOS_IT,v2.9.7,LST,True
HRF-0238,HRF-0238,2026-08-24,0,51.5413,9.9158,21.4,8.45,0.0,1.69,17.19,18.85,21.1,28.086,29.427000000000003,31.3,-8.027000000000005,0.0,0.0,0.0,0.0,0.0,0.0,0.0,completed,NASA_POWER_MERRA2_GEOS_IT,v2.9.7,LST,True
HRF-0238,HRF-0238,2026-08-31,0,51.5413,9.9158,,,,,,,22.8,28.086,29.427000000000003,31.3,,,,,,,,,completed,NASA_POWER_MERRA2_GEOS_IT,v2.9.7,LST,True
HRF-0215,HRF-0215,2026-04-30,1,37.3449,126.9683,20.27,7.8,0.03,2.91,18.34,14.96,20.11,19.0015,19.963,21.262,0.3069999999999986,0.0,0.0,0.0,0.0,0.0,0.0,0.0,completed,NASA_POWER_MERRA2_GEOS_IT,v2.9.7,LST,False
HRF-0215,HRF-0215,2026-04-02,0,37.3449,126.9683,13.82,5.13,0.27,3.45,13.96,16.2,16.77,19.0015,19.963,21.262,-6.143000000000001,0.0,0.0,0.0,0.0,0.0,0.0,0.0,completed,NASA_POWER_MERRA2_GEOS_IT,v2.9.7,LST,False
HRF-0215,HRF-0215,2026-04-09,0,37.3449,126.9683,12.91,7.49,11.2,5.2,12.79,11.39,13.09,19.0015,19.963,21.262,-7.053000000000001,0.0,0.0,0.0,0.0,0.0,0.0,0.0,completed,NASA_POWER_MERRA2_GEOS_IT,v2.9.7,LST,False
HRF-0215,HRF-0215,2026-04-16,0,37.3449,126.9683,22.63,8.1,0.0,3.88,21.34,22.85,23.41,19.0015,19.963,21.262,2.666999999999998,0.0,0.0,0.0,0.0,0.0,0.0,1.0,completed,NASA_POWER_MERRA2_GEOS_IT,v2.9.7,LST,False
HRF-0215,HRF-0215,2026-04-23,0,37.3449,126.9683,19.41,5.84,0.0,5.22,15.58,15.29,13.88,19.0015,19.963,21.262,-0.5530000000000008,0.0,0.0,0.0,0.0,0.0,0.0,0.0,completed,NASA_POWER_MERRA2_GEOS_IT,v2.9.7,LST,False
HRF-0219,HRF-0219,2026-05-29,1,51.0447,-114.0719,24.71,10.47,0.86,3.54,22.28,19.6,23.66,20.833,22.381,24.302,2.3290000000000006,0.0,0.0,0.0,0.0,0.0,0.0,0.0,completed,NASA_POWER_MERRA2_GEOS_IT,v2.9.7,LST,False
HRF-0219,HRF-0219,2026-05-01,0,51.0447,-114.0719,18.95,3.15,2.34,2.96,18.54,13.13,10.64,20.833,22.381,24.302,-3.431000000000001,0.0,0.0,0.0,0.0,0.0,0.0,0.0,completed,NASA_POWER_MERRA2_GEOS_IT,v2.9.7,LST,False
HRF-0219,HRF-0219,2026-05-08,0,51.0447,-114.0719,19.63,4.09,2.19,2.71,16.8,19.92,8.03,20.833,22.381,24.302,-2.7510000000000012,0.0,0.0,0.0,0.0,0.0,0.0,0.0,completed,NASA_POWER_MERRA2_GEOS_IT,v2.9.7,LST,False
HRF-0219,HRF-0219,2026-05-15,0,51.0447,-114.0719,12.73,-0.74,2.8,2.68,15.08,19.36,21.99,20.833,22.381,24.302,-9.651,0.0,0.0,0.0,0.0,0.0,0.0,0.0,completed,NASA_POWER_MERRA2_GEOS_IT,v2.9.7,LST,False
HRF-0219,HRF-0219,2026-05-22,0,51.0447,-114.0719,16.6,4.45,2.52,1.81,16.72,9.5,14.25,20.833,22.381,24.302,-5.780999999999999,0.0,0.0,0.0,0.0,0.0,0.0,0.0,completed,NASA_POWER_MERRA2_GEOS_IT,v2.9.7,LST,False
HRF-0220,HRF-0220,2026-06-08,1,21.3867,-158.0092,26.53,21.2,1.49,7.45,26.47,26.46,27.1,27.653,27.88,28.15,-1.3499999999999979,0.0,0.0,0.0,0.0,0.0,0.0,0.0,completed,NASA_POWER_MERRA2_GEOS_IT,v2.9.7,LST,False
HRF-0220,HRF-0220,2026-06-01,0,21.3867,-158.0092,26.72,20.86,0.68,6.45,26.34,26.38,25.91,27.653,27.88,28.15,-1.1600000000000001,0.0,0.0,0.0,0.0,0.0,0.0,0.0,completed,NASA_POWER_MERRA2_GEOS_IT,v2.9.7,LST,False
HRF-0220,HRF-0220,2026-06-15,0,21.3867,-158.0092,26.69,20.8,0.16,6.65,26.76,27.24,27.47,27.653,27.88,28.15,-1.1899999999999977,0.0,0.0,0.0,0.0,0.0,0.0,0.0,completed,NASA_POWER_MERRA2_GEOS_IT,v2.9.7,LST,False
HRF-0220,HRF-0220,2026-06-22,0,21.3867,-158.0092,27.62,21.18,7.4,6.18,28.55,28.57,28.47,27.653,27.88,28.15,-0.259999999999998,0.0,0.0,0.0,0.0,0.0,0.0,0.0,completed,NASA_POWER_MERRA2_GEOS_IT,v2.9.7,LST,False
HRF-0220,HRF-0220,2026-06-29,0,21.3867,-158.0092,27.77,22.31,0.72,7.85,27.78,27.58,27.79,27.653,27.88,28.15,-0.10999999999999943,0.0,0.0,0.0,0.0,0.0,0.0,0.0,completed,NASA_POWER_MERRA2_GEOS_IT,v2.9.7,LST,False
HRF-0222,HRF-0222,2026-06-18,1,14.676,121.0437,32.26,23.72,3.1,2.58,33.09,35.82,32.77,32.8315,33.351,34.02,-1.091000000000001,0.0,0.0,0.0,0.0,0.0,0.0,0.0,completed,NASA_POWER_MERRA2_GEOS_IT,v2.9.7,LST,False
HRF-0222,HRF-0222,2026-06-04,0,14.676,121.0437,30.09,23.95,4.44,2.37,33.21,30.19,31.61,32.8315,33.351,34.02,-3.2609999999999992,0.0,0.0,0.0,0.0,0.0,0.0,0.0,completed,NASA_POWER_MERRA2_GEOS_IT,v2.9.7,LST,False
HRF-0222,HRF-0222,2026-06-11,0,14.676,121.0437,36.09,23.29,1.03,1.74,36.01,33.92,31.92,32.8315,33.351,34.02,2.7390000000000043,1.0,1.0,1.0,1.0,0.0,0.0,1.0,completed,NASA_POWER_MERRA2_GEOS_IT,v2.9.7,LST,False
HRF-0222,HRF-0222,2026-06-25,0,14.676,121.0437,30.42,24.46,3.67,3.03,29.87,31.54,33.03,32.8315,33.351,34.02,-2.9309999999999974,0.0,0.0,0.0,0.0,0.0,0.0,0.0,completed,NASA_POWER_MERRA2_GEOS_IT,v2.9.7,LST,False
HRF-0223,HRF-0223,2026-06-26,1,41.8781,-87.6298,18.34,15.39,0.16,4.23,21.91,21.67,17.94,24.6845,25.424000000000003,26.462999999999997,-7.084000000000003,0.0,0.0,0.0,0.0,0.0,0.0,0.0,completed,NASA_POWER_MERRA2_GEOS_IT,v2.9.7,LST,False
HRF-0223,HRF-0223,2026-06-05,0,41.8781,-87.6298,21.38,17.41,14.95,6.22,22.9,22.86,17.31,24.6845,25.424000000000003,26.462999999999997,-4.044000000000004,0.0,0.0,0.0,0.0,0.0,0.0,0.0,completed,NASA_POWER_MERRA2_GEOS_IT,v2.9.7,LST,False
HRF-0223,HRF-0223,2026-06-12,0,41.8781,-87.6298,22.55,14.91,0.0,5.37,24.48,24.74,26.44,24.6845,25.424000000000003,26.462999999999997,-2.8740000000000023,0.0,0.0,0.0,0.0,0.0,0.0,0.0,completed,NASA_POWER_MERRA2_GEOS_IT,v2.9.7,LST,False
HRF-0223,HRF-0223,2026-06-19,0,41.8781,-87.6298,20.45,12.92,0.02,4.06,19.63,19.95,20.91,24.6845,25.424000000000003,26.462999999999997,-4.974000000000004,0.0,0.0,0.0,0.0,0.0,0.0,0.0,completed,NASA_POWER_MERRA2_GEOS_IT,v2.9.7,LST,False
HRF-0225,HRF-0225,2026-07-01,1,51.2194,4.4025,24.58,13.8,0.03,3.12,24.21,24.82,27.73,27.046,27.941000000000003,29.230999999999998,-3.361000000000004,0.0,0.0,0.0,0.0,0.0,0.0,0.0,completed,NASA_POWER_MERRA2_GEOS_IT,v2.9.7,LST,True
HRF-0225,HRF-0225,2026-07-08,0,51.2194,4.4025,26.6,15.85,0.03,3.03,26.43,28.42,24.15,27.046,27.941000000000003,29.230999999999998,-1.341000000000001,0.0,0.0,0.0,0.0,0.0,0.0,0.0,completed,NASA_POWER_MERRA2_GEOS_IT,v2.9.7,LST,True
HRF-0225,HRF-0225,2026-07-15,0,51.2194,4.4025,28.9,14.48,0.0,5.34,30.49,27.96,30.14,27.046,27.941000000000003,29.230999999999998,0.9589999999999961,0.0,0.0,0.0,0.0,0.0,0.0,1.0,completed,NASA_POWER_MERRA2_GEOS_IT,v2.9.7,LST,True
HRF-0225,HRF-0225,2026-07-22,0,51.2194,4.4025,22.1,12.1,0.2,4.18,24.64,23.38,22.25,27.046,27.941000000000003,29.230999999999998,-5.841000000000001,0.0,0.0,0.0,0.0,0.0,0.0,0.0,completed,NASA_POWER_MERRA2_GEOS_IT,v2.9.7,LST,True
HRF-0225,HRF-0225,2026-07-29,0,51.2194,4.4025,33.3,13.39,0.01,3.13,28.82,24.16,24.61,27.046,27.941000000000003,29.230999999999998,5.358999999999995,0.0,0.0,0.0,0.0,0.0,0.0,0.0,completed,NASA_POWER_MERRA2_GEOS_IT,v2.9.7,LST,True
HRF-0226,HRF-0226,2026-07-14,1,50.8503,4.3517,30.49,16.92,0.09,4.57,27.96,30.14,29.58,27.046,27.941000000000003,29.230999999999998,2.548999999999996,0.0,0.0,0.0,0.0,0.0,0.0,1.0,completed,NASA_POWER_MERRA2_GEOS_IT,v2.9.7,LST,True
HRF-0226,HRF-0226,2026-07-07,0,50.8503,4.3517,26.43,13.79,0.01,4.54,28.42,24.15,25.73,27.046,27.941000000000003,29.230999999999998,-1.5110000000000028,0.0,0.0,0.0,0.0,0.0,0.0,0.0,completed,NASA_POWER_MERRA2_GEOS_IT,v2.9.7,LST,True
HRF-0226,HRF-0226,2026-07-21,0,50.8503,4.3517,24.64,10.89,0.01,3.44,23.38,22.25,24.12,27.046,27.941000000000003,29.230999999999998,-3.301000000000002,0.0,0.0,0.0,0.0,0.0,0.0,0.0,completed,NASA_POWER_MERRA2_GEOS_IT,v2.9.7,LST,True
HRF-0226,HRF-0226,2026-07-28,0,50.8503,4.3517,28.82,12.97,0.0,3.02,24.16,24.61,28.7,27.046,27.941000000000003,29.230999999999998,0.8789999999999978,0.0,0.0,0.0,0.0,0.0,0.0,0.0,completed,NASA_POWER_MERRA2_GEOS_IT,v2.9.7,LST,True
HRF-0227,HRF-0227,2026-07-16,1,-17.8252,31.0335,22.34,2.6,0.0,4.12,21.76,23.15,23.22,24.6765,25.263,26.1865,-2.923000000000002,0.0,0.0,0.0,0.0,0.0,0.0,0.0,completed,NASA_POWER_MERRA2_GEOS_IT,v2.9.7,LST,True
HRF-0227,HRF-0227,2026-07-02,0,-17.8252,31.0335,24.77,6.46,0.0,2.65,23.1,24.04,23.31,24.6765,25.263,26.1865,-0.4930000000000021,0.0,0.0,0.0,0.0,0.0,0.0,0.0,completed,NASA_POWER_MERRA2_GEOS_IT,v2.9.7,LST,True
HRF-0227,HRF-0227,2026-07-09,0,-17.8252,31.0335,22.29,4.56,0.0,2.22,21.67,21.85,22.75,24.6765,25.263,26.1865,-2.9730000000000025,0.0,0.0,0.0,0.0,0.0,0.0,0.0,completed,NASA_POWER_MERRA2_GEOS_IT,v2.9.7,LST,True
HRF-0227,HRF-0227,2026-07-23,0,-17.8252,31.0335,25.62,1.89,0.0,2.68,25.82,26.77,27.67,24.6765,25.263,26.1865,0.3569999999999993,0.0,0.0,0.0,0.0,0.0,0.0,1.0,completed,NASA_POWER_MERRA2_GEOS_IT,v2.9.7,LST,True
HRF-0227,HRF-0227,2026-07-30,0,-17.8252,31.0335,23.96,2.91,0.0,3.29,23.48,23.98,22.96,24.6765,25.263,26.1865,-1.3030000000000008,0.0,0.0,0.0,0.0,0.0,0.0,0.0,completed,NASA_POWER_MERRA2_GEOS_IT,v2.9.7,LST,True
HRF-0228,HRF-0228,2026-07-17,1,42.3601,-71.0589,28.46,11.91,0.0,2.19,30.44,31.43,32.34,31.063,31.923000000000002,33.2455,-3.463000000000001,0.0,0.0,0.0,0.0,0.0,0.0,0.0,completed,NASA_POWER_MERRA2_GEOS_IT,v2.9.7,LST,True
HRF-0228,HRF-0228,2026-07-03,0,42.3601,-71.0589,34.94,20.24,0.02,2.51,35.45,31.8,30.45,31.063,31.923000000000002,33.2455,3.016999999999996,0.0,1.0,1.0,0.0,0.0,0.0,0.0,completed,NASA_POWER_MERRA2_GEOS_IT,v2.9.7,LST,True
HRF-0228,HRF-0228,2026-07-10,0,42.3601,-71.0589,29.42,19.41,0.99,1.83,30.9,29.41,19.79,31.063,31.923000000000002,33.2455,-2.503,0.0,0.0,0.0,0.0,0.0,0.0,0.0,completed,NASA_POWER_MERRA2_GEOS_IT,v2.9.7,LST,True
HRF-0228,HRF-0228,2026-07-24,0,42.3601,-71.0589,29.04,11.99,0.03,1.34,26.19,28.64,25.99,31.063,31.923000000000002,33.2455,-2.8830000000000027,0.0,0.0,0.0,0.0,0.0,0.0,0.0,completed,NASA_POWER_MERRA2_GEOS_IT,v2.9.7,LST,True
HRF-0228,HRF-0228,2026-07-31,0,42.3601,-71.0589,27.45,17.07,1.07,1.41,22.7,21.83,28.1,31.063,31.923000000000002,33.2455,-4.4730000000000025,0.0,0.0,0.0,0.0,0.0,0.0,0.0,completed,NASA_POWER_MERRA2_GEOS_IT,v2.9.7,LST,True
HRF-0230,HRF-0230,2026-07-30,1,-33.9249,18.4241,16.35,11.16,0.0,3.39,16.66,16.02,14.9,17.11,17.491,18.21,-1.1409999999999982,0.0,0.0,0.0,0.0,0.0,0.0,0.0,completed,NASA_POWER_MERRA2_GEOS_IT,v2.9.7,LST,True
HRF-0230,HRF-0230,2026-07-02,0,-33.9249,18.4241,14.4,10.37,3.62,8.0,14.55,14.24,13.45,17.11,17.491,18.21,-3.0909999999999993,0.0,0.0,0.0,0.0,0.0,0.0,0.0,completed,NASA_POWER_MERRA2_GEOS_IT,v2.9.7,LST,True
HRF-0230,HRF-0230,2026-07-09,0,-33.9249,18.4241,15.01,10.73,0.0,7.15,16.16,16.51,16.0,17.11,17.491,18.21,-2.481,0.0,0.0,0.0,0.0,0.0,0.0,0.0,completed,NASA_POWER_MERRA2_GEOS_IT,v2.9.7,LST,True
HRF-0230,HRF-0230,2026-07-16,0,-33.9249,18.4241,16.26,13.79,0.04,2.13,14.75,14.69,14.12,17.11,17.491,18.21,-1.230999999999998,0.0,0.0,0.0,0.0,0.0,0.0,0.0,completed,NASA_POWER_MERRA2_GEOS_IT,v2.9.7,LST,True
HRF-0230,HRF-0230,2026-07-23,0,-33.9249,18.4241,14.87,11.56,8.01,7.08,14.5,15.19,14.52,17.11,17.491,18.21,-2.6210000000000004,0.0,0.0,0.0,0.0,0.0,0.0,0.0,completed,NASA_POWER_MERRA2_GEOS_IT,v2.9.7,LST,True
HRF-0236,HRF-0236,2026-08-14,1,52.52,13.405,32.17,9.44,0.0,2.84,28.7,26.33,22.56,30.0065,31.256,32.82599999999999,0.9140000000000015,0.0,0.0,0.0,0.0,0.0,0.0,0.0,completed,NASA_POWER_MERRA2_GEOS_IT,v2.9.7,LST,True
HRF-0236,HRF-0236,2026-08-07,0,52.52,13.405,21.58,11.52,0.1,3.07,27.41,32.16,31.5,30.0065,31.256,32.82599999999999,-9.676000000000002,0.0,0.0,0.0,0.0,0.0,0.0,0.0,completed,NASA_POWER_MERRA2_GEOS_IT,v2.9.7,LST,True
HRF-0236,HRF-0236,2026-08-21,0,52.52,13.405,24.99,12.58,4.12,2.67,23.61,19.65,21.15,30.0065,31.256,32.82599999999999,-6.266000000000002,0.0,0.0,0.0,0.0,0.0,0.0,0.0,completed,NASA_POWER_MERRA2_GEOS_IT,v2.9.7,LST,True
HRF-0236,HRF-0236,2026-08-28,0,52.52,13.405,25.02,14.7,2.5,4.37,27.41,24.19,24.79,30.0065,31.256,32.82599999999999,-6.236000000000001,0.0,0.0,0.0,0.0,0.0,0.0,0.0,completed,NASA_POWER_MERRA2_GEOS_IT,v2.9.7,LST,True
HRF-0237,HRF-0237,2026-08-14,1,52.52,13.405,32.17,9.44,0.0,2.84,28.7,26.33,22.56,30.0065,31.256,32.82599999999999,0.9140000000000015,0.0,0.0,0.0,0.0,0.0,0.0,0.0,completed,NASA_POWER_MERRA2_GEOS_IT,v2.9.7,LST,True
HRF-0237,HRF-0237,2026-08-07,0,52.52,13.405,21.58,11.52,0.1,3.07,27.41,32.16,31.5,30.0065,31.256,32.82599999999999,-9.676000000000002,0.0,0.0,0.0,0.0,0.0,0.0,0.0,completed,NASA_POWER_MERRA2_GEOS_IT,v2.9.7,LST,True
HRF-0237,HRF-0237,2026-08-21,0,52.52,13.405,24.99,12.58,4.12,2.67,23.61,19.65,21.15,30.0065,31.256,32.82599999999999,-6.266000000000002,0.0,0.0,0.0,0.0,0.0,0.0,0.0,completed,NASA_POWER_MERRA2_GEOS_IT,v2.9.7,LST,True
HRF-0237,HRF-0237,2026-08-28,0,52.52,13.405,25.02,14.7,2.5,4.37,27.41,24.19,24.79,30.0065,31.256,32.82599999999999,-6.236000000000001,0.0,0.0,0.0,0.0,0.0,0.0,0.0,completed,NASA_POWER_MERRA2_GEOS_IT,v2.9.7,LST,True
HRF-0239,HRF-0239,2026-08-23,1,38.8816,-77.091,27.82,17.61,3.42,1.78,25.51,28.57,32.08,33.483,34.433,35.406,-6.6129999999999995,0.0,0.0,0.0,0.0,0.0,0.0,0.0,completed,NASA_POWER_MERRA2_GEOS_IT,v2.9.7,LST,True
HRF-0239,HRF-0239,2026-08-02,0,38.8816,-77.091,28.1,22.28,7.87,2.05,30.59,32.32,30.7,33.483,34.433,35.406,-6.332999999999998,0.0,0.0,0.0,0.0,0.0,0.0,0.0,completed,NASA_POWER_MERRA2_GEOS_IT,v2.9.7,LST,True
HRF-0239,HRF-0239,2026-08-09,0,38.8816,-77.091,33.11,21.4,0.44,1.54,33.26,32.71,32.64,33.483,34.433,35.406,-1.3230000000000004,0.0,0.0,0.0,0.0,0.0,0.0,0.0,completed,NASA_POWER_MERRA2_GEOS_IT,v2.9.7,LST,True
HRF-0239,HRF-0239,2026-08-16,0,38.8816,-77.091,27.27,21.95,7.36,2.22,31.18,28.73,31.59,33.483,34.433,35.406,-7.163,0.0,0.0,0.0,0.0,0.0,0.0,0.0,completed,NASA_POWER_MERRA2_GEOS_IT,v2.9.7,LST,True
HRF-0239,HRF-0239,2026-08-30,0,38.8816,-77.091,,,,,,29.74,30.67,33.483,34.433,35.406,,,,,,,,,completed,NASA_POWER_MERRA2_GEOS_IT,v2.9.7,LST,True
