event_id,stratum_id,date,case,latitude,longitude,tmax_c,tmax_lag1_c,tmax_lag2_c,tmax_lag3_c,tmax_p85_c,tmax_p90_c,tmax_p95_c,tmax_anomaly_c,tmax_percentile_0_100,heatwave_indicator,hw_p85_3d,hw_p90_2d,hw_p90_3d,hw_p90_4d,hw_p95_3d,hw_p90_3d_no_floor,dewpoint_c,precipitation_mm,wind_speed_ms,weather_status,era5_sampling_radius_km
HRF-0002,HRF-0002,2000-08-27,1.0,55.75204,37.61781,17.633599853515648,16.902246093750023,14.925592041015648,16.274133300781273,25.875540924072286,27.12627105712893,28.7351501464844,-9.49267120361328,19.892473118279568,0.0,0.0,0.0,0.0,0.0,0.0,0.0,9.097961044311546,0.1683992235825826,2.5715464583293803,completed,
HRF-0002,HRF-0002,2000-08-06,0.0,55.75204,37.61781,19.67829284667971,20.1396423339844,19.391030883789085,22.85785827636721,25.875540924072286,27.12627105712893,28.7351501464844,-7.447978210449218,34.623655913978496,0.0,0.0,0.0,0.0,0.0,0.0,0.0,10.722027715047204,0.2598613499458224,2.8707370252243933,completed,
HRF-0002,HRF-0002,2000-08-13,0.0,55.75204,37.61781,21.558251953125023,20.298623657226585,19.8574157714844,19.13507995605471,25.875540924072286,27.12627105712893,28.7351501464844,-5.5680191040039055,52.04301075268817,0.0,0.0,0.0,0.0,0.0,0.0,0.0,14.56938514709475,5.287973868007612,1.5676962113561426,completed,
HRF-0002,HRF-0002,2000-08-20,0.0,55.75204,37.61781,20.088006591796898,21.529641723632835,20.03894958496096,20.97297058105471,25.875540924072286,27.12627105712893,28.7351501464844,-7.038264465332031,38.70967741935484,0.0,0.0,0.0,0.0,0.0,0.0,0.0,12.454261398315452,15.212729573249815,0.9485965085636102,completed,
HRF-0001,HRF-0001,2000-08-02,1.0,22.27832,114.17469,27.72873840332033,27.718865966796898,28.531121826171898,30.289163208007835,31.02452392578128,31.332640075683617,31.879445648193386,-3.603901672363282,12.903225806451612,0.0,0.0,0.0,0.0,0.0,0.0,0.0,24.638501739501976,17.19360947606674,4.133216954453734,completed,
HRF-0001,HRF-0001,2000-08-09,0.0,22.27832,114.17469,30.21149597167971,29.54425964355471,28.41584167480471,28.180596923828148,31.02452392578128,31.332640075683617,31.879445648193386,-1.121144104003907,67.20430107526882,0.0,0.0,0.0,0.0,0.0,0.0,0.0,25.183105087280296,1.2861503986982823,2.709979777198289,completed,
HRF-0001,HRF-0001,2000-08-16,0.0,22.27832,114.17469,28.807794189453148,30.010400390625023,29.4760681152344,29.58394775390628,31.02452392578128,31.332640075683617,31.879445648193386,-2.524845886230469,32.795698924731184,0.0,0.0,0.0,0.0,0.0,0.0,0.0,25.30210965474447,3.5671055317152423,3.4158483534366164,completed,
HRF-0001,HRF-0001,2000-08-23,0.0,22.27832,114.17469,31.59446105957033,30.169793701171898,29.80292663574221,30.4174743652344,31.02452392578128,31.332640075683617,31.879445648193386,0.261820983886718,92.1505376344086,0.0,0.0,0.0,0.0,0.0,0.0,0.0,25.534254328409872,15.161143585373791,6.106979985544939,completed,
HRF-0001,HRF-0001,2000-08-30,0.0,22.27832,114.17469,29.88733825683596,31.117944335937523,28.826516723632835,28.169061279296898,31.02452392578128,31.332640075683617,31.879445648193386,-1.445301818847657,58.06451612903226,0.0,0.0,0.0,0.0,0.0,0.0,0.0,25.08766644795736,3.857225179672241,1.7725026940953177,completed,
HRF-0006,HRF-0006,2002-06-02,1.0,-34.89842,148.85272,13.199929809570335,13.360040283203148,11.81263122558596,12.735635375976583,13.884099578857445,14.416856384277366,15.715258026123069,-1.2169265747070312,75.44444444444444,0.0,0.0,0.0,0.0,0.0,0.0,0.0,1.097648239135765,0.0021427867977763,0.8911194608553377,completed,
HRF-0006,HRF-0006,2002-06-09,0.0,-34.89842,148.85272,9.653192138671898,10.27259216308596,17.979348754882835,16.18732604980471,13.884099578857445,14.416856384277366,15.715258026123069,-4.763664245605469,22.444444444444443,0.0,0.0,0.0,0.0,0.0,0.0,0.0,6.548583602905296,0.6692737339903942,5.040059318286473,completed,
HRF-0006,HRF-0006,2002-06-16,0.0,-34.89842,148.85272,13.13861999511721,14.170098876953148,11.499307250976583,9.45942077636721,13.884099578857445,14.416856384277366,15.715258026123069,-1.2782363891601562,74.22222222222223,0.0,0.0,0.0,0.0,0.0,0.0,0.0,6.0419784545898665,3.704022036515653,2.069067381956406,completed,
HRF-0006,HRF-0006,2002-06-23,0.0,-34.89842,148.85272,10.817224121093773,9.731484985351583,8.379556274414085,10.331323242187525,13.884099578857445,14.416856384277366,15.715258026123069,-3.5996322631835938,37.11111111111112,0.0,0.0,0.0,0.0,0.0,0.0,0.0,3.2841112772624115,0.0132515748418882,2.882704325394484,completed,
HRF-0006,HRF-0006,2002-06-30,0.0,-34.89842,148.85272,8.68824157714846,8.753564453125023,6.041909790039085,9.211022949218773,13.884099578857445,14.416856384277366,15.715258026123069,-5.728614807128906,13.0,0.0,0.0,0.0,0.0,0.0,0.0,0.0,0.1953763326009152,0.0008970498015514,2.2018941493062734,completed,
HRF-0007,HRF-0007,2002-06-28,1.0,27.9659,-82.8001,28.849511718750023,28.67066345214846,27.64454040527346,27.37793884277346,29.892977142334008,30.180720520019555,30.528959655761746,-1.331208801269533,54.77777777777778,0.0,0.0,0.0,0.0,0.0,0.0,0.0,23.12561442057296,7.574816970929987,1.4811135961771826,completed,
HRF-0007,HRF-0007,2002-06-07,0.0,27.9659,-82.8001,27.965692138671898,28.17054138183596,28.97675476074221,28.371514892578148,29.892977142334008,30.180720520019555,30.528959655761746,-2.2150283813476577,27.0,0.0,0.0,0.0,0.0,0.0,0.0,0.0,23.456024424235068,0.6259113549162976,2.3614080125320496,completed,
HRF-0007,HRF-0007,2002-06-14,0.0,27.9659,-82.8001,27.599176025390648,27.763299560546898,27.688394165039085,29.943719482421898,29.892977142334008,30.180720520019555,30.528959655761746,-2.581544494628908,19.11111111111111,0.0,0.0,0.0,0.0,0.0,0.0,0.0,23.55144399007162,3.7078261375427246,3.594707236921473,completed,
HRF-0007,HRF-0007,2002-06-21,0.0,27.9659,-82.8001,27.02228698730471,27.733270263671898,27.949609375000023,26.8359313964844,29.892977142334008,30.180720520019555,30.528959655761746,-3.158433532714845,8.88888888888889,0.0,0.0,0.0,0.0,0.0,0.0,0.0,21.69879302978518,51.60947144031525,6.23521489286541,completed,
HRF-0008,HRF-0008,2003-03-05,1.0,-26.2041,28.0473,26.454446411132835,27.204187011718773,27.862405395507835,26.345361328125023,26.29475250244143,27.10090026855471,28.00288314819338,-0.646453857421875,86.12903225806451,0.0,0.0,0.0,0.0,0.0,0.0,0.0,12.698181406656945,0.293062616322004,1.2786061176530157,completed,
HRF-0008,HRF-0008,2003-03-12,0.0,-26.2041,28.0473,26.14942321777346,26.10407409667971,27.123437500000023,26.483743286132835,26.29475250244143,27.10090026855471,28.00288314819338,-0.95147705078125,83.22580645161291,0.0,0.0,0.0,0.0,0.0,0.0,0.0,9.015107727050804,0.0017111705119532,1.2609949370821971,completed,
HRF-0008,HRF-0008,2003-03-19,0.0,-26.2041,28.0473,26.92292175292971,27.74289855957033,26.963983154296898,29.698419189453148,26.29475250244143,27.10090026855471,28.00288314819338,-0.177978515625,88.70967741935483,0.0,0.0,0.0,0.0,0.0,0.0,0.0,13.634763336181663,11.942744255065918,1.9873259135795232,completed,
HRF-0008,HRF-0008,2003-03-26,0.0,-26.2041,28.0473,20.990258789062523,17.87134704589846,19.136331176757835,25.37903747558596,26.29475250244143,27.10090026855471,28.00288314819338,-6.110641479492188,17.956989247311828,0.0,0.0,0.0,0.0,0.0,0.0,0.0,5.291553115844749,0.0012877002291133,2.46323392426133,completed,
HRF-0009,HRF-0009,2003-07-29,1.0,51.5169,-0.1774,20.42762145996096,20.30341491699221,19.954156494140648,19.238458251953148,24.981624603271506,25.920753479003928,27.29178237915041,-5.493132019042967,42.25806451612903,0.0,0.0,0.0,0.0,0.0,0.0,0.0,14.9676503499349,6.662826579827197,4.958412289339809,completed,
HRF-0009,HRF-0009,2003-07-01,0.0,51.5169,-0.1774,18.85543212890628,19.568444824218773,22.883599853515648,21.141198730468773,24.981624603271506,25.920753479003928,27.29178237915041,-7.065321350097655,20.967741935483872,0.0,0.0,0.0,0.0,0.0,0.0,0.0,12.276167805989587,7.256805896759033,2.283105477090142,completed,
HRF-0009,HRF-0009,2003-07-08,0.0,51.5169,-0.1774,21.92493591308596,22.19391784667971,19.950341796875023,19.173379516601585,24.981624603271506,25.920753479003928,27.29178237915041,-3.9958175659179673,59.24731182795699,0.0,0.0,0.0,0.0,0.0,0.0,0.0,14.258473332722986,0.3206506706305845,2.5464697135764527,completed,
HRF-0009,HRF-0009,2003-07-15,0.0,51.5169,-0.1774,28.638833618164085,25.831399536132835,23.933465576171898,23.441003417968773,24.981624603271506,25.920753479003928,27.29178237915041,2.7180801391601577,97.63440860215051,0.0,0.0,0.0,0.0,0.0,0.0,0.0,14.387501017252646,0.0021523110262933,3.1778750749069804,completed,
HRF-0009,HRF-0009,2003-07-22,0.0,51.5169,-0.1774,22.359643554687523,22.051919555664085,22.685220336914085,25.44165954589846,24.981624603271506,25.920753479003928,27.29178237915041,-3.561109924316405,63.87096774193548,0.0,0.0,0.0,0.0,0.0,0.0,0.0,12.895391082763696,0.8468210696719325,3.5701780622636017,completed,
HRF-0010,HRF-0010,2003-10-17,1.0,41.8833,-87.6302,12.08313903808596,14.268228149414083,15.79432067871096,17.508721923828148,20.94410476684573,22.01081695556643,23.61797714233401,-9.92767791748047,22.365591397849464,0.0,0.0,0.0,0.0,0.0,0.0,0.0,0.1351505279541243,0.0008583068051848,2.863673139725346,completed,
HRF-0010,HRF-0010,2003-10-03,0.0,41.8833,-87.6302,12.335610961914083,10.10688171386721,11.86097106933596,13.05567321777346,20.94410476684573,22.01081695556643,23.61797714233401,-9.675205993652344,24.301075268817204,0.0,0.0,0.0,0.0,0.0,0.0,0.0,1.1734672546386946,3.1363602794272083,7.931527287223151,completed,
HRF-0010,HRF-0010,2003-10-10,0.0,41.8833,-87.6302,20.400323486328148,20.278344726562523,22.260766601562523,21.476464843750023,20.94410476684573,22.01081695556643,23.61797714233401,-1.610493469238282,82.15053763440861,0.0,0.0,0.0,0.0,0.0,0.0,0.0,14.200159962972007,0.0021425794329843,2.137211842621032,completed,
HRF-0010,HRF-0010,2003-10-24,0.0,41.8833,-87.6302,14.545449829101583,11.21967468261721,13.572656250000025,20.867547607421898,20.94410476684573,22.01081695556643,23.61797714233401,-7.4653671264648445,41.18279569892473,0.0,0.0,0.0,0.0,0.0,0.0,0.0,4.844458516438806,0.193387269860068,2.4089770309492726,completed,
HRF-0010,HRF-0010,2003-10-31,0.0,41.8833,-87.6302,17.000146484375023,17.965997314453148,9.176568603515648,11.397271728515648,20.94410476684573,22.01081695556643,23.61797714233401,-5.010670471191407,59.67741935483871,0.0,0.0,0.0,0.0,0.0,0.0,0.0,12.096419270833335,2.581134438514709,6.850633323432131,completed,
HRF-0012,HRF-0012,2004-01-26,1.0,30.056,31.33,16.129937744140648,18.269708251953148,15.495217895507835,14.680078125000025,21.26588821411135,22.139152526855494,23.87498703002932,-6.009214782714846,10.75268817204301,0.0,0.0,0.0,0.0,0.0,0.0,0.0,-1.000987752278604,0.0012934207802572,3.95731842483718,completed,
HRF-0012,HRF-0012,2004-01-05,0.0,30.056,31.33,19.68610534667971,20.763116455078148,17.771829223632835,19.971795654296898,21.26588821411135,22.139152526855494,23.87498703002932,-2.4530471801757834,67.63440860215054,0.0,0.0,0.0,0.0,0.0,0.0,0.0,-1.5259123484293582,0.0012835996585636,2.1805639271651542,completed,
HRF-0012,HRF-0012,2004-01-12,0.0,30.056,31.33,15.033502197265648,18.60498962402346,17.797601318359398,17.77356872558596,21.26588821411135,22.139152526855494,23.87498703002932,-7.105650329589846,5.053763440860215,0.0,0.0,0.0,0.0,0.0,0.0,0.0,5.884207026163779,3.6723285908806247,6.404803172819774,completed,
HRF-0012,HRF-0012,2004-01-19,0.0,30.056,31.33,19.083535766601585,17.327020263671898,19.37775573730471,20.507440185546898,21.26588821411135,22.139152526855494,23.87498703002932,-3.0556167602539084,56.236559139784944,0.0,0.0,0.0,0.0,0.0,0.0,0.0,7.0279867808024505,0.0,2.88190386832537,completed,
HRF-0014,HRF-0014,2004-12-07,1.0,41.881,-87.632,8.929803466796898,8.634194946289085,7.09809265136721,7.497781372070335,7.4564392089843965,8.63825836181643,10.173979187011732,0.291545104980468,91.0752688172043,0.0,0.0,0.0,0.0,0.0,0.0,0.0,7.249060567220056,27.58640050888061,1.1867826684745786,completed,
HRF-0014,HRF-0014,2004-12-14,0.0,41.881,-87.632,-1.7401336669921648,3.630288696289085,6.648736572265648,5.670755004882835,7.4564392089843965,8.63825836181643,10.173979187011732,-10.378392028808594,17.096774193548388,0.0,0.0,0.0,0.0,0.0,0.0,0.0,-10.631248855590798,0.2887547016143799,6.765193371775484,completed,
HRF-0014,HRF-0014,2004-12-21,0.0,41.881,-87.632,2.7314239501953352,-2.83836975097654,1.4313140869140852,3.2800231933593977,7.4564392089843965,8.63825836181643,10.173979187011732,-5.906834411621095,51.72043010752688,0.0,0.0,0.0,0.0,0.0,0.0,0.0,-7.840106709798135,0.4146398038642473,6.988688159017051,completed,
HRF-0014,HRF-0014,2004-12-28,0.0,41.881,-87.632,3.7119079589843977,-2.65282287597654,-2.9276947021484148,-4.584906005859352,7.4564392089843965,8.63825836181643,10.173979187011732,-4.926350402832032,60.967741935483865,0.0,0.0,0.0,0.0,0.0,0.0,0.0,-6.806194051106729,0.001283535937091,6.518430091638487,completed,
HRF-0013,HRF-0013,2004-10-17,1.0,10.4983,-66.9022,26.1086364746094,26.983682250976585,27.417749023437523,27.08509216308596,26.98214950561525,27.17696075439456,27.647868347168,-1.0683242797851555,57.52688172043011,0.0,0.0,0.0,0.0,0.0,0.0,0.0,18.69289932250979,4.623028635876381,0.8447503299503241,completed,
HRF-0013,HRF-0013,2004-10-03,0.0,10.4983,-66.9022,26.444741821289085,26.722817993164085,26.67164001464846,25.62008056640628,26.98214950561525,27.17696075439456,27.647868347168,-0.732218933105468,70.96774193548387,0.0,0.0,0.0,0.0,0.0,0.0,0.0,18.079927062988304,3.654038906063306,0.7538327464652315,completed,
HRF-0013,HRF-0013,2004-10-10,0.0,10.4983,-66.9022,27.03025207519533,26.980096435546898,26.35810241699221,26.200280761718773,26.98214950561525,27.17696075439456,27.647868347168,-0.146708679199218,86.34408602150538,0.0,0.0,0.0,0.0,0.0,0.0,0.0,18.70973294576009,1.1271774768815137,0.965086851444951,completed,
HRF-0013,HRF-0013,2004-10-24,0.0,10.4983,-66.9022,25.35593566894533,26.36206970214846,26.047875976562523,25.002038574218773,26.98214950561525,27.17696075439456,27.647868347168,-1.821025085449218,30.86021505376344,0.0,0.0,0.0,0.0,0.0,0.0,0.0,18.830510711669945,6.239885091776642,0.8342646479372361,completed,
HRF-0013,HRF-0013,2004-10-31,0.0,10.4983,-66.9022,24.901269531250023,25.41135559082033,24.664346313476585,26.120751953125023,26.98214950561525,27.17696075439456,27.647868347168,-2.2756912231445305,17.8494623655914,0.0,0.0,0.0,0.0,0.0,0.0,0.0,17.886073684692406,5.706776587601325,0.7002365595827394,completed,
HRF-0016,HRF-0016,2005-02-12,1.0,40.4462,-3.692,14.617120361328148,12.803033447265648,11.242959594726583,10.606408691406273,15.075472259521506,15.948971557617211,17.178179168701195,-1.3318511962890651,80.89622641509435,0.0,0.0,0.0,0.0,0.0,0.0,0.0,0.2746476491292355,0.4334121942406455,0.5711056459889557,completed,
HRF-0016,HRF-0016,2005-02-05,0.0,40.4462,-3.692,9.19947204589846,9.783654785156273,11.14075622558596,11.626519775390648,15.075472259521506,15.948971557617211,17.178179168701195,-6.749499511718753,25.35377358490566,0.0,0.0,0.0,0.0,0.0,0.0,0.0,-0.9433553059895416,0.0959038734436035,0.3289957950623997,completed,
HRF-0016,HRF-0016,2005-02-19,0.0,40.4462,-3.692,9.59620056152346,8.012780761718773,8.485696411132835,7.666970825195335,15.075472259521506,15.948971557617211,17.178179168701195,-6.352770996093753,29.36320754716981,0.0,0.0,0.0,0.0,0.0,0.0,0.0,-3.413322194417276,0.002578605403869,1.3767024591439658,completed,
HRF-0016,HRF-0016,2005-02-26,0.0,40.4462,-3.692,6.266900634765648,6.909936523437523,6.71320495605471,6.237145996093773,15.075472259521506,15.948971557617211,17.178179168701195,-9.682070922851564,6.367924528301887,0.0,0.0,0.0,0.0,0.0,0.0,0.0,-7.219790522257483,0.0091731548259588,2.003334625442918,completed,
HRF-0017,HRF-0017,2005-04-21,1.0,52.52437,13.41053,8.99067077636721,9.681665039062525,14.49109802246096,17.97693786621096,19.2042060852051,20.343487548828147,22.126150512695336,-11.352816772460937,13.77777777777778,0.0,0.0,0.0,0.0,0.0,0.0,0.0,-4.644584401448526,0.0021401768321993,0.9616489099521676,completed,
HRF-0017,HRF-0017,2005-04-07,0.0,52.52437,13.41053,14.42438659667971,14.465936279296898,12.796868896484398,18.37708435058596,19.2042060852051,20.343487548828147,22.126150512695336,-5.919100952148437,55.66666666666666,0.0,0.0,0.0,0.0,0.0,0.0,0.0,7.443315124511741,7.695409655468666,3.409786824348293,completed,
HRF-0017,HRF-0017,2005-04-14,0.0,52.52437,13.41053,18.142968750000023,15.266824340820335,15.085244750976583,13.302026367187525,19.2042060852051,20.343487548828147,22.126150512695336,-2.2005187988281243,79.33333333333333,0.0,0.0,0.0,0.0,0.0,0.0,0.0,6.639215087890648,0.0334680080413818,1.5914648265492484,completed,
HRF-0017,HRF-0017,2005-04-28,0.0,52.52437,13.41053,15.030145263671898,15.24543151855471,15.89985046386721,15.501367187500025,19.2042060852051,20.343487548828147,22.126150512695336,-5.313342285156249,59.77777777777777,0.0,0.0,0.0,0.0,0.0,0.0,0.0,5.0002914428711165,1.120239496231079,2.641898796690737,completed,
HRF-0019,HRF-0019,2006-05-30,1.0,51.1801,71.44598,32.28534851074221,30.309716796875023,26.485864257812523,24.002969360351585,25.7828437805176,26.919229125976585,28.75526123046877,5.366119384765625,98.70967741935485,0.0,0.0,1.0,0.0,0.0,0.0,0.0,8.164727147420251,0.4110947157869304,3.5478803363233244,completed,
HRF-0019,HRF-0019,2006-05-02,0.0,51.1801,71.44598,7.972131347656273,4.332971191406273,5.91126403808596,4.097207641601585,25.7828437805176,26.919229125976585,28.75526123046877,-18.947097778320312,2.4731182795698925,0.0,0.0,0.0,0.0,0.0,0.0,0.0,-6.772191111246741,0.0011771917343139,3.284231759665279,completed,
HRF-0019,HRF-0019,2006-05-09,0.0,51.1801,71.44598,15.521218872070335,15.823709106445335,11.919488525390648,8.516931152343773,25.7828437805176,26.919229125976585,28.75526123046877,-11.39801025390625,25.053763440860216,0.0,0.0,0.0,0.0,0.0,0.0,0.0,-1.5979395548502566,0.1936552914116873,2.2423317163154524,completed,
HRF-0019,HRF-0019,2006-05-16,0.0,51.1801,71.44598,19.617944335937523,17.339334106445335,22.005273437500023,24.244927978515648,25.7828437805176,26.919229125976585,28.75526123046877,-7.3012847900390625,48.064516129032256,0.0,0.0,0.0,0.0,0.0,0.0,0.0,5.766292826334677,2.7164225846263435,3.009188339499835,completed,
HRF-0019,HRF-0019,2006-05-23,0.0,51.1801,71.44598,23.326577758789085,18.776773071289085,13.60370788574221,15.497476196289083,25.7828437805176,26.919229125976585,28.75526123046877,-3.5926513671875,69.35483870967742,0.0,0.0,0.0,0.0,0.0,0.0,0.0,4.156040445963583,0.0034362077485639,0.339601848596498,completed,
HRF-0021,HRF-0021,2007-01-18,1.0,25.07725,55.30927,20.740090942382835,20.173272705078148,23.375360107421898,23.421899414062523,27.11122665405276,27.63769378662112,28.564934539794944,-6.897602844238282,9.78494623655914,0.0,0.0,0.0,0.0,0.0,0.0,0.0,10.214020665486656,0.000843800705752,2.8637945009402306,completed,
HRF-0021,HRF-0021,2007-01-04,0.0,25.07725,55.30927,21.623574829101585,20.82100830078128,19.943460083007835,20.157312011718773,27.11122665405276,27.63769378662112,28.564934539794944,-6.014118957519532,18.064516129032256,0.0,0.0,0.0,0.0,0.0,0.0,0.0,5.551325098673544,0.001281499748984,1.9452392085609207,completed,
HRF-0021,HRF-0021,2007-01-11,0.0,25.07725,55.30927,21.06012878417971,21.70850524902346,21.63221130371096,21.848291015625023,27.11122665405276,27.63769378662112,28.564934539794944,-6.577565002441407,12.365591397849462,0.0,0.0,0.0,0.0,0.0,0.0,0.0,9.691796239217126,0.0,0.8979795187513951,completed,
HRF-0021,HRF-0021,2007-01-25,0.0,25.07725,55.30927,25.143716430664085,23.504449462890648,21.324304199218773,27.166101074218773,27.11122665405276,27.63769378662112,28.564934539794944,-2.493977355957032,63.97849462365591,0.0,0.0,0.0,0.0,0.0,0.0,0.0,6.974598821004236,0.0017189994423461,4.5159647340144415,completed,
HRF-0022,HRF-0022,2007-08-14,1.0,31.22222,121.45806,30.315759277343773,29.12593994140628,32.323037719726585,29.834512329101585,32.92767562866213,33.63013305664065,34.79637756347658,-3.31437377929688,42.1505376344086,0.0,0.0,0.0,0.0,0.0,0.0,0.0,22.99194742838546,0.1321643590017629,2.0990606355036765,completed,
HRF-0022,HRF-0022,2007-08-07,0.0,31.22222,121.45806,32.10767517089846,31.724145507812523,31.106317138671898,32.81380615234377,32.92767562866213,33.63013305664065,34.79637756347658,-1.5224578857421918,73.9784946236559,0.0,0.0,0.0,0.0,0.0,0.0,0.0,25.094309107462607,0.0083103956285413,5.825292779389767,completed,
HRF-0022,HRF-0022,2007-08-21,0.0,31.22222,121.45806,31.874917602539085,29.445428466796898,30.44431457519533,31.492486572265648,32.92767562866213,33.63013305664065,34.79637756347658,-1.7552154541015668,70.75268817204301,0.0,0.0,0.0,0.0,0.0,0.0,0.0,24.7116523742676,0.0810050369182135,5.715655758281709,completed,
HRF-0022,HRF-0022,2007-08-28,0.0,31.22222,121.45806,34.58204040527346,33.87932739257815,30.220849609375023,31.571099853515648,32.92767562866213,33.63013305664065,34.79637756347658,0.9519073486328082,94.51612903225806,0.0,0.0,1.0,0.0,0.0,0.0,0.0,24.238994852701865,6.242293119328224,2.8420825717363187,completed,
HRF-0023,HRF-0023,2007-08-18,1.0,40.7108,-74.0138,23.684228515625023,29.348657226562523,29.9309020996094,30.555963134765648,30.827671813964862,31.66435699462893,33.05421142578127,-7.9801284790039055,8.172043010752688,0.0,0.0,0.0,0.0,0.0,0.0,0.0,12.050876871744832,2.7124524116501902,4.2234122986197695,completed,
HRF-0023,HRF-0023,2007-08-04,0.0,40.7108,-74.0138,33.32752380371096,33.144021606445335,33.25043640136721,30.944390869140648,30.827671813964862,31.66435699462893,33.05421142578127,1.663166809082032,96.02150537634408,1.0,1.0,1.0,1.0,0.0,1.0,1.0,20.45984039306643,0.2851353009987178,1.8636761331587024,completed,
HRF-0023,HRF-0023,2007-08-11,0.0,40.7108,-74.0138,26.544107055664085,22.639947509765648,30.613381958007835,33.84951171875002,30.827671813964862,31.66435699462893,33.05421142578127,-5.120249938964843,32.47311827956989,0.0,0.0,0.0,0.0,0.0,0.0,0.0,12.760454432169638,0.0191589527389623,2.6277307360057387,completed,
HRF-0023,HRF-0023,2007-08-25,0.0,40.7108,-74.0138,31.786492919921898,28.230569458007835,22.925149536132835,18.859719848632835,30.827671813964862,31.66435699462893,33.05421142578127,0.1221359252929694,90.43010752688171,0.0,0.0,0.0,0.0,0.0,0.0,0.0,22.51089248657229,0.0032484531402587,3.028322872116901,completed,
HRF-0024,HRF-0024,2007-09-23,1.0,39.3786,-74.4351,26.18482360839846,24.72800598144533,24.22290954589846,23.305566406250023,26.64117431640627,27.21850280761721,28.2909980773926,-1.0336791992187493,79.88888888888889,0.0,0.0,0.0,0.0,0.0,0.0,0.0,15.185238138834675,0.0008642673492431,1.2759751268311628,completed,
HRF-0024,HRF-0024,2007-09-02,0.0,39.3786,-74.4351,24.273782348632835,25.271035766601585,27.07508239746096,26.54026184082033,26.64117431640627,27.21850280761721,28.2909980773926,-2.9447204589843743,55.55555555555556,0.0,0.0,0.0,0.0,0.0,0.0,0.0,15.172572072347007,0.0008642672355563,1.1815890577734307,completed,
HRF-0024,HRF-0024,2007-09-09,0.0,39.3786,-74.4351,26.372415161132835,26.31702575683596,26.154885864257835,25.59388122558596,26.64117431640627,27.21850280761721,28.2909980773926,-0.8460876464843743,82.33333333333334,0.0,0.0,0.0,0.0,0.0,0.0,0.0,20.37460289001467,0.125744938845429,2.9405344982020694,completed,
HRF-0024,HRF-0024,2007-09-16,0.0,39.3786,-74.4351,18.947045898437523,21.65595397949221,23.53760681152346,24.031838989257835,26.64117431640627,27.21850280761721,28.2909980773926,-8.271456909179687,4.111111111111112,0.0,0.0,0.0,0.0,0.0,0.0,0.0,7.520031865437829,0.0330448150407391,3.9817995267997146,completed,
HRF-0024,HRF-0024,2007-09-30,0.0,39.3786,-74.4351,22.647882080078148,23.068444824218773,24.6152282714844,25.060937500000023,26.64117431640627,27.21850280761721,28.2909980773926,-4.570620727539062,34.0,0.0,0.0,0.0,0.0,0.0,0.0,0.0,12.986280695597372,-1.292750084758154e-05,1.208574666184867,completed,
HRF-0026,HRF-0026,2008-04-13,1.0,52.00667,4.35556,11.65314636230471,11.366479492187525,11.503289794921898,10.999108886718773,17.28926010131838,18.71575927734377,20.688455963134786,-7.062612915039065,40.55555555555556,0.0,0.0,0.0,0.0,0.0,0.0,0.0,5.5225177764892805,2.3736506700515747,2.42825845708192,completed,
HRF-0026,HRF-0026,2008-04-06,0.0,52.00667,4.35556,6.20789489746096,9.33979187011721,11.276818847656273,9.380960083007835,17.28926010131838,18.71575927734377,20.688455963134786,-12.507864379882816,1.1111111111111112,0.0,0.0,0.0,0.0,0.0,0.0,0.0,-1.579695765177405,0.6055384874343872,3.800313691144016,completed,
HRF-0026,HRF-0026,2008-04-20,0.0,52.00667,4.35556,15.396279907226583,10.510781860351583,11.257684326171898,10.534661865234398,17.28926010131838,18.71575927734377,20.688455963134786,-3.3194793701171896,75.22222222222223,0.0,0.0,0.0,0.0,0.0,0.0,0.0,6.635196940104208,0.4835575819015503,4.907087374239156,completed,
HRF-0026,HRF-0026,2008-04-27,0.0,52.00667,4.35556,19.785012817382835,18.27878723144533,12.86988220214846,15.795983886718773,17.28926010131838,18.71575927734377,20.688455963134786,1.0692535400390604,93.2222222222222,0.0,0.0,0.0,0.0,0.0,0.0,0.0,8.739916102091513,0.3483955980527753,4.147526942628458,completed,
HRF-0025,HRF-0025,2008-01-25,1.0,36.1031,-115.1765,11.149835205078148,10.057839965820335,11.163919067382835,11.333551025390648,18.02818603515628,18.608380126953147,19.63665924072268,-7.458544921874999,19.032258064516128,0.0,0.0,0.0,0.0,0.0,0.0,0.0,-1.2310235341389557,0.2400979774392908,0.7374530491778228,completed,
HRF-0025,HRF-0025,2008-01-04,0.0,36.1031,-115.1765,15.037042236328148,12.500817871093773,10.932229614257835,9.11469421386721,18.02818603515628,18.608380126953147,19.63665924072268,-3.571337890625,53.65591397849462,0.0,0.0,0.0,0.0,0.0,0.0,0.0,-4.948448562622048,0.0034293134376639,0.818617917638493,completed,
HRF-0025,HRF-0025,2008-01-11,0.0,36.1031,-115.1765,14.140557861328148,12.373895263671898,12.655557250976583,11.49060974121096,18.02818603515628,18.608380126953147,19.63665924072268,-4.467822265624999,43.87096774193549,0.0,0.0,0.0,0.0,0.0,0.0,0.0,-1.2885898590087663,0.0008583068051848,0.158182611478351,completed,
HRF-0025,HRF-0025,2008-01-18,0.0,36.1031,-115.1765,11.337747192382835,7.615106201171898,13.337030029296898,14.838616943359398,18.02818603515628,18.608380126953147,19.63665924072268,-7.270632934570312,20.43010752688172,0.0,0.0,0.0,0.0,0.0,0.0,0.0,-9.286243820190409,0.001269578888241,2.0756367178680657,completed,
HRF-0028,HRF-0028,2008-10-28,1.0,21.42664,39.82563,32.758584594726585,33.44904479980471,32.790322875976585,34.056558227539085,38.0486755371094,38.4372497558594,39.36867752075197,-5.6786651611328125,3.655913978494624,0.0,0.0,0.0,0.0,0.0,0.0,0.0,10.645032501220726,0.0012874602930423,2.99219966311673,completed,
HRF-0028,HRF-0028,2008-10-07,0.0,21.42664,39.82563,38.57647094726565,39.1135192871094,38.63047180175784,37.24912414550784,38.0486755371094,38.4372497558594,39.36867752075197,0.13922119140625,91.50537634408602,1.0,1.0,1.0,1.0,0.0,0.0,1.0,5.476165390014671,0.0004351138045421,0.6131565155230543,completed,
HRF-0028,HRF-0028,2008-10-14,0.0,21.42664,39.82563,38.14472351074221,35.36438903808596,34.75701293945315,34.99158630371096,38.0486755371094,38.4372497558594,39.36867752075197,-0.2925262451171875,86.7741935483871,0.0,0.0,0.0,0.0,0.0,0.0,0.0,14.811662928263388,0.0090777873538172,0.5123269295152976,completed,
HRF-0028,HRF-0028,2008-10-21,0.0,21.42664,39.82563,36.58539733886721,36.97519836425784,38.27494201660159,37.2116638183594,38.0486755371094,38.4372497558594,39.36867752075197,-1.8518524169921875,61.935483870967744,0.0,0.0,0.0,0.0,0.0,0.0,0.0,12.135105387369832,0.0,0.5318921514538173,completed,
HRF-0029,HRF-0029,2009-02-09,1.0,39.9075,116.39723,13.25623474121096,8.01941833496096,10.834634399414083,7.63483581542971,10.388529205322282,11.228674316406272,12.424452209472678,2.027560424804687,96.34433962264151,0.0,0.0,0.0,0.0,0.0,0.0,0.0,-4.922193272908487,0.0004354248517302,0.912684576488476,completed,
HRF-0029,HRF-0029,2009-02-02,0.0,39.9075,116.39723,8.396142578125023,4.51075134277346,4.338311767578148,5.525659179687523,10.388529205322282,11.228674316406272,12.424452209472678,-2.8325317382812507,70.04716981132076,0.0,0.0,0.0,0.0,0.0,0.0,0.0,-8.35594469706217,0.0008583068833445,0.9603715191548902,completed,
HRF-0029,HRF-0029,2009-02-16,0.0,39.9075,116.39723,1.6707702636718975,2.813531494140648,8.13794860839846,9.581140136718773,10.388529205322282,11.228674316406272,12.424452209472678,-9.557904052734376,15.330188679245282,0.0,0.0,0.0,0.0,0.0,0.0,0.0,-15.453603490193643,0.0145435333251953,1.6152320121057724,completed,
HRF-0029,HRF-0029,2009-02-23,0.0,39.9075,116.39723,3.7256866455078352,4.196878051757835,5.533731079101585,2.8348022460937727,10.388529205322282,11.228674316406272,12.424452209472678,-7.502987670898438,27.94811320754717,0.0,0.0,0.0,0.0,0.0,0.0,0.0,-7.433324559529581,0.0342607497145763,0.9313891410276344,completed,
HRF-0030,HRF-0030,2009-03-13,1.0,23.7104,90.40744,33.74085388183596,33.481240844726585,33.40255126953127,33.9727722167969,34.065662384033224,34.70357666015627,35.39306259155276,-0.9627227783203124,81.0752688172043,0.0,0.0,0.0,0.0,0.0,0.0,0.0,11.71219406127932,0.0012904405366498,1.9705312489114613,completed,
HRF-0030,HRF-0030,2009-03-06,0.0,23.7104,90.40744,33.90851745605471,33.721292114257835,31.52314147949221,31.67769775390628,34.065662384033224,34.70357666015627,35.39306259155276,-0.7950592041015625,82.68817204301075,0.0,0.0,0.0,0.0,0.0,0.0,0.0,18.4961931864421,0.0066339968611828,2.4650173783591383,completed,
HRF-0030,HRF-0030,2009-03-20,0.0,23.7104,90.40744,32.75574645996096,32.84375915527346,32.913369750976585,32.761941528320335,34.065662384033224,34.70357666015627,35.39306259155276,-1.9478302001953125,64.94623655913978,0.0,0.0,0.0,0.0,0.0,0.0,0.0,19.093136723836267,0.8185386656691662,0.590242138753418,completed,
HRF-0030,HRF-0030,2009-03-27,0.0,23.7104,90.40744,28.552163696289085,32.13782653808596,35.10694274902346,34.3784118652344,34.065662384033224,34.70357666015627,35.39306259155276,-6.151412963867188,11.935483870967742,0.0,0.0,0.0,0.0,0.0,0.0,0.0,20.18815320332845,29.05358374118805,1.2715560231323642,completed,
HRF-0031,HRF-0031,2009-05-01,1.0,21.42664,39.82563,39.49179992675784,38.10346374511721,36.44338378906252,37.4063659667969,41.021881866455104,41.52975158691409,42.490352630615256,-2.037951660156253,63.54838709677419,0.0,0.0,0.0,0.0,0.0,0.0,0.0,7.4367392222087005,0.0,2.968899490895277,completed,
HRF-0031,HRF-0031,2009-05-08,0.0,21.42664,39.82563,37.41036376953127,41.15337524414065,38.599893188476585,41.16970214843752,41.021881866455104,41.52975158691409,42.490352630615256,-4.119387817382815,23.118279569892472,0.0,0.0,0.0,0.0,0.0,0.0,0.0,16.717193857828818,0.0,1.9479771309702787,completed,
HRF-0031,HRF-0031,2009-05-15,0.0,21.42664,39.82563,39.30866394042971,38.6199890136719,37.57149658203127,36.25882873535159,41.021881866455104,41.52975158691409,42.490352630615256,-2.221087646484378,60.752688172043015,0.0,0.0,0.0,0.0,0.0,0.0,0.0,7.563499704996786,0.0008583068797918,2.61085918953776,completed,
HRF-0031,HRF-0031,2009-05-22,0.0,21.42664,39.82563,41.24355468750002,39.391763305664085,38.1218200683594,38.07895812988284,41.021881866455104,41.52975158691409,42.490352630615256,-0.2861968994140653,87.41935483870968,0.0,0.0,0.0,0.0,0.0,0.0,0.0,9.707219696044945,0.0008521437848685,1.8040073718394647,completed,
HRF-0031,HRF-0031,2009-05-29,0.0,21.42664,39.82563,40.9162536621094,38.25074157714846,37.26519165039065,35.8879333496094,41.021881866455104,41.52975158691409,42.490352630615256,-0.6134979248046903,84.19354838709677,0.0,0.0,0.0,0.0,0.0,0.0,0.0,5.44600639343264,0.0021459252934619,4.828155688657365,completed,
HRF-0033,HRF-0033,2009-08-15,1.0,48.1035,20.7784,25.957864379882835,23.92432556152346,24.97434387207033,25.434442138671898,30.608262634277366,31.64820709228518,33.38891601562502,-5.6903427124023445,46.236559139784944,0.0,0.0,0.0,0.0,0.0,0.0,0.0,12.476482645670616,0.022248796256008,0.6683381272325744,completed,
HRF-0033,HRF-0033,2009-08-01,0.0,48.1035,20.7784,30.4565368652344,30.53487548828128,31.04633483886721,28.450036621093773,30.608262634277366,31.64820709228518,33.38891601562502,-1.191670227050782,83.65591397849462,0.0,0.0,0.0,0.0,0.0,0.0,0.0,10.799881235758503,0.3867149353027344,2.001500446414233,completed,
HRF-0033,HRF-0033,2009-08-08,0.0,48.1035,20.7784,26.01618347167971,26.764825439453148,25.310357666015648,22.929971313476585,30.608262634277366,31.64820709228518,33.38891601562502,-5.6320236206054695,47.204301075268816,0.0,0.0,0.0,0.0,0.0,0.0,0.0,9.32344779968264,-2.9802322387695312e-05,3.299032541732537,completed,
HRF-0033,HRF-0033,2009-08-22,0.0,48.1035,20.7784,30.95874938964846,30.142266845703148,27.921426391601585,27.338708496093773,30.608262634277366,31.64820709228518,33.38891601562502,-0.6894577026367195,86.88172043010752,0.0,0.0,0.0,0.0,0.0,0.0,0.0,13.1473213195801,0.8823371930475332,2.342037837891142,completed,
HRF-0033,HRF-0033,2009-08-29,0.0,48.1035,20.7784,28.67844543457033,30.108255004882835,30.303567504882835,30.2082458496094,30.608262634277366,31.64820709228518,33.38891601562502,-2.9697616577148445,70.43010752688173,0.0,0.0,0.0,0.0,0.0,0.0,0.0,15.927084859212243,6.897854804890358,0.8459607165326625,completed,
HRF-0032,HRF-0032,2009-07-03,1.0,51.4745,-0.0876,23.413934326171898,26.05756530761721,24.952203369140648,26.034463500976585,25.072434997558616,25.959378051757835,27.4547431945801,-2.545443725585937,72.47311827956989,0.0,0.0,0.0,0.0,0.0,0.0,0.0,14.884360249837243,2.868145704269409,2.3930071780456617,completed,
HRF-0032,HRF-0032,2009-07-10,0.0,51.4745,-0.0876,19.30637512207033,18.657800292968773,18.79541931152346,19.374139404296898,25.072434997558616,25.959378051757835,27.4547431945801,-6.653002929687499,26.236559139784948,0.0,0.0,0.0,0.0,0.0,0.0,0.0,8.03952560424807,0.027954917392492,3.4927602784079967,completed,
HRF-0032,HRF-0032,2009-07-17,0.0,51.4745,-0.0876,17.975335693359398,21.621484375000023,21.669595336914085,20.465509033203148,25.072434997558616,25.959378051757835,27.4547431945801,-7.984042358398437,9.46236559139785,0.0,0.0,0.0,0.0,0.0,0.0,0.0,12.958084360758503,8.870917558567726,2.895107460590229,completed,
HRF-0032,HRF-0032,2009-07-24,0.0,51.4745,-0.0876,18.781152343750023,20.762322998046898,20.211953735351585,21.798150634765648,25.072434997558616,25.959378051757835,27.4547431945801,-7.178225708007812,18.9247311827957,0.0,0.0,0.0,0.0,0.0,0.0,0.0,11.91536674499514,1.7140448093364569,3.969249856782536,completed,
HRF-0032,HRF-0032,2009-07-31,0.0,51.4745,-0.0876,19.62415466308596,18.348245239257835,20.02771911621096,19.29157409667971,25.072434997558616,25.959378051757835,27.4547431945801,-6.335223388671874,30.430107526881724,0.0,0.0,0.0,0.0,0.0,0.0,0.0,9.42123947143557,0.2087087854647507,2.134361818313482,completed,
HRF-0036,HRF-0036,2010-10-01,1.0,35.10168,129.03004,21.506631469726585,22.09101257324221,20.4294372558594,22.380883789062523,22.55090713500979,22.90034942626956,23.5121650695801,-1.393717956542968,72.68817204301075,0.0,0.0,0.0,0.0,0.0,0.0,0.0,14.703532791137718,0.0038921832015148,4.783026829659941,completed,
HRF-0036,HRF-0036,2010-10-08,0.0,35.10168,129.03004,20.616052246093773,21.626489257812523,20.719277954101585,19.952447509765648,22.55090713500979,22.90034942626956,23.5121650695801,-2.2842971801757805,59.78494623655914,0.0,0.0,0.0,0.0,0.0,0.0,0.0,16.380138015747093,11.68617784566095,2.116710413209247,completed,
HRF-0036,HRF-0036,2010-10-15,0.0,35.10168,129.03004,18.534997558593773,21.277139282226585,22.42518005371096,22.72017822265628,22.55090713500979,22.90034942626956,23.5121650695801,-4.3653518676757805,25.6989247311828,0.0,0.0,0.0,0.0,0.0,0.0,0.0,3.7858730316162337,0.000441074366364,4.976642183265627,completed,
HRF-0036,HRF-0036,2010-10-22,0.0,35.10168,129.03004,19.36408386230471,20.902520751953148,20.986413574218773,21.65403137207033,22.55090713500979,22.90034942626956,23.5121650695801,-3.536265563964843,38.81720430107527,0.0,0.0,0.0,0.0,0.0,0.0,0.0,10.268807347615564,0.0023025905875329,7.236554638779927,completed,
HRF-0036,HRF-0036,2010-10-29,0.0,35.10168,129.03004,16.643472290039085,14.994500732421898,13.144799804687525,9.553079223632835,22.55090713500979,22.90034942626956,23.5121650695801,-6.256877136230468,10.0,0.0,0.0,0.0,0.0,0.0,0.0,0.0,6.469726181030296,0.0997424125444013,7.993069618706508,completed,
HRF-0035,HRF-0035,2010-07-06,1.0,25.3342,55.41221,41.28045043945315,40.60903320312502,41.035867309570335,40.59877929687502,43.15484161376956,43.62064208984377,44.036616516113305,-2.340191650390622,54.19354838709678,0.0,0.0,0.0,0.0,0.0,0.0,0.0,24.078732426961267,0.0008523463179699,0.2160921956878096,completed,
HRF-0035,HRF-0035,2010-07-13,0.0,25.3342,55.41221,42.78249511718752,42.41098937988284,41.37983093261721,40.5516296386719,43.15484161376956,43.62064208984377,44.036616516113305,-0.8381469726562472,78.70967741935485,0.0,0.0,0.0,0.0,0.0,0.0,0.0,21.8674420674642,0.0008513521834174,3.0146299268580887,completed,
HRF-0035,HRF-0035,2010-07-20,0.0,25.3342,55.41221,41.661355590820335,42.06362304687502,43.79854736328127,44.23108825683596,43.15484161376956,43.62064208984377,44.036616516113305,-1.9592864990234349,61.0752688172043,0.0,0.0,0.0,0.0,0.0,0.0,0.0,27.053503290812216,0.0008523463179699,1.4544506385969982,completed,
HRF-0035,HRF-0035,2010-07-27,0.0,25.3342,55.41221,40.1468444824219,39.21523437500002,40.20984802246096,43.16378173828127,43.15484161376956,43.62064208984377,44.036616516113305,-3.473797607421872,33.5483870967742,0.0,0.0,0.0,0.0,0.0,0.0,0.0,26.788929875691736,0.0333072066496242,1.3688278080268286,completed,
HRF-0037,HRF-0037,2010-10-14,1.0,47.31344,5.01391,13.667230224609398,15.08149108886721,16.672341918945335,16.333032226562523,19.93850860595705,20.62991180419924,22.09665527343752,-6.9626815795898445,32.043010752688176,0.0,0.0,0.0,0.0,0.0,0.0,0.0,5.855493164062523,0.0012874602930423,2.85824811508081,completed,
HRF-0037,HRF-0037,2010-10-07,0.0,47.31344,5.01391,21.610955810546898,21.758355712890648,15.893960571289083,20.265283203125023,19.93850860595705,20.62991180419924,22.09665527343752,0.9810440063476557,93.2258064516129,0.0,0.0,0.0,0.0,0.0,0.0,0.0,12.508655802408896,0.0008621215101811,1.6355281632745384,completed,
HRF-0037,HRF-0037,2010-10-21,0.0,47.31344,5.01391,7.721047973632835,9.409936523437525,10.802484130859398,8.740808105468773,19.93850860595705,20.62991180419924,22.09665527343752,-12.908863830566409,3.010752688172043,0.0,0.0,0.0,0.0,0.0,0.0,0.0,-0.794019444783487,0.0008821486403576,1.2948170850662926,completed,
HRF-0037,HRF-0037,2010-10-28,0.0,47.31344,5.01391,11.13575134277346,10.978631591796898,9.588174438476583,7.587976074218773,19.93850860595705,20.62991180419924,22.09665527343752,-9.494160461425782,15.806451612903224,0.0,0.0,0.0,0.0,0.0,0.0,0.0,2.733515675862634,0.0865757465362548,0.9942903522499767,completed,
HRF-0038,HRF-0038,2010-11-14,1.0,47.322,5.009,17.24018249511721,15.709329223632835,13.523660278320335,9.939660644531273,13.52587585449221,14.277499389648462,15.79434051513674,2.9626831054687486,98.66666666666669,0.0,0.0,0.0,0.0,0.0,0.0,0.0,9.020040130615255,6.8624258041367625,4.219533768975323,completed,
HRF-0038,HRF-0038,2010-11-07,0.0,47.322,5.009,11.32209167480471,13.44757995605471,15.284509277343773,15.728921508789083,13.52587585449221,14.277499389648462,15.79434051513674,-2.9554077148437514,66.0,0.0,0.0,0.0,0.0,0.0,0.0,0.0,5.722837066650413,10.999919541347936,2.424490240189583,completed,
HRF-0038,HRF-0038,2010-11-21,0.0,47.322,5.009,8.982659912109398,10.129022216796898,8.650415039062523,7.827142333984398,13.52587585449221,14.277499389648462,15.79434051513674,-5.294839477539064,43.888888888888886,0.0,0.0,0.0,0.0,0.0,0.0,0.0,3.8713381449381927,3.473814777521511,1.6510742227012023,completed,
HRF-0038,HRF-0038,2010-11-28,0.0,47.322,5.009,1.93067321777346,-0.2088378906249772,0.6630645751953352,2.6892028808593977,13.52587585449221,14.277499389648462,15.79434051513674,-12.346826171875,3.0,0.0,0.0,0.0,0.0,0.0,0.0,0.0,-2.4872993469238054,2.304184436695777,0.9066782638053325,completed,
HRF-0039,HRF-0039,2010-11-15,1.0,31.22222,121.45806,13.078408813476583,17.050210571289085,20.734048461914085,18.883447265625023,20.890196990966817,21.916943359375026,23.101578521728538,-8.838534545898437,14.333333333333334,0.0,0.0,0.0,0.0,0.0,0.0,0.0,4.422724024454794,0.886017084120283,3.646766259779936,completed,
HRF-0039,HRF-0039,2010-11-01,0.0,31.22222,121.45806,18.41010437011721,17.826867675781273,17.555017089843773,16.066308593750023,20.890196990966817,21.916943359375026,23.101578521728538,-3.506838989257812,64.0,0.0,0.0,0.0,0.0,0.0,0.0,0.0,6.683942413330101,0.0004351138045421,1.7784249280624522,completed,
HRF-0039,HRF-0039,2010-11-08,0.0,31.22222,121.45806,18.079690551757835,21.432656860351585,20.152139282226585,18.43372497558596,20.890196990966817,21.916943359375026,23.101578521728538,-3.837252807617187,61.11111111111112,0.0,0.0,0.0,0.0,0.0,0.0,0.0,4.995057678222679,0.0012827303699225,2.5455572049699025,completed,
HRF-0039,HRF-0039,2010-11-22,0.0,31.22222,121.45806,14.93720397949221,18.70993957519533,18.418862915039085,18.09714660644533,20.890196990966817,21.916943359375026,23.101578521728538,-6.979739379882812,27.88888888888889,0.0,0.0,0.0,0.0,0.0,0.0,0.0,4.554008738199912,0.0,3.950688213043122,completed,
HRF-0039,HRF-0039,2010-11-29,0.0,31.22222,121.45806,17.60340270996096,15.376016235351583,18.664468383789085,14.033654785156273,20.890196990966817,21.916943359375026,23.101578521728538,-4.313540649414062,56.11111111111112,0.0,0.0,0.0,0.0,0.0,0.0,0.0,11.27651176452639,3.499582409915547,1.9733131415438845,completed,
HRF-0041,HRF-0041,2011-12-15,1.0,21.0245,105.84117,20.05591735839846,21.994912719726585,20.49289855957033,19.11005554199221,25.0632751464844,25.978112792968773,26.71117172241213,-5.9221954345703125,41.50537634408602,0.0,0.0,0.0,0.0,0.0,0.0,0.0,7.656858062744163,0.0391691922914105,2.487443115944597,completed,
HRF-0041,HRF-0041,2011-12-01,0.0,21.0245,105.84117,17.85486755371096,24.6230407714844,25.994302368164085,24.330239868164085,25.0632751464844,25.978112792968773,26.71117172241213,-8.123245239257812,22.90322580645161,0.0,0.0,0.0,0.0,0.0,0.0,0.0,8.734043375651083,0.25588870039428,3.338255048167313,completed,
HRF-0041,HRF-0041,2011-12-08,0.0,21.0245,105.84117,17.962487792968773,19.96399841308596,23.014749145507835,23.596795654296898,25.0632751464844,25.978112792968773,26.71117172241213,-8.015625,23.870967741935484,0.0,0.0,0.0,0.0,0.0,0.0,0.0,7.490248616536462,0.3038108348505375,3.371820837240447,completed,
HRF-0041,HRF-0041,2011-12-22,0.0,21.0245,105.84117,20.173745727539085,22.581628417968773,21.5046325683594,20.3080993652344,25.0632751464844,25.978112792968773,26.71117172241213,-5.804367065429688,43.01075268817204,0.0,0.0,0.0,0.0,0.0,0.0,0.0,8.121047592163109,0.0012993811537853,2.04534607442287,completed,
HRF-0041,HRF-0041,2011-12-29,0.0,21.0245,105.84117,19.754663085937523,18.21930847167971,18.34201965332033,18.95069274902346,25.0632751464844,25.978112792968773,26.71117172241213,-6.22344970703125,38.064516129032256,0.0,0.0,0.0,0.0,0.0,0.0,0.0,11.382012939453148,2.072024345295631,1.9609858462848235,completed,
HRF-0042,HRF-0042,2012-01-18,1.0,3.1412,101.68653,30.116372680664085,30.045739746093773,30.000527954101585,28.303765869140648,30.61569290161135,30.95470428466799,31.43899917602541,-0.8383316040039048,73.65591397849462,0.0,0.0,0.0,0.0,0.0,0.0,0.0,23.616219456990564,7.320055365557465,0.3991936462443508,completed,
HRF-0042,HRF-0042,2012-01-04,0.0,3.1412,101.68653,30.008828735351585,30.4799743652344,30.59591064453128,28.959527587890648,30.61569290161135,30.95470428466799,31.43899917602541,-0.9458755493164048,70.10752688172043,0.0,0.0,0.0,0.0,0.0,0.0,0.0,21.928374226888025,0.4527449606825939,1.9249911779072952,completed,
HRF-0042,HRF-0042,2012-01-11,0.0,3.1412,101.68653,27.620965576171898,29.021752929687523,29.04169616699221,29.549462890625023,30.61569290161135,30.95470428466799,31.43899917602541,-3.3337387084960923,6.021505376344086,0.0,0.0,0.0,0.0,0.0,0.0,0.0,22.87354176839193,1.97661817065864,0.9527144158745082,completed,
HRF-0042,HRF-0042,2012-01-25,0.0,3.1412,101.68653,30.70643005371096,30.781915283203148,29.254754638671898,29.552835083007835,30.61569290161135,30.95470428466799,31.43899917602541,-0.2482742309570298,85.91397849462365,0.0,0.0,0.0,0.0,0.0,0.0,0.0,21.966452534993493,0.0277638418992864,0.8106270534271555,completed,
HRF-0040,HRF-0040,2011-02-03,1.0,41.79222,123.43278,2.698281860351585,3.0348907470703352,4.194512939453148,2.3634887695312727,6.128883361816426,7.698251342773466,9.29979782104494,-4.99996948242188,67.45283018867924,0.0,0.0,0.0,0.0,0.0,0.0,0.0,-13.905722681681311,0.0004397979864734,2.562858893125577,completed,
HRF-0040,HRF-0040,2011-02-10,0.0,41.79222,123.43278,-6.07109680175779,-6.178289794921852,-1.1426605224609148,0.4784790039062727,6.128883361816426,7.698251342773466,9.29979782104494,-13.769348144531255,16.037735849056602,0.0,0.0,0.0,0.0,0.0,0.0,0.0,-24.055846913655586,0.0017126909597209,2.5518272397964994,completed,
HRF-0040,HRF-0040,2011-02-17,0.0,41.79222,123.43278,1.5541168212890852,4.297021484375023,2.926446533203148,-6.554159545898415,6.128883361816426,7.698251342773466,9.29979782104494,-6.14413452148438,59.7877358490566,0.0,0.0,0.0,0.0,0.0,0.0,0.0,-14.021218363444008,0.0412166118621826,2.2260682892396155,completed,
HRF-0040,HRF-0040,2011-02-24,0.0,41.79222,123.43278,0.8114868164062727,11.00928649902346,10.610803222656273,9.851602172851583,6.128883361816426,7.698251342773466,9.29979782104494,-6.886764526367193,56.014150943396224,0.0,0.0,0.0,0.0,0.0,0.0,0.0,-17.864666366577126,0.0053197145462036,2.5398171135476737,completed,
HRF-0043,HRF-0043,2012-01-18,1.0,25.3342,55.41221,23.156579589843773,21.468560791015648,22.23706970214846,22.2531677246094,26.20680084228518,26.90310821533205,27.78341751098635,-3.746528625488281,44.3010752688172,0.0,0.0,0.0,0.0,0.0,0.0,0.0,10.62614784240725,0.0004261732051702,3.334045237332352,completed,
HRF-0043,HRF-0043,2012-01-04,0.0,25.3342,55.41221,23.67502746582033,26.706658935546898,26.004296875000023,26.007852172851585,26.20680084228518,26.90310821533205,27.78341751098635,-3.2280807495117188,53.2258064516129,0.0,0.0,0.0,0.0,0.0,0.0,0.0,12.920805867513025,0.0029683112074962,6.444904934340388,completed,
HRF-0043,HRF-0043,2012-01-11,0.0,25.3342,55.41221,27.85450134277346,27.825341796875023,27.06336364746096,25.495965576171898,26.20680084228518,26.90310821533205,27.78341751098635,0.9513931274414062,95.59139784946235,0.0,0.0,0.0,0.0,0.0,0.0,1.0,15.031663513183616,0.0012904404798064,0.4417895460609636,completed,
HRF-0043,HRF-0043,2012-01-25,0.0,25.3342,55.41221,20.192727661132835,19.815942382812523,19.28791198730471,18.41742858886721,26.20680084228518,26.90310821533205,27.78341751098635,-6.710380554199219,8.064516129032258,0.0,0.0,0.0,0.0,0.0,0.0,0.0,7.732972717285179,0.0021338446458685,3.790970098363634,completed,
HRF-0044,HRF-0044,2012-03-03,1.0,13.75398,100.50144,33.9835144042969,34.44143066406252,33.61074218750002,33.63752136230471,35.365919494628926,35.589770507812524,36.02420578002932,-1.6062561035156264,52.58064516129032,0.0,0.0,0.0,0.0,0.0,0.0,0.0,22.82242546081545,0.0129818915297619,3.4018787747071624,completed,
HRF-0044,HRF-0044,2012-03-10,0.0,13.75398,100.50144,30.83289489746096,33.31109008789065,33.00100097656252,34.11097106933596,35.365919494628926,35.589770507812524,36.02420578002932,-4.756875610351564,6.559139784946237,0.0,0.0,0.0,0.0,0.0,0.0,0.0,23.672764714558923,7.788512110607826,1.473476710116807,completed,
HRF-0044,HRF-0044,2012-03-17,0.0,13.75398,100.50144,33.93071899414065,34.13233337402346,33.78579101562502,33.35051879882815,35.365919494628926,35.589770507812524,36.02420578002932,-1.6590515136718764,51.182795698924735,0.0,0.0,0.0,0.0,0.0,0.0,0.0,23.694231287638388,1.3590964742320466,2.988313410462343,completed,
HRF-0044,HRF-0044,2012-03-24,0.0,13.75398,100.50144,34.03272399902346,35.38430175781252,35.0629821777344,35.38625488281252,35.365919494628926,35.589770507812524,36.02420578002932,-1.557046508789064,54.40860215053763,0.0,0.0,0.0,0.0,0.0,0.0,0.0,23.37517382303878,4.329086933466897,1.9262569172465096,completed,
HRF-0044,HRF-0044,2012-03-31,0.0,13.75398,100.50144,36.82955322265627,36.57161865234377,35.338967895507835,34.222390747070335,35.365919494628926,35.589770507812524,36.02420578002932,1.2397827148437486,98.6021505376344,0.0,0.0,1.0,0.0,0.0,0.0,0.0,21.336983617146814,4.966530203716957,1.4636365972571872,completed,
HRF-0045,HRF-0045,2012-04-02,1.0,55.75204,37.61781,0.2868286132812727,2.43226013183596,2.068521118164085,1.6433197021484602,16.171604919433616,17.823159790039085,19.24263153076173,-17.536331176757812,1.4444444444444444,0.0,0.0,0.0,0.0,0.0,0.0,0.0,-7.051243845621741,2.5628566307887013,2.727027946513389,completed,
HRF-0045,HRF-0045,2012-04-09,0.0,55.75204,37.61781,4.005593872070335,4.844537353515648,3.2047058105468977,2.5167175292968977,16.171604919433616,17.823159790039085,19.24263153076173,-13.81756591796875,13.88888888888889,0.0,0.0,0.0,0.0,0.0,0.0,0.0,-0.0489429473876725,7.834872603382337,2.013049270279499,completed,
HRF-0045,HRF-0045,2012-04-16,0.0,55.75204,37.61781,14.788537597656273,11.726312255859398,8.326470947265648,2.3820587158203352,16.171604919433616,17.823159790039085,19.24263153076173,-3.0346221923828125,78.88888888888889,0.0,0.0,0.0,0.0,0.0,0.0,0.0,6.119513448079431,0.2695261690632833,3.121407862163644,completed,
HRF-0045,HRF-0045,2012-04-23,0.0,55.75204,37.61781,17.950402832031273,18.133691406250023,17.888101196289085,18.773828125000023,16.171604919433616,17.823159790039085,19.24263153076173,0.1272430419921875,90.55555555555556,0.0,0.0,0.0,0.0,0.0,0.0,1.0,9.17103983561202,1.818293332974008,2.4044888344546704,completed,
HRF-0045,HRF-0045,2012-04-30,0.0,55.75204,37.61781,13.21216735839846,25.211114501953148,23.42859802246096,18.99158630371096,16.171604919433616,17.823159790039085,19.24263153076173,-4.610992431640625,71.22222222222221,0.0,0.0,0.0,0.0,0.0,0.0,0.0,2.273739751180017,1.9453763961791992,2.678551050479517,completed,
HRF-0046,HRF-0046,2012-04-28,1.0,25.3342,55.41221,35.6270690917969,33.987283325195335,32.751077270507835,33.304727172851585,36.82542343139651,37.38504791259768,38.374604034423854,-1.7579788208007798,74.11111111111111,0.0,0.0,0.0,0.0,0.0,0.0,0.0,16.382098770141624,0.0004206645485282,1.2845561873370928,completed,
HRF-0046,HRF-0046,2012-04-07,0.0,25.3342,55.41221,34.30111083984377,34.91303405761721,34.999734497070335,35.5150085449219,36.82542343139651,37.38504791259768,38.374604034423854,-3.083937072753905,63.44444444444445,0.0,0.0,0.0,0.0,0.0,0.0,0.0,15.68734194437667,0.0003278255462646,3.3256933570767395,completed,
HRF-0046,HRF-0046,2012-04-14,0.0,25.3342,55.41221,30.009637451171898,30.24524841308596,33.670693969726585,34.7418151855469,36.82542343139651,37.38504791259768,38.374604034423854,-7.37541046142578,20.0,0.0,0.0,0.0,0.0,0.0,0.0,0.0,18.05718765258792,0.0012976441325918,2.357574214801491,completed,
HRF-0046,HRF-0046,2012-04-21,0.0,25.3342,55.41221,30.1640563964844,31.27071533203128,28.907022094726585,31.73005065917971,36.82542343139651,37.38504791259768,38.374604034423854,-7.22099151611328,20.666666666666668,0.0,0.0,0.0,0.0,0.0,0.0,0.0,15.733770624796591,0.0021510946339731,2.073776317603149,completed,
HRF-0047,HRF-0047,2012-05-14,1.0,50.6927,3.1746,15.717309570312525,14.01593933105471,12.396813964843773,18.573770141601585,22.14234542846681,23.431573486328148,24.82345428466799,-7.714263916015625,36.774193548387096,0.0,0.0,0.0,0.0,0.0,0.0,0.0,4.116535441080771,1.0485529898573986,3.029988066316791,completed,
HRF-0047,HRF-0047,2012-05-07,0.0,50.6927,3.1746,14.946313476562525,9.565911865234398,9.807397460937525,15.011834716796898,22.14234542846681,23.431573486328148,24.82345428466799,-8.485260009765625,28.387096774193548,0.0,0.0,0.0,0.0,0.0,0.0,0.0,6.028252538045251,1.202780008213722,2.2931468423358567,completed,
HRF-0047,HRF-0047,2012-05-21,0.0,50.6927,3.1746,15.864175415039083,18.40989074707033,18.667337036132835,16.357965087890648,22.14234542846681,23.431573486328148,24.82345428466799,-7.5673980712890625,38.064516129032256,0.0,0.0,0.0,0.0,0.0,0.0,0.0,11.041699981689476,0.0118404627187373,4.745638850763386,completed,
HRF-0047,HRF-0047,2012-05-28,0.0,50.6927,3.1746,24.037271118164085,25.483728027343773,23.711328125000023,23.72107849121096,22.14234542846681,23.431573486328148,24.82345428466799,0.6056976318359375,92.58064516129032,0.0,0.0,0.0,0.0,0.0,0.0,1.0,12.328331247965536,0.0008518818503944,2.1582924811632607,completed,
HRF-0049,HRF-0049,2012-09-06,1.0,-33.9173,151.0359,25.523797607421898,25.8078552246094,23.445596313476585,21.40241394042971,25.19228439331057,26.561010742187527,28.4541458129883,-1.0372131347656293,85.88888888888889,0.0,0.0,0.0,0.0,0.0,0.0,0.0,-0.4552151997883698,0.002143461642845,3.511817143465655,completed,
HRF-0049,HRF-0049,2012-09-13,0.0,-33.9173,151.0359,23.617959594726585,22.89667663574221,20.483316040039085,23.767739868164085,25.19228439331057,26.561010742187527,28.4541458129883,-2.9430511474609418,79.22222222222223,0.0,0.0,0.0,0.0,0.0,0.0,0.0,6.91596374511721,4.552084207489315,2.7640753819829667,completed,
HRF-0049,HRF-0049,2012-09-20,0.0,-33.9173,151.0359,21.6848083496094,21.054833984375023,20.51679382324221,18.796060180664085,25.19228439331057,26.561010742187527,28.4541458129883,-4.876202392578129,65.11111111111111,0.0,0.0,0.0,0.0,0.0,0.0,0.0,11.636577224731468,0.2497630088100777,1.689710924139349,completed,
HRF-0049,HRF-0049,2012-09-27,0.0,-33.9173,151.0359,26.549707031250023,20.09543762207033,18.317468261718773,22.209252929687523,25.19228439331057,26.561010742187527,28.4541458129883,-0.0113037109375042,90.0,0.0,0.0,0.0,0.0,0.0,0.0,0.0,11.610109583536826,0.0048794063332024,3.4701187244581035,completed,
HRF-0048,HRF-0048,2012-07-17,1.0,41.01384,28.94966,27.540338134765648,31.983789062500023,31.98874816894533,30.978799438476585,29.740110015869163,30.1301452636719,30.786216735839865,-2.5898071289062514,50.53763440860215,0.0,0.0,0.0,0.0,0.0,0.0,0.0,20.567727661132835,0.4433184861909467,7.361130312510654,completed,
HRF-0048,HRF-0048,2012-07-03,0.0,41.01384,28.94966,27.188012695312523,26.48059997558596,27.165811157226585,27.36615905761721,29.740110015869163,30.1301452636719,30.786216735839865,-2.9421325683593764,42.58064516129032,0.0,0.0,0.0,0.0,0.0,0.0,0.0,17.25582656860354,0.0034050211183966,4.811657419383133,completed,
HRF-0048,HRF-0048,2012-07-10,0.0,41.01384,28.94966,30.565209960937523,29.80878601074221,26.979302978515648,28.616738891601585,29.740110015869163,30.1301452636719,30.786216735839865,0.4350646972656236,93.44086021505376,0.0,0.0,0.0,0.0,0.0,0.0,0.0,19.69119542439779,0.0064253879372699,1.9679818517320395,completed,
HRF-0048,HRF-0048,2012-07-24,0.0,41.01384,28.94966,30.860406494140648,29.877832031250023,29.900292968750023,29.16553649902346,29.740110015869163,30.1301452636719,30.786216735839865,0.7302612304687486,95.48387096774194,0.0,0.0,0.0,0.0,0.0,0.0,0.0,22.21961046854659,0.0214576721191406,4.6749845054026045,completed,
HRF-0048,HRF-0048,2012-07-31,0.0,41.01384,28.94966,30.279473876953148,30.066674804687523,31.1511169433594,30.929315185546898,29.740110015869163,30.1301452636719,30.786216735839865,0.1493286132812485,91.72043010752688,0.0,1.0,0.0,0.0,0.0,0.0,0.0,19.87408345540365,0.3575026988968943,6.206582577884109,completed,
HRF-0050,HRF-0050,2012-10-06,1.0,25.07725,55.30927,39.60212097167971,38.59453735351565,39.17437133789065,39.56171569824221,38.64568862915041,39.066540527343776,39.694925689697286,0.5355804443359347,94.19354838709675,0.0,0.0,0.0,0.0,0.0,0.0,0.0,15.557534790039083,0.0008523463179699,2.208616233833294,completed,
HRF-0050,HRF-0050,2012-10-13,0.0,25.07725,55.30927,36.05422363281252,36.33039245605471,37.76519165039065,38.31414184570315,38.64568862915041,39.066540527343776,39.694925689697286,-3.012316894531253,40.64516129032258,0.0,0.0,0.0,0.0,0.0,0.0,0.0,20.88721046447756,0.0008523463748133,2.1017249420663946,completed,
HRF-0050,HRF-0050,2012-10-20,0.0,25.07725,55.30927,36.51007995605471,35.34504089355471,35.873452758789085,36.47968444824221,38.64568862915041,39.066540527343776,39.694925689697286,-2.5564605712890653,50.752688172043015,0.0,0.0,0.0,0.0,0.0,0.0,0.0,18.189668273925804,0.0004261732051702,2.2371340843113234,completed,
HRF-0050,HRF-0050,2012-10-27,0.0,25.07725,55.30927,35.753518676757835,34.48311767578127,35.46149597167971,36.53255615234377,38.64568862915041,39.066540527343776,39.694925689697286,-3.3130218505859403,34.193548387096776,0.0,0.0,0.0,0.0,0.0,0.0,0.0,19.480971272786466,0.0119984148909679,0.7017142667015395,completed,
HRF-0051,HRF-0051,2012-11-18,1.0,25.07725,55.30927,29.608453369140648,29.23011169433596,31.67305908203128,34.32514343261721,33.40394821166994,34.101348876953146,34.74300537109377,-4.492895507812499,31.0,0.0,0.0,0.0,0.0,0.0,0.0,0.0,14.538690821329794,0.0008523463748133,1.3125223524730425,completed,
HRF-0051,HRF-0051,2012-11-04,0.0,25.07725,55.30927,33.413247680664085,33.8622985839844,33.59711608886721,32.32317504882815,33.40394821166994,34.101348876953146,34.74300537109377,-0.6881011962890611,85.11111111111111,0.0,1.0,0.0,0.0,0.0,0.0,0.0,16.387739435831747,0.5627751349948085,1.87276353097422,completed,
HRF-0051,HRF-0051,2012-11-11,0.0,25.07725,55.30927,32.51030883789065,32.871438598632835,32.28028259277346,31.952783203125023,33.40394821166994,34.101348876953146,34.74300537109377,-1.5910400390624986,72.66666666666667,0.0,0.0,0.0,0.0,0.0,0.0,0.0,19.70144933064779,0.0004351138613856,0.800282497099762,completed,
HRF-0051,HRF-0051,2012-11-25,0.0,25.07725,55.30927,30.2705017089844,31.253030395507835,29.184472656250023,27.30027160644533,33.40394821166994,34.101348876953146,34.74300537109377,-3.8308471679687486,40.33333333333333,0.0,0.0,0.0,0.0,0.0,0.0,0.0,15.96608695983889,0.0008523463748133,0.859553551810076,completed,
HRF-0052,HRF-0052,2013-01-25,1.0,55.75204,37.61781,-12.122900390624975,-10.768988037109352,-10.370367431640602,-12.280294799804665,0.8186134338379134,1.3500106811523669,2.166178131103537,-13.472911071777345,15.806451612903224,0.0,0.0,0.0,0.0,0.0,0.0,0.0,-16.43897984822587,0.1030119154279418,3.098404783770572,completed,
HRF-0052,HRF-0052,2013-01-04,0.0,55.75204,37.61781,-0.3830169677734147,-0.8165496826171648,0.3122802734375227,0.1104675292968977,0.8186134338379134,1.3500106811523669,2.166178131103537,-1.7330276489257816,73.44086021505376,0.0,0.0,0.0,0.0,0.0,0.0,0.0,-2.2209864298502566,1.82635486125804,2.087374019800364,completed,
HRF-0052,HRF-0052,2013-01-11,0.0,55.75204,37.61781,-12.29991760253904,-11.19853820800779,-10.159796142578102,-8.185797119140602,0.8186134338379134,1.3500106811523669,2.166178131103537,-13.649928283691407,14.946236559139786,0.0,0.0,0.0,0.0,0.0,0.0,0.0,-15.606925710042276,0.1835733651205373,2.437916668346925,completed,
HRF-0052,HRF-0052,2013-01-18,0.0,55.75204,37.61781,-10.564535522460917,-8.30681457519529,-7.610006713867165,-7.420080566406227,0.8186134338379134,1.3500106811523669,2.166178131103537,-11.914546203613282,21.29032258064516,0.0,0.0,0.0,0.0,0.0,0.0,0.0,-13.46622823079423,5.9973448514938354,3.79462665192328,completed,
HRF-0053,HRF-0053,2013-01-31,1.0,19.438,-99.174,23.560891723632835,23.355523681640648,22.562890625000023,21.514093017578148,22.04871520996096,22.334757995605493,22.82462844848635,1.2261337280273423,98.81720430107526,0.0,0.0,0.0,0.0,0.0,0.0,1.0,2.975228246053064,0.0398606061935424,0.5923560689605082,completed,
HRF-0053,HRF-0053,2013-01-03,0.0,19.438,-99.174,19.018960571289085,18.07990417480471,20.94184265136721,21.26290283203128,22.04871520996096,22.334757995605493,22.82462844848635,-3.315797424316408,34.086021505376344,0.0,0.0,0.0,0.0,0.0,0.0,0.0,6.512181218465173,0.4755884407927624,1.828458290614829,completed,
HRF-0053,HRF-0053,2013-01-10,0.0,19.438,-99.174,22.807000732421898,20.564294433593773,19.387109375000023,19.110147094726585,22.04871520996096,22.334757995605493,22.82462844848635,0.4722427368164048,94.83870967741936,0.0,0.0,0.0,0.0,0.0,0.0,0.0,5.419876988728845,0.1522779464266932,1.4662736020159777,completed,
HRF-0053,HRF-0053,2013-01-17,0.0,19.438,-99.174,18.860375976562523,22.26130065917971,23.56891784667971,23.335260009765648,22.04871520996096,22.334757995605493,22.82462844848635,-3.47438201904297,31.0752688172043,0.0,0.0,0.0,0.0,0.0,0.0,0.0,5.545233662923181,0.9923134692080282,1.6372693127512596,completed,
HRF-0053,HRF-0053,2013-01-24,0.0,19.438,-99.174,18.39417419433596,16.715188598632835,16.068887329101585,16.691751098632835,22.04871520996096,22.334757995605493,22.82462844848635,-3.9405838012695327,24.193548387096776,0.0,0.0,0.0,0.0,0.0,0.0,0.0,5.694849904378259,0.7375210522582165,1.688797720997303,completed,
HRF-0055,HRF-0055,2013-04-22,1.0,25.3342,55.41221,32.6517272949219,36.785806274414085,37.52889404296877,36.692178344726585,36.82542343139651,37.38504791259768,38.374604034423854,-4.73332061767578,46.22222222222222,0.0,0.0,0.0,0.0,0.0,0.0,0.0,14.233092880249046,0.0,4.398664950610288,completed,
HRF-0055,HRF-0055,2013-04-01,0.0,25.3342,55.41221,30.866006469726585,31.21155700683596,30.287408447265648,29.05417785644533,36.82542343139651,37.38504791259768,38.374604034423854,-6.519041442871092,26.444444444444443,0.0,0.0,0.0,0.0,0.0,0.0,0.0,16.512148157755576,0.0,3.8980650807563775,completed,
HRF-0055,HRF-0055,2013-04-08,0.0,25.3342,55.41221,25.97457275390628,24.329690551757835,36.204080200195335,33.602456665039085,36.82542343139651,37.38504791259768,38.374604034423854,-11.410475158691405,3.333333333333333,0.0,0.0,0.0,0.0,0.0,0.0,0.0,15.52107645670577,0.0,0.3773475295213067,completed,
HRF-0055,HRF-0055,2013-04-15,0.0,25.3342,55.41221,35.673806762695335,35.96857604980471,36.3043151855469,35.132974243164085,36.82542343139651,37.38504791259768,38.374604034423854,-1.7112411499023423,74.55555555555556,0.0,0.0,0.0,0.0,0.0,0.0,0.0,15.14508972167971,0.0008523463179699,1.4607117721243317,completed,
HRF-0055,HRF-0055,2013-04-29,0.0,25.3342,55.41221,28.57703552246096,26.80195007324221,25.56678161621096,28.623635864257835,36.82542343139651,37.38504791259768,38.374604034423854,-8.808012390136717,10.444444444444445,0.0,0.0,0.0,0.0,0.0,0.0,0.0,18.53989117940268,0.0008523463179699,1.169232535075471,completed,
HRF-0054,HRF-0054,2013-04-03,1.0,43.3169,45.6981,19.266259765625023,18.647973632812523,17.370477294921898,13.740457153320335,20.89348373413088,22.14830322265628,23.62049789428713,-2.8820434570312514,76.55555555555556,0.0,0.0,0.0,0.0,0.0,0.0,0.0,8.838441467285179,0.1449286937713623,0.9441796450945608,completed,
HRF-0054,HRF-0054,2013-04-10,0.0,43.3169,45.6981,14.050881958007835,20.2055603027344,30.435098266601585,24.77852783203128,20.89348373413088,22.14830322265628,23.62049789428713,-8.097421264648439,37.11111111111112,0.0,0.0,0.0,0.0,0.0,0.0,0.0,8.268556849161826,3.682867191514561,0.7218105742611084,completed,
HRF-0054,HRF-0054,2013-04-17,0.0,43.3169,45.6981,8.306848144531273,11.581948852539083,15.46894226074221,16.973382568359398,20.89348373413088,22.14830322265628,23.62049789428713,-13.841455078125,4.444444444444445,0.0,0.0,0.0,0.0,0.0,0.0,0.0,3.896376546223962,9.047234319695008,3.1364689621955124,completed,
HRF-0054,HRF-0054,2013-04-24,0.0,43.3169,45.6981,10.223428344726583,10.83106384277346,14.771966552734398,12.823052978515648,20.89348373413088,22.14830322265628,23.62049789428713,-11.924874877929687,10.888888888888888,0.0,0.0,0.0,0.0,0.0,0.0,0.0,2.62331352233889,13.801192477558288,3.4380950859631465,completed,
HRF-0056,HRF-0056,2013-11-04,1.0,6.454,3.392,28.99714050292971,29.045083618164085,28.764184570312523,27.928155517578148,30.18040466308596,30.411401367187523,30.789695739746115,-1.4142608642578125,34.88888888888889,0.0,0.0,0.0,0.0,0.0,0.0,0.0,24.58132705688479,1.193910837173462,2.411866727658806,completed,
HRF-0056,HRF-0056,2013-11-11,0.0,6.454,3.392,28.135278320312523,29.42194519042971,28.368081665039085,28.59662780761721,30.18040466308596,30.411401367187523,30.789695739746115,-2.276123046875,7.555555555555555,0.0,0.0,0.0,0.0,0.0,0.0,0.0,24.26279093424484,1.2601912021636963,3.038203487281111,completed,
HRF-0056,HRF-0056,2013-11-18,0.0,6.454,3.392,28.722528076171898,29.08558044433596,29.21827087402346,28.803323364257835,30.18040466308596,30.411401367187523,30.789695739746115,-1.688873291015625,21.88888888888889,0.0,0.0,0.0,0.0,0.0,0.0,0.0,24.330521519978845,2.5377273559570312,2.646614743381655,completed,
HRF-0056,HRF-0056,2013-11-25,0.0,6.454,3.392,28.10274658203128,28.87281188964846,27.699807739257835,28.664208984375023,30.18040466308596,30.411401367187523,30.789695739746115,-2.30865478515625,7.000000000000001,0.0,0.0,0.0,0.0,0.0,0.0,0.0,24.1299816131592,2.383399009659115,2.253766467420783,completed,
HRF-0058,HRF-0058,2013-12-15,1.0,23.11667,113.25,13.524438476562525,16.298425292968773,19.316094970703148,17.579080200195335,24.13249893188479,25.003802490234403,25.90941390991213,-11.47936401367188,5.376344086021505,0.0,0.0,0.0,0.0,0.0,0.0,0.0,10.352019246419276,47.38234281529685,4.6180431708847545,completed,
HRF-0058,HRF-0058,2013-12-01,0.0,23.11667,113.25,21.197183227539085,18.32367858886721,17.36499938964846,19.129541015625023,24.13249893188479,25.003802490234403,25.90941390991213,-3.8066192626953175,57.74193548387097,0.0,0.0,0.0,0.0,0.0,0.0,0.0,2.393453216552757,0.0,2.814484160422041,completed,
HRF-0058,HRF-0058,2013-12-08,0.0,23.11667,113.25,23.811212158203148,22.689477539062523,22.135598754882835,21.497644042968773,24.13249893188479,25.003802490234403,25.90941390991213,-1.192590332031255,81.29032258064515,0.0,0.0,0.0,0.0,0.0,0.0,0.0,11.50770975748702,0.0008523463179699,0.5272798213277313,completed,
HRF-0058,HRF-0058,2013-12-22,0.0,23.11667,113.25,14.641397094726583,14.999536132812525,14.626321411132835,13.839776611328148,24.13249893188479,25.003802490234403,25.90941390991213,-10.362405395507816,9.032258064516128,0.0,0.0,0.0,0.0,0.0,0.0,0.0,1.455449040730798,0.0017174697859445,3.080067260923615,completed,
HRF-0058,HRF-0058,2013-12-29,0.0,23.11667,113.25,14.684289550781273,13.499383544921898,14.707925415039083,16.905786132812523,24.13249893188479,25.003802490234403,25.90941390991213,-10.31951293945313,9.247311827956988,0.0,0.0,0.0,0.0,0.0,0.0,0.0,-1.4769195556640398,0.0,2.526326953616062,completed,
HRF-0059,HRF-0059,2014-01-05,1.0,40.7603,-73.9954,0.9807678222656476,-6.370306396484352,-5.099615478515602,-1.5412200927734148,9.060235595703146,10.565034484863304,13.387837219238293,-9.584266662597656,31.93548387096774,0.0,0.0,0.0,0.0,0.0,0.0,0.0,-8.860105260213174,0.4348605871200561,0.7521918544913981,completed,
HRF-0059,HRF-0059,2014-01-12,0.0,40.7603,-73.9954,12.549584960937525,12.68341979980471,2.7911010742187727,-0.3086761474609147,9.060235595703146,10.565034484863304,13.387837219238293,1.9845504760742188,93.5483870967742,0.0,0.0,0.0,0.0,0.0,0.0,0.0,2.018151219685876,2.636693968952386,3.944995886916222,completed,
HRF-0059,HRF-0059,2014-01-19,0.0,40.7603,-73.9954,2.1939331054687727,4.929528808593773,5.252770996093773,5.311807250976585,9.060235595703146,10.565034484863304,13.387837219238293,-8.371101379394531,41.612903225806456,0.0,0.0,0.0,0.0,0.0,0.0,0.0,-9.571044667561807,0.0492066143920055,3.400872761130153,completed,
HRF-0059,HRF-0059,2014-01-26,0.0,40.7603,-73.9954,-5.471655273437477,-3.9383911132812273,-8.325750732421852,-7.575018310546852,9.060235595703146,10.565034484863304,13.387837219238293,-16.03668975830078,5.806451612903226,0.0,0.0,0.0,0.0,0.0,0.0,0.0,-13.172549311319983,0.3099441528888746,3.172440761138997,completed,
HRF-0057,HRF-0057,2013-11-12,1.0,10.498,-66.9017,25.38977966308596,24.42530212402346,24.37195739746096,24.447167968750023,26.070511627197288,26.29187622070315,26.59373703002932,-0.9020965576171882,61.55555555555555,0.0,0.0,0.0,0.0,0.0,0.0,0.0,17.691297785441122,0.2022087574005127,1.4733029323568,completed,
HRF-0057,HRF-0057,2013-11-05,0.0,10.498,-66.9017,24.577508544921898,24.291543579101585,24.912377929687523,24.80646667480471,26.070511627197288,26.29187622070315,26.59373703002932,-1.7143676757812507,32.77777777777778,0.0,0.0,0.0,0.0,0.0,0.0,0.0,18.08003641764327,19.048142433064186,0.3333634709349777,completed,
HRF-0057,HRF-0057,2013-11-19,0.0,10.498,-66.9017,24.275689697265648,24.972192382812523,25.089501953125023,24.757104492187523,26.070511627197288,26.29187622070315,26.59373703002932,-2.0161865234375007,24.77777777777778,0.0,0.0,0.0,0.0,0.0,0.0,0.0,17.09549484252932,2.643376588821411,0.5842946377143141,completed,
HRF-0057,HRF-0057,2013-11-26,0.0,10.498,-66.9017,24.00220642089846,25.144692993164085,25.41144714355471,23.62561950683596,26.070511627197288,26.29187622070315,26.59373703002932,-2.289669799804688,20.33333333333333,0.0,0.0,0.0,0.0,0.0,0.0,0.0,18.115872319539392,3.064447641349944,1.8462795146801847,completed,
HRF-0061,HRF-0061,2014-03-15,1.0,40.7653,-73.9792,12.32239685058596,7.016397094726585,11.740045166015648,14.752282714843773,14.805615997314476,16.10951843261721,18.400212860107445,-3.7871215820312494,73.9784946236559,0.0,0.0,0.0,0.0,0.0,0.0,0.0,-1.5024233500162725,0.2506971359252929,4.07928086231356,completed,
HRF-0061,HRF-0061,2014-03-01,0.0,40.7653,-73.9792,2.08692321777346,-5.059637451171852,-0.5194915771484148,-1.5126556396484148,14.805615997314476,16.10951843261721,18.400212860107445,-14.02259521484375,7.741935483870968,0.0,0.0,0.0,0.0,0.0,0.0,0.0,-14.096922938028968,0.0001490116119384,0.8121636688481575,completed,
HRF-0061,HRF-0061,2014-03-08,0.0,40.7653,-73.9792,10.285394287109398,2.656655883789085,-1.7236541748046648,2.299981689453148,14.805615997314476,16.10951843261721,18.400212860107445,-5.824124145507813,59.67741935483871,0.0,0.0,0.0,0.0,0.0,0.0,0.0,-2.311876678466774,0.0024318694045177,2.0591066393137822,completed,
HRF-0061,HRF-0061,2014-03-22,0.0,40.7653,-73.9792,15.825952148437525,9.656030273437525,11.01508483886721,5.059655761718773,14.805615997314476,16.10951843261721,18.400212860107445,-0.2835662841796882,89.03225806451613,0.0,0.0,0.0,0.0,0.0,0.0,0.0,-0.5287040710448991,0.030201206921987,1.1816764696082471,completed,
HRF-0061,HRF-0061,2014-03-29,0.0,40.7653,-73.9792,11.392022705078148,14.843804931640648,5.702203369140648,2.9256530761718977,14.805615997314476,16.10951843261721,18.400212860107445,-4.717495727539063,68.70967741935485,0.0,0.0,0.0,0.0,0.0,0.0,0.0,6.048929468790732,12.549716234104835,1.2455908115897685,completed,
HRF-0060,HRF-0060,2014-03-14,1.0,40.71427,-74.00597,6.258584594726585,11.236138916015648,13.058923339843773,15.574945068359398,14.881643676757834,16.14246978759768,18.35078735351565,-9.883885192871094,29.354838709677416,0.0,0.0,0.0,0.0,0.0,0.0,0.0,-13.699341201782204,0.0008791683967501,2.6365651341786105,completed,
HRF-0060,HRF-0060,2014-03-07,0.0,40.71427,-74.00597,2.7644897460937727,-1.9482635498046648,2.139825439453148,-2.330603027343728,14.881643676757834,16.14246978759768,18.35078735351565,-13.377980041503909,9.56989247311828,0.0,0.0,0.0,0.0,0.0,0.0,0.0,-6.753809992472327,0.0464320182800293,2.707634629305783,completed,
HRF-0060,HRF-0060,2014-03-21,0.0,40.71427,-74.00597,10.066186523437525,11.27094421386721,5.553796386718773,4.254937744140648,14.881643676757834,16.14246978759768,18.35078735351565,-6.076283264160157,57.634408602150536,0.0,0.0,0.0,0.0,0.0,0.0,0.0,-5.103017552693643,0.0017062158121916,4.444278617228298,completed,
HRF-0060,HRF-0060,2014-03-28,0.0,40.71427,-74.00597,15.148492431640648,5.803765869140648,3.1151062011718977,3.74213562011721,14.881643676757834,16.14246978759768,18.35078735351565,-0.993977355957032,86.23655913978494,0.0,0.0,0.0,0.0,0.0,0.0,0.0,0.7627051035563568,0.6133854389531734,4.584628846945583,completed,
HRF-0062,HRF-0062,2014-07-18,1.0,19.07283,72.88261,27.91794738769533,28.084085083007835,26.507165527343773,26.55793151855471,28.743172454834006,28.995861816406272,29.30259017944338,-1.0779144287109368,57.74193548387097,0.0,0.0,0.0,0.0,0.0,0.0,0.0,24.68063062032064,13.477370142936708,7.519582435753811,completed,
HRF-0062,HRF-0062,2014-07-04,0.0,19.07283,72.88261,28.13440856933596,28.04718933105471,28.854516601562523,29.530847167968773,28.743172454834006,28.995861816406272,29.30259017944338,-0.8614532470703118,66.23655913978494,0.0,0.0,0.0,0.0,0.0,0.0,0.0,24.91585820515951,5.567063024273011,3.398634177740889,completed,
HRF-0062,HRF-0062,2014-07-11,0.0,19.07283,72.88261,27.232019042968773,27.244470214843773,27.4262634277344,28.98313293457033,28.743172454834006,28.995861816406272,29.30259017944338,-1.7638427734374993,31.93548387096774,0.0,0.0,0.0,0.0,0.0,0.0,0.0,24.55963478088381,76.37879252433777,6.333090511044364,completed,
HRF-0062,HRF-0062,2014-07-25,0.0,19.07283,72.88261,27.988885498046898,27.72522888183596,26.3762145996094,26.253030395507835,28.743172454834006,28.995861816406272,29.30259017944338,-1.0069763183593743,60.0,0.0,0.0,0.0,0.0,0.0,0.0,0.0,24.026369984944665,8.79152972169095,5.251036913090837,completed,
HRF-0063,HRF-0063,2014-09-21,1.0,56.03742,92.93136,7.090661621093773,8.222772216796898,13.169183349609398,20.499810791015648,18.92842941284182,20.42870788574221,22.52542724609377,-13.338046264648437,10.77777777777778,0.0,0.0,0.0,0.0,0.0,0.0,0.0,1.1441500345866302,3.3260992204304785,2.133016419556261,completed,
HRF-0063,HRF-0063,2014-09-07,0.0,56.03742,92.93136,16.108560180664085,12.684533691406273,9.67499694824221,13.946206665039083,18.92842941284182,20.42870788574221,22.52542724609377,-4.320147705078124,71.44444444444444,0.0,0.0,0.0,0.0,0.0,0.0,0.0,6.163889821370447,0.0004368918666841,1.576244677459531,completed,
HRF-0063,HRF-0063,2014-09-14,0.0,56.03742,92.93136,14.262734985351583,9.385095214843773,8.097390747070335,10.73938903808596,18.92842941284182,20.42870788574221,22.52542724609377,-6.165972900390624,58.88888888888889,0.0,0.0,0.0,0.0,0.0,0.0,0.0,4.648587163289392,0.009218253921972,3.083755714235324,completed,
HRF-0063,HRF-0063,2014-09-28,0.0,56.03742,92.93136,5.438287353515648,3.8443084716797102,3.87647399902346,11.888665771484398,18.92842941284182,20.42870788574221,22.52542724609377,-14.990420532226562,5.333333333333334,0.0,0.0,0.0,0.0,0.0,0.0,0.0,-7.283989334106423,0.0008583068833445,2.6922460286628835,completed,
HRF-0064,HRF-0064,2014-11-25,1.0,-37.814,144.96332,19.269464111328148,26.727105712890648,23.90168151855471,30.34981689453128,27.30753402709963,28.56439666748049,31.107782745361348,-9.294932556152345,43.333333333333336,0.0,0.0,0.0,0.0,0.0,0.0,0.0,8.011485036214196,0.0678191036058706,2.6617056247902413,completed,
HRF-0064,HRF-0064,2014-11-04,0.0,-37.814,144.96332,27.32322082519533,21.33313903808596,14.342248535156273,15.52955017089846,27.30753402709963,28.56439666748049,31.107782745361348,-1.2411758422851555,85.22222222222223,0.0,0.0,0.0,0.0,0.0,0.0,0.0,7.979391988118493,0.4585085563917346,2.6055959666286417,completed,
HRF-0064,HRF-0064,2014-11-11,0.0,-37.814,144.96332,17.212091064453148,18.07346496582033,17.841043090820335,32.65322265625002,27.30753402709963,28.56439666748049,31.107782745361348,-11.352305603027345,27.33333333333333,0.0,0.0,0.0,0.0,0.0,0.0,0.0,6.286361312866234,0.002143443452951,2.982670472366132,completed,
HRF-0064,HRF-0064,2014-11-18,0.0,-37.814,144.96332,17.419946289062523,17.590509033203148,16.425286865234398,17.687860107421898,27.30753402709963,28.56439666748049,31.107782745361348,-11.144450378417968,29.0,0.0,0.0,0.0,0.0,0.0,0.0,0.0,9.192430114746116,0.0053673981597057,1.2840248848010547,completed,
HRF-0065,HRF-0065,2014-12-28,1.0,29.5252,-98.5148,7.989495849609398,18.495233154296898,21.00165710449221,16.646325683593773,22.96255645751956,23.71851501464846,24.714539337158225,-15.729019165039062,2.795698924731183,0.0,0.0,0.0,0.0,0.0,0.0,0.0,0.4302097320556868,3.978943824677117,3.687441067259962,completed,
HRF-0065,HRF-0065,2014-12-07,0.0,29.5252,-98.5148,16.569238281250023,21.056985473632835,23.522729492187523,18.977166748046898,22.96255645751956,23.71851501464846,24.714539337158225,-7.1492767333984375,39.13978494623656,0.0,0.0,0.0,0.0,0.0,0.0,0.0,9.965207672119163,0.2833187579085461,2.836038402154675,completed,
HRF-0065,HRF-0065,2014-12-14,0.0,29.5252,-98.5148,23.297891235351585,21.475488281250023,21.308526611328148,19.564355468750023,22.96255645751956,23.71851501464846,24.714539337158225,-0.420623779296875,87.41935483870968,0.0,0.0,0.0,0.0,0.0,0.0,0.0,14.797652180989587,0.4271298646472132,3.865189654557908,completed,
HRF-0065,HRF-0065,2014-12-21,0.0,29.5252,-98.5148,14.818704223632835,14.77161560058596,16.475457763671898,19.24653015136721,22.96255645751956,23.71851501464846,24.714539337158225,-8.899810791015625,28.70967741935484,0.0,0.0,0.0,0.0,0.0,0.0,0.0,7.650757726033532,0.0945687293665287,1.487330739627661,completed,
HRF-0066,HRF-0066,2015-02-21,1.0,25.07725,55.30927,31.49997863769533,35.31006774902346,34.39296875000002,34.02614746093752,29.72282791137697,30.70702819824221,32.040959930419945,0.7929504394531257,93.04245283018868,1.0,1.0,1.0,1.0,1.0,0.0,1.0,8.475453313191736,0.1367270945706877,6.003630086962634,completed,
HRF-0066,HRF-0066,2015-02-07,0.0,25.07725,55.30927,25.09070739746096,24.421533203125023,28.97541198730471,29.184686279296898,29.72282791137697,30.70702819824221,32.040959930419945,-5.616320800781249,43.86792452830189,0.0,0.0,0.0,0.0,0.0,0.0,0.0,14.08475011189779,0.006436811702315,1.8126114464620884,completed,
HRF-0066,HRF-0066,2015-02-14,0.0,25.07725,55.30927,32.61536560058596,32.38814697265627,32.54818115234377,30.38327941894533,29.72282791137697,30.70702819824221,32.040959930419945,1.9083374023437507,96.22641509433964,1.0,1.0,1.0,1.0,0.0,1.0,1.0,10.87386538187667,0.0017225742112714,0.2155710448646038,completed,
HRF-0066,HRF-0066,2015-02-28,0.0,25.07725,55.30927,23.588433837890648,22.730081176757835,25.0295349121094,24.765222167968773,29.72282791137697,30.70702819824221,32.040959930419945,-7.118594360351562,25.117924528301888,0.0,0.0,0.0,0.0,0.0,0.0,0.0,4.920682525634788,0.000862203876295,2.937797320532213,completed,
HRF-0067,HRF-0067,2015-03-10,1.0,-6.21462,106.84513,28.7387634277344,28.68311462402346,26.625909423828148,28.29952392578128,30.154090118408227,30.343382263183617,30.65554199218752,-1.6046188354492197,25.806451612903224,0.0,0.0,0.0,0.0,0.0,0.0,0.0,22.6279401143392,5.366373062031471,2.298675961341411,completed,
HRF-0067,HRF-0067,2015-03-03,0.0,-6.21462,106.84513,28.53296813964846,27.76729736328128,29.035073852539085,28.504785156250023,30.154090118408227,30.343382263183617,30.65554199218752,-1.810414123535157,18.817204301075268,0.0,0.0,0.0,0.0,0.0,0.0,0.0,23.0230486551921,12.185680866139135,2.2868751071074405,completed,
HRF-0067,HRF-0067,2015-03-17,0.0,-6.21462,106.84513,30.56305847167971,29.81806335449221,28.887780761718773,28.127587890625023,30.154090118408227,30.343382263183617,30.65554199218752,0.219676208496093,94.40860215053765,0.0,0.0,0.0,0.0,0.0,0.0,0.0,23.621393458048544,3.625858486486777,0.2945832507717303,completed,
HRF-0067,HRF-0067,2015-03-24,0.0,-6.21462,106.84513,28.563745117187523,29.76398620605471,29.047387695312523,28.998437500000023,30.154090118408227,30.343382263183617,30.65554199218752,-1.7796371459960945,19.892473118279568,0.0,0.0,0.0,0.0,0.0,0.0,0.0,23.640001551310263,11.882889270680153,0.6980920284779262,completed,
HRF-0067,HRF-0067,2015-03-31,0.0,-6.21462,106.84513,30.36506042480471,30.05939636230471,29.35030517578128,29.167291259765648,30.154090118408227,30.343382263183617,30.65554199218752,0.021678161621093,90.43010752688171,0.0,0.0,0.0,0.0,0.0,0.0,0.0,23.78651135762533,3.57370674601043,0.9337264854943392,completed,
HRF-0068,HRF-0068,2015-03-17,1.0,48.88341,2.23894,16.17078552246096,12.421289062500025,7.526773071289085,9.637780761718773,15.28411788940432,16.237490844726587,17.71960144042971,-0.0667053222656264,89.46236559139786,0.0,0.0,0.0,0.0,0.0,0.0,0.0,3.5105536142985443,0.0017172702087009,1.0384883828939906,completed,
HRF-0068,HRF-0068,2015-03-03,0.0,48.88341,2.23894,9.796411132812525,9.310723876953148,11.172143554687525,8.368127441406273,15.28411788940432,16.237490844726587,17.71960144042971,-6.441079711914064,30.967741935483872,0.0,0.0,0.0,0.0,0.0,0.0,0.0,1.5998715718587275,1.6421258448531262,3.5517457431431003,completed,
HRF-0068,HRF-0068,2015-03-10,0.0,48.88341,2.23894,11.110559082031273,13.222924804687525,15.856469726562525,14.804849243164083,15.28411788940432,16.237490844726587,17.71960144042971,-5.126931762695314,45.80645161290322,0.0,0.0,0.0,0.0,0.0,0.0,0.0,6.6750592549641965,1.1442482470442883,1.3830337810134363,completed,
HRF-0068,HRF-0068,2015-03-24,0.0,48.88341,2.23894,8.65070495605471,11.988519287109398,9.904458618164083,9.330361938476583,15.28411788940432,16.237490844726587,17.71960144042971,-7.586785888671876,20.43010752688172,0.0,0.0,0.0,0.0,0.0,0.0,0.0,2.792263921101892,6.691488623516761,1.8017855823400628,completed,
HRF-0068,HRF-0068,2015-03-31,0.0,48.88341,2.23894,12.073846435546898,11.610147094726583,12.693627929687525,13.723962402343773,15.28411788940432,16.237490844726587,17.71960144042971,-4.163644409179689,56.02150537634408,0.0,0.0,0.0,0.0,0.0,0.0,0.0,4.7594931284587005,0.8959233759924246,7.602564063356008,completed,
HRF-0070,HRF-0070,2015-05-19,1.0,40.37767,49.89201,22.825372314453148,19.02466735839846,19.40570983886721,21.741845703125023,23.626546478271507,24.400869750976582,25.494410705566427,-1.5754974365234382,77.95698924731182,0.0,0.0,0.0,0.0,0.0,0.0,0.0,14.80862706502279,0.0025814364335019,0.953179955833286,completed,
HRF-0070,HRF-0070,2015-05-05,0.0,40.37767,49.89201,16.201135253906273,17.79529724121096,16.72327575683596,19.267449951171898,23.626546478271507,24.400869750976582,25.494410705566427,-8.199734497070313,13.763440860215054,0.0,0.0,0.0,0.0,0.0,0.0,0.0,10.99996401468917,3.875523805618286,8.35016507836318,completed,
HRF-0070,HRF-0070,2015-05-12,0.0,40.37767,49.89201,17.51447448730471,15.954751586914083,16.035852050781273,18.12458190917971,23.626546478271507,24.400869750976582,25.494410705566427,-6.886395263671876,22.795698924731184,0.0,0.0,0.0,0.0,0.0,0.0,0.0,12.776441828409872,0.7104277610778809,3.823097135055086,completed,
HRF-0070,HRF-0070,2015-05-26,0.0,40.37767,49.89201,25.13620910644533,23.1481872558594,22.769692993164085,21.021508789062523,23.626546478271507,24.400869750976582,25.494410705566427,0.7353393554687493,93.11827956989248,0.0,0.0,0.0,0.0,0.0,0.0,0.0,14.979493713378927,0.1341849565505981,3.5608962942711155,completed,
HRF-0069,HRF-0069,2015-04-15,1.0,6.448,3.397,30.049645996093773,29.99337158203128,29.733087158203148,28.898095703125023,30.65001678466799,30.92349395751956,31.254541015625023,-0.8738479614257812,60.44444444444444,0.0,0.0,0.0,0.0,0.0,0.0,0.0,25.068790054321312,0.8110880850722424,4.905701776070619,completed,
HRF-0069,HRF-0069,2015-04-01,0.0,6.448,3.397,27.600610351562523,27.546289062500023,28.32370910644533,28.706719970703148,30.65001678466799,30.92349395751956,31.254541015625023,-3.3228836059570312,0.7777777777777778,0.0,0.0,0.0,0.0,0.0,0.0,0.0,24.00105247497561,0.9818978156772572,2.046479809504517,completed,
HRF-0069,HRF-0069,2015-04-08,0.0,6.448,3.397,29.79328308105471,29.775811767578148,29.957330322265648,29.37056884765628,30.65001678466799,30.92349395751956,31.254541015625023,-1.1302108764648438,47.333333333333336,0.0,0.0,0.0,0.0,0.0,0.0,0.0,24.496751403808616,0.9745975287955844,3.5049271869354697,completed,
HRF-0069,HRF-0069,2015-04-22,0.0,6.448,3.397,30.961114501953148,30.38001403808596,30.63228759765628,30.364770507812523,30.65001678466799,30.92349395751956,31.254541015625023,0.0376205444335937,90.88888888888889,0.0,0.0,0.0,0.0,0.0,0.0,0.0,24.81786181132003,3.174880146843861,4.415766082885464,completed,
HRF-0069,HRF-0069,2015-04-29,0.0,6.448,3.397,29.480828857421898,31.020562744140648,30.420678710937523,30.191949462890648,30.65001678466799,30.92349395751956,31.254541015625023,-1.4426651000976562,32.77777777777778,0.0,0.0,0.0,0.0,0.0,0.0,0.0,24.75899785359701,2.641013264565117,4.575197825458642,completed,
HRF-0072,HRF-0072,2015-10-01,1.0,25.3342,55.41221,37.18857727050784,38.42319641113284,39.83338317871096,36.96338806152346,37.39162826538088,37.79840087890627,38.39085617065432,-0.6098236083984361,82.15053763440861,0.0,0.0,0.0,0.0,0.0,0.0,0.0,18.98120524088546,0.0,0.7628649221197231,completed,
HRF-0072,HRF-0072,2015-10-08,0.0,25.3342,55.41221,39.1374450683594,39.49068603515627,39.41733703613284,37.48464355468752,37.39162826538088,37.79840087890627,38.39085617065432,1.3390441894531264,98.06451612903226,1.0,1.0,1.0,1.0,0.0,1.0,1.0,20.556711451212607,0.0004261732051702,1.4460550242656949,completed,
HRF-0072,HRF-0072,2015-10-15,0.0,25.3342,55.41221,35.988931274414085,37.192788696289085,35.570046997070335,36.679971313476585,37.39162826538088,37.79840087890627,38.39085617065432,-1.809469604492186,62.903225806451616,0.0,0.0,0.0,0.0,0.0,0.0,0.0,21.235643641154013,0.0396609306285711,3.456415621752297,completed,
HRF-0072,HRF-0072,2015-10-22,0.0,25.3342,55.41221,36.7161804199219,36.81716308593752,34.62622985839846,35.306008911132835,37.39162826538088,37.79840087890627,38.39085617065432,-1.0822204589843736,75.80645161290323,0.0,0.0,0.0,0.0,0.0,0.0,0.0,19.890025075276696,0.0004351138045421,2.138495163920011,completed,
HRF-0072,HRF-0072,2015-10-29,0.0,25.3342,55.41221,34.53186950683596,35.923440551757835,35.46418151855471,36.23623046875002,37.39162826538088,37.79840087890627,38.39085617065432,-3.266531372070311,30.967741935483872,0.0,0.0,0.0,0.0,0.0,0.0,0.0,16.697316106160486,0.0004351138045421,3.784799615058669,completed,
HRF-0071,HRF-0071,2015-07-25,1.0,36.1099,-115.1745,37.67670593261721,37.031045532226585,36.8065124511719,36.96949157714846,41.95290527343752,42.48858184814456,43.394257354736354,-4.811875915527345,23.118279569892472,0.0,0.0,0.0,0.0,0.0,0.0,0.0,2.051070785522484,0.0008523463748133,2.0830672639305328,completed,
HRF-0071,HRF-0071,2015-07-04,0.0,36.1099,-115.1745,40.80428466796877,41.13578186035159,41.20624694824221,41.39754638671877,41.95290527343752,42.48858184814456,43.394257354736354,-1.684297180175783,70.0,0.0,0.0,0.0,0.0,0.0,0.0,0.0,5.439652379353845,0.0005543231509363,2.0908642418561065,completed,
HRF-0071,HRF-0071,2015-07-11,0.0,36.1099,-115.1745,34.797952270507835,33.13225708007815,36.95330200195315,37.38747558593752,41.95290527343752,42.48858184814456,43.394257354736354,-7.69062957763672,5.161290322580645,0.0,0.0,0.0,0.0,0.0,0.0,0.0,4.564722951253259,0.0025868415605145,2.1235195396566646,completed,
HRF-0071,HRF-0071,2015-07-18,0.0,36.1099,-115.1745,38.527017211914085,39.11853942871096,39.13233337402346,38.26345214843752,41.95290527343752,42.48858184814456,43.394257354736354,-3.96156463623047,33.33333333333333,0.0,0.0,0.0,0.0,0.0,0.0,0.0,10.891791915893576,0.6992846726916468,4.021510202784352,completed,
HRF-0074,HRF-0074,2015-12-08,1.0,6.449,3.398,30.68164978027346,31.047265625000023,30.58931884765628,29.96705017089846,30.69451141357424,30.84076080322268,31.11574935913088,-0.1591110229492187,84.6236559139785,0.0,0.0,0.0,0.0,0.0,0.0,0.0,18.266920344034872,0.0008523463179699,0.3566587560127924,completed,
HRF-0074,HRF-0074,2015-12-01,0.0,6.449,3.398,29.91156921386721,30.19434509277346,28.96973571777346,29.705194091796898,30.69451141357424,30.84076080322268,31.11574935913088,-0.9291915893554688,54.08602150537634,0.0,0.0,0.0,0.0,0.0,0.0,0.0,24.70221735636397,1.478433609008789,3.016696454625329,completed,
HRF-0074,HRF-0074,2015-12-15,0.0,6.449,3.398,31.044213867187523,30.412866210937523,30.35169372558596,30.457391357421898,30.69451141357424,30.84076080322268,31.11574935913088,0.2034530639648437,93.33333333333331,0.0,0.0,0.0,0.0,0.0,0.0,0.0,16.858937199910486,0.0008523463179699,0.5146806634082374,completed,
HRF-0074,HRF-0074,2015-12-22,0.0,6.449,3.398,31.301385498046898,31.10505065917971,31.066690063476585,31.152383422851585,30.69451141357424,30.84076080322268,31.11574935913088,0.4606246948242187,97.09677419354838,1.0,1.0,1.0,1.0,1.0,0.0,1.0,17.528142547607445,0.0004154368866693,0.604040814854313,completed,
HRF-0074,HRF-0074,2015-12-29,0.0,6.449,3.398,30.078713989257835,30.51850280761721,30.476708984375023,30.30658874511721,30.69451141357424,30.84076080322268,31.11574935913088,-0.7620468139648438,60.43010752688171,0.0,0.0,0.0,0.0,0.0,0.0,0.0,21.60168546040853,0.0004351138045421,1.9380029392153697,completed,
HRF-0073,HRF-0073,2015-11-21,1.0,41.8988,-87.623,4.589440917968773,5.37122497558596,12.217279052734398,15.096337890625025,13.986391448974633,14.973054504394554,16.432388305664084,-10.38361358642578,22.444444444444443,0.0,0.0,0.0,0.0,0.0,0.0,0.0,-1.461185201009073,22.066369651838613,4.521314964825502,completed,
HRF-0073,HRF-0073,2015-11-07,0.0,41.8988,-87.623,10.70050964355471,17.25440368652346,18.626260375976585,19.327066040039085,13.986391448974633,14.973054504394554,16.432388305664084,-4.272544860839844,66.88888888888889,0.0,0.0,0.0,0.0,0.0,0.0,0.0,1.7276734670003293,0.0935494899749755,5.645639541224314,completed,
HRF-0073,HRF-0073,2015-11-14,0.0,41.8988,-87.623,12.213479614257835,9.139642333984398,14.091592407226583,15.652520751953148,13.986391448974633,14.973054504394554,16.432388305664084,-2.7595748901367188,75.55555555555556,0.0,0.0,0.0,0.0,0.0,0.0,0.0,-1.3233010609944245,0.0017166162820103,3.573192528644624,completed,
HRF-0073,HRF-0073,2015-11-28,0.0,41.8988,-87.623,3.6723571777343977,13.38733825683596,14.256494140625025,9.58155212402346,13.986391448974633,14.973054504394554,16.432388305664084,-11.300697326660156,17.555555555555554,0.0,0.0,0.0,0.0,0.0,0.0,0.0,-1.1074095408121707,0.4638448476157464,7.105790046639274,completed,
HRF-0076,HRF-0076,2016-01-12,1.0,48.85341,2.3488,7.09058532714846,8.085870361328148,8.609185791015648,10.30298767089846,10.831781005859398,11.519348144531271,12.427801513671897,-4.428762817382813,48.064516129032256,0.0,0.0,0.0,0.0,0.0,0.0,0.0,2.785800552368187,1.527056097984314,5.759749672104191,completed,
HRF-0076,HRF-0076,2016-01-05,0.0,48.85341,2.3488,9.12476501464846,9.359353637695335,8.323571777343773,10.77283630371096,10.831781005859398,11.519348144531271,12.427801513671897,-2.394583129882813,68.70967741935485,0.0,0.0,0.0,0.0,0.0,0.0,0.0,4.792349751790368,2.4661183355192406,4.6725719087095365,completed,
HRF-0076,HRF-0076,2016-01-19,0.0,48.85341,2.3488,1.1236663818359602,1.2669769287109602,2.5988250732422102,5.474404907226585,10.831781005859398,11.519348144531271,12.427801513671897,-10.395681762695313,6.451612903225806,0.0,0.0,0.0,0.0,0.0,0.0,0.0,-4.995520655314124,0.0029504299163818,1.61024388349319,completed,
HRF-0076,HRF-0076,2016-01-26,0.0,48.85341,2.3488,10.581033325195335,13.001031494140648,10.353723144531273,5.857339477539085,10.831781005859398,11.519348144531271,12.427801513671897,-0.938314819335938,82.36559139784946,0.0,0.0,0.0,0.0,0.0,0.0,0.0,6.756668345133505,0.254009689342638,4.450881166804062,completed,
HRF-0075,HRF-0075,2015-12-31,1.0,25.07725,55.30927,27.51654968261721,24.33298645019533,23.442803955078148,23.32282409667971,29.01181564331057,29.59504547119143,30.219786071777364,-2.0784957885742195,68.38709677419355,0.0,0.0,0.0,0.0,0.0,0.0,0.0,11.537889734904011,0.0,2.044015103714296,completed,
HRF-0075,HRF-0075,2015-12-03,0.0,25.07725,55.30927,28.523339843750023,30.116510009765648,30.025018310546898,29.029885864257835,29.01181564331057,29.59504547119143,30.219786071777364,-1.071705627441407,79.78494623655914,0.0,0.0,0.0,0.0,0.0,0.0,0.0,16.86284217834475,0.0,1.568201810500633,completed,
HRF-0075,HRF-0075,2015-12-10,0.0,25.07725,55.30927,25.45111999511721,24.35926208496096,21.88228759765628,24.05133972167971,29.01181564331057,29.59504547119143,30.219786071777364,-4.14392547607422,36.45161290322581,0.0,0.0,0.0,0.0,0.0,0.0,0.0,6.2509113311767805,0.0008523463748133,2.97943594196125,completed,
HRF-0075,HRF-0075,2015-12-17,0.0,25.07725,55.30927,24.93283996582033,23.319635009765648,26.330422973632835,27.75879821777346,29.01181564331057,29.59504547119143,30.219786071777364,-4.662205505371095,28.49462365591398,0.0,0.0,0.0,0.0,0.0,0.0,0.0,9.494963582356776,-8.864333267410984e-06,1.814639676136152,completed,
HRF-0075,HRF-0075,2015-12-24,0.0,25.07725,55.30927,28.693261718750023,27.934976196289085,24.89582214355471,25.72272644042971,29.01181564331057,29.59504547119143,30.219786071777364,-0.901783752441407,81.72043010752688,0.0,0.0,0.0,0.0,0.0,0.0,0.0,14.212641652425134,0.0008523463179699,3.1143964817178964,completed,
HRF-0077,HRF-0077,2016-01-13,1.0,48.93564,2.35387,7.273904418945335,7.16480407714846,8.085870361328148,8.708795166015648,10.808142852783226,11.539648437500023,12.440515899658225,-4.265744018554688,49.89247311827957,0.0,0.0,0.0,0.0,0.0,0.0,0.0,1.2862538655598996,0.523178187791018,3.814358641247408,completed,
HRF-0077,HRF-0077,2016-01-06,0.0,48.93564,2.35387,9.074212646484398,9.07593688964846,9.349588012695335,8.368493652343773,10.808142852783226,11.539648437500023,12.440515899658225,-2.4654357910156257,67.95698924731182,0.0,0.0,0.0,0.0,0.0,0.0,0.0,5.671723937988304,1.448518037705071,2.8657151060726145,completed,
HRF-0077,HRF-0077,2016-01-20,0.0,48.93564,2.35387,1.845880126953148,1.2193695068359602,1.2474456787109602,2.7863250732422102,10.808142852783226,11.539648437500023,12.440515899658225,-9.693768310546876,9.247311827956988,0.0,0.0,0.0,0.0,0.0,0.0,0.0,-4.221336746215798,0.0043511390686035,0.9244512875912392,completed,
HRF-0077,HRF-0077,2016-01-27,0.0,48.93564,2.35387,11.539407348632835,10.641580200195335,12.913140869140648,10.230676269531273,10.808142852783226,11.539648437500023,12.440515899658225,-0.0002410888671882,90.0,0.0,0.0,0.0,0.0,0.0,0.0,0.0,6.850350316365564,4.10947140397866,6.20724084068413,completed,
HRF-0079,HRF-0079,2016-05-03,1.0,32.06167,118.77778,24.03292236328128,23.66443786621096,28.738671875000023,27.279626464843773,29.52793960571292,30.34577484130861,31.543936157226582,-6.312852478027345,31.827956989247312,0.0,0.0,0.0,0.0,0.0,0.0,0.0,9.528922017415368,0.0,3.284965643207343,completed,
HRF-0079,HRF-0079,2016-05-10,0.0,32.06167,118.77778,20.946130371093773,20.660668945312523,14.845010375976583,20.32444152832033,29.52793960571292,30.34577484130861,31.543936157226582,-9.399644470214843,12.258064516129032,0.0,0.0,0.0,0.0,0.0,0.0,0.0,11.72617429097494,0.0,0.9522058624712652,completed,
HRF-0079,HRF-0079,2016-05-17,0.0,32.06167,118.77778,23.976220703125023,23.66285095214846,15.289208984375025,27.023858642578148,29.52793960571292,30.34577484130861,31.543936157226582,-6.369554138183595,31.290322580645164,0.0,0.0,0.0,0.0,0.0,0.0,0.0,9.103362655639671,0.0008523463748133,3.379344360451736,completed,
HRF-0079,HRF-0079,2016-05-24,0.0,32.06167,118.77778,25.56739196777346,22.919961547851585,20.6379333496094,18.2558532714844,29.52793960571292,30.34577484130861,31.543936157226582,-4.778382873535158,47.31182795698925,0.0,0.0,0.0,0.0,0.0,0.0,0.0,16.089593505859398,0.0017646175365371,1.7752196552274817,completed,
HRF-0079,HRF-0079,2016-05-31,0.0,32.06167,118.77778,27.426309204101585,25.795083618164085,23.329400634765648,22.434869384765648,29.52793960571292,30.34577484130861,31.543936157226582,-2.9194656372070327,67.31182795698925,0.0,0.0,0.0,0.0,0.0,0.0,0.0,22.64981613159182,43.36850643147727,1.5637232577191695,completed,
HRF-0078,HRF-0078,2016-03-28,1.0,25.40177,55.47878,33.933511352539085,31.95905456542971,30.447854614257835,26.455682373046898,31.50127792358401,32.52717895507815,34.06184082031252,1.406332397460936,94.6236559139785,0.0,0.0,0.0,0.0,0.0,0.0,0.0,12.195753987630212,0.0,2.1471301385248056,completed,
HRF-0078,HRF-0078,2016-03-07,0.0,25.40177,55.47878,28.69162902832033,28.7807556152344,28.21042785644533,28.512597656250023,31.50127792358401,32.52717895507815,34.06184082031252,-3.835549926757814,62.688172043010745,0.0,0.0,0.0,0.0,0.0,0.0,0.0,17.02587471008303,0.0768899917602539,1.2470601323379733,completed,
HRF-0078,HRF-0078,2016-03-14,0.0,25.40177,55.47878,27.19129333496096,27.68720397949221,26.368814086914085,24.71363220214846,31.50127792358401,32.52717895507815,34.06184082031252,-5.335885620117189,47.74193548387097,0.0,0.0,0.0,0.0,0.0,0.0,0.0,16.770101801554404,0.7576584815929266,2.55038206561978,completed,
HRF-0078,HRF-0078,2016-03-21,0.0,25.40177,55.47878,29.70186767578128,26.797387695312523,26.74012145996096,26.583367919921898,31.50127792358401,32.52717895507815,34.06184082031252,-2.8253112792968764,72.04301075268818,0.0,0.0,0.0,0.0,0.0,0.0,0.0,13.747321701049827,0.2174079418182373,0.9311595293104388,completed,
HRF-0080,HRF-0080,2016-06-01,1.0,48.8646,2.3984,19.976892089843773,16.23267517089846,14.510842895507835,18.129174804687523,26.13461990356448,27.410081481933616,29.18932037353517,-7.433189392089844,38.0,0.0,0.0,0.0,0.0,0.0,0.0,0.0,13.804479853312216,2.311813831283871,2.6092288737708884,completed,
HRF-0080,HRF-0080,2016-06-08,0.0,48.8646,2.3984,23.12325439453128,24.9350524902344,23.634667968750023,21.205606079101585,26.13461990356448,27.410081481933616,29.18932037353517,-4.286827087402344,67.77777777777779,0.0,0.0,0.0,0.0,0.0,0.0,0.0,15.042300160725915,0.5313903093338013,2.543328212874857,completed,
HRF-0080,HRF-0080,2016-06-15,0.0,48.8646,2.3984,18.833673095703148,18.68918762207033,17.404687500000023,18.028375244140648,26.13461990356448,27.410081481933616,29.18932037353517,-8.576408386230469,27.111111111111114,0.0,0.0,0.0,0.0,0.0,0.0,0.0,11.961885070800804,9.954810142403405,1.8980064941649448,completed,
HRF-0080,HRF-0080,2016-06-22,0.0,48.8646,2.3984,27.534844970703148,21.5331970214844,15.88959655761721,19.535562133789085,26.13461990356448,27.410081481933616,29.18932037353517,0.1247634887695312,90.55555555555556,0.0,0.0,0.0,0.0,0.0,0.0,0.0,18.57722180684408,0.7251828907897107,2.0311077756326807,completed,
HRF-0080,HRF-0080,2016-06-29,0.0,48.8646,2.3984,21.431329345703148,20.218377685546898,19.883096313476585,19.14960632324221,26.13461990356448,27.410081481933616,29.18932037353517,-5.978752136230469,52.55555555555556,0.0,0.0,0.0,0.0,0.0,0.0,0.0,11.291902160644554,0.0031644306091038,3.2467593344074515,completed,
HRF-0081,HRF-0081,2016-07-20,1.0,25.07725,55.30927,43.33489379882815,43.834939575195335,44.3826843261719,45.90973815917971,44.85742950439455,45.24094238281252,45.743535614013695,-1.906048583984372,59.78494623655914,0.0,0.0,0.0,0.0,0.0,0.0,0.0,21.00875562032064,0.0004410743699168,1.5794331918117752,completed,
HRF-0081,HRF-0081,2016-07-06,0.0,25.07725,55.30927,41.537393188476585,43.75757751464846,44.85842285156252,44.07241210937502,44.85742950439455,45.24094238281252,45.743535614013695,-3.703549194335935,30.53763440860215,0.0,0.0,0.0,0.0,0.0,0.0,0.0,25.86210149129232,0.0008583068797918,2.5406225329029515,completed,
HRF-0081,HRF-0081,2016-07-13,0.0,25.07725,55.30927,42.33826599121096,42.32537231445315,43.85036621093752,42.64821777343752,44.85742950439455,45.24094238281252,45.743535614013695,-2.90267639160156,44.3010752688172,0.0,0.0,0.0,0.0,0.0,0.0,0.0,24.26006660461428,2.405289478701889e-05,1.6422537480625752,completed,
HRF-0081,HRF-0081,2016-07-27,0.0,25.07725,55.30927,42.11733398437502,42.9049011230469,43.66840515136721,45.24146423339846,44.85742950439455,45.24094238281252,45.743535614013695,-3.123608398437497,40.64516129032258,0.0,0.0,0.0,0.0,0.0,0.0,0.0,22.49322408040365,0.0,5.2078066575726325,completed,
HRF-0082,HRF-0082,2016-08-19,1.0,51.5053,-0.2269,18.993951416015648,22.726434326171898,23.411477661132835,21.508203125000023,23.936079406738305,25.33419189453128,27.564953613281272,-6.340240478515625,20.967741935483872,0.0,0.0,0.0,0.0,0.0,0.0,0.0,15.25053749084475,2.787628769869599,3.4112051635819163,completed,
HRF-0082,HRF-0082,2016-08-05,0.0,51.5053,-0.2269,22.26136169433596,20.69800720214846,21.64180908203128,19.75812683105471,23.936079406738305,25.33419189453128,27.564953613281272,-3.0728302001953125,71.3978494623656,0.0,0.0,0.0,0.0,0.0,0.0,0.0,12.312932586669945,0.2478539942671886,2.799342092982485,completed,
HRF-0082,HRF-0082,2016-08-12,0.0,51.5053,-0.2269,24.01325378417971,19.926309204101585,18.10187683105471,18.48206481933596,23.936079406738305,25.33419189453128,27.564953613281272,-1.3209381103515625,85.59139784946237,0.0,0.0,0.0,0.0,0.0,0.0,0.0,13.54327290852865,0.0048100948220053,3.843925215964041,completed,
HRF-0082,HRF-0082,2016-08-26,0.0,51.5053,-0.2269,24.31141052246096,28.16126403808596,29.423852539062523,27.569238281250023,23.936079406738305,25.33419189453128,27.564953613281272,-1.0227813720703125,86.7741935483871,0.0,0.0,0.0,0.0,0.0,0.0,0.0,13.660885111490929,0.3338212995203093,1.9131767908230977,completed,
HRF-0083,HRF-0083,2016-11-09,1.0,-6.21462,106.84513,28.849649047851585,29.788385009765648,30.705911254882835,31.107354736328148,31.554411315917992,31.895030212402368,32.304743957519555,-3.0453811645507827,19.88888888888889,0.0,0.0,0.0,0.0,0.0,0.0,0.0,23.70326957702639,14.266583323433224,0.2595601932642307,completed,
HRF-0083,HRF-0083,2016-11-02,0.0,-6.21462,106.84513,29.326226806640648,30.4562927246094,30.4223571777344,29.284539794921898,31.554411315917992,31.895030212402368,32.304743957519555,-2.56880340576172,32.44444444444444,0.0,0.0,0.0,0.0,0.0,0.0,0.0,23.54956715901693,7.416182756418976,1.3279672003495806,completed,
HRF-0083,HRF-0083,2016-11-16,0.0,-6.21462,106.84513,30.396539306640648,29.274713134765648,29.084375000000023,29.8923278808594,31.554411315917992,31.895030212402368,32.304743957519555,-1.4984909057617202,63.0,0.0,0.0,0.0,0.0,0.0,0.0,0.0,23.198042170206747,8.228915344261623,0.2201113857832967,completed,
HRF-0083,HRF-0083,2016-11-23,0.0,-6.21462,106.84513,30.3083435058594,30.96799621582033,29.2753845214844,29.7158142089844,31.554411315917992,31.895030212402368,32.304743957519555,-1.5866867065429702,60.0,0.0,0.0,0.0,0.0,0.0,0.0,0.0,23.619970575968463,4.195320606413588,0.3977336167102791,completed,
HRF-0083,HRF-0083,2016-11-30,0.0,-6.21462,106.84513,29.585305786132835,29.314614868164085,28.333291625976585,30.087426757812523,31.554411315917992,31.895030212402368,32.304743957519555,-2.3097244262695327,38.88888888888889,0.0,0.0,0.0,0.0,0.0,0.0,0.0,23.53434778849288,1.4831125735668138,0.6788039457372881,completed,
HRF-0085,HRF-0085,2016-12-13,1.0,25.07725,55.30927,25.299249267578148,24.38446960449221,23.7077575683594,24.59981689453128,29.01181564331057,29.59504547119143,30.219786071777364,-4.295796203613282,34.30107526881721,0.0,0.0,0.0,0.0,0.0,0.0,0.0,10.97997627258303,7.785274647176266e-07,1.2161148773517334,completed,
HRF-0085,HRF-0085,2016-12-06,0.0,25.07725,55.30927,30.665139770507835,33.3956237792969,32.0375915527344,32.11504516601565,29.01181564331057,29.59504547119143,30.219786071777364,1.0700942993164055,96.66666666666669,1.0,1.0,1.0,1.0,1.0,1.0,1.0,17.171055730183923,0.0012844800494349,0.7146475123143642,completed,
HRF-0085,HRF-0085,2016-12-20,0.0,25.07725,55.30927,26.7170349121094,25.9182067871094,26.450708007812523,25.138116455078148,29.01181564331057,29.59504547119143,30.219786071777364,-2.878010559082032,56.02150537634408,0.0,0.0,0.0,0.0,0.0,0.0,0.0,13.280095036824548,0.0,0.2804774144581372,completed,
HRF-0085,HRF-0085,2016-12-27,0.0,25.07725,55.30927,29.373071289062523,29.56690368652346,30.856301879882835,30.430078125000023,29.01181564331057,29.59504547119143,30.219786071777364,-0.2219741821289069,88.49462365591397,0.0,0.0,0.0,0.0,0.0,0.0,0.0,15.633053716023769,0.0012874602361989,1.3041308891482684,completed,
HRF-0084,HRF-0084,2016-12-01,1.0,25.3342,55.41221,29.263574218750023,28.6923767089844,28.319436645507835,28.367593383789085,28.186060333251977,28.68259582519533,29.44712295532229,0.5809783935546875,93.76344086021506,0.0,0.0,0.0,0.0,0.0,0.0,0.0,18.695002492268884,0.0004291534310141,0.8814426717792406,completed,
HRF-0084,HRF-0084,2016-12-08,0.0,25.3342,55.41221,27.604058837890648,26.96238098144533,30.25452575683596,31.876092529296898,28.186060333251977,28.68259582519533,29.44712295532229,-1.0785369873046875,78.70967741935485,0.0,0.0,0.0,0.0,0.0,0.0,0.0,19.810879007975306,0.0444786241473593,3.502137088175099,completed,
HRF-0084,HRF-0084,2016-12-15,0.0,25.3342,55.41221,26.963540649414085,24.79978332519533,24.953546142578148,24.23603210449221,28.186060333251977,28.68259582519533,29.44712295532229,-1.71905517578125,69.56989247311827,0.0,0.0,0.0,0.0,0.0,0.0,0.0,13.478863016764365,0.0008583068797918,0.2748238109405479,completed,
HRF-0084,HRF-0084,2016-12-22,0.0,25.3342,55.41221,26.31470642089846,26.095391845703148,25.9572692871094,25.6310974121094,28.186060333251977,28.68259582519533,29.44712295532229,-2.367889404296875,59.78494623655914,0.0,0.0,0.0,0.0,0.0,0.0,0.0,17.47117640177413,0.0004351138045421,1.3737063579758186,completed,
HRF-0084,HRF-0084,2016-12-29,0.0,25.3342,55.41221,26.463922119140648,26.371636962890648,27.734399414062523,28.49463806152346,28.186060333251977,28.68259582519533,29.44712295532229,-2.2186737060546875,62.473118279569896,0.0,0.0,0.0,0.0,0.0,0.0,0.0,19.271614964803064,0.1210272312164306,0.9669525936731104,completed,
HRF-0086,HRF-0086,2017-01-19,1.0,35.69439,51.42151,7.562554931640648,7.16059265136721,8.147393798828148,7.33118591308596,9.340770721435568,10.508728027343771,11.638248443603535,-2.9461730957031254,71.61290322580646,0.0,0.0,0.0,0.0,0.0,0.0,0.0,-3.883386357625284,0.0004351138045421,1.0789627917103404,completed,
HRF-0086,HRF-0086,2017-01-05,0.0,35.69439,51.42151,4.46546325683596,4.850793457031273,6.385781860351585,9.12964782714846,9.340770721435568,10.508728027343771,11.638248443603535,-6.043264770507813,43.2258064516129,0.0,0.0,0.0,0.0,0.0,0.0,0.0,-10.567727788289346,0.0008523463179699,2.067334269533898,completed,
HRF-0086,HRF-0086,2017-01-12,0.0,35.69439,51.42151,8.498025512695335,10.360589599609398,10.313836669921898,9.350762939453148,9.340770721435568,10.508728027343771,11.638248443603535,-2.010702514648438,80.10752688172043,0.0,0.0,0.0,0.0,0.0,0.0,0.0,-5.914112472534157,-5.960430371487746e-06,1.4906253229979742,completed,
HRF-0086,HRF-0086,2017-01-26,0.0,35.69439,51.42151,9.219644165039083,4.29761657714846,3.4782958984375227,4.880944824218773,9.340770721435568,10.508728027343771,11.638248443603535,-1.289083862304688,84.40860215053763,0.0,0.0,0.0,0.0,0.0,0.0,0.0,-2.601157251993812,2.0786255597045056,1.2678344906910408,completed,
HRF-0087,HRF-0087,2017-03-02,1.0,25.07725,55.30927,29.76886901855471,26.74817810058596,23.810708618164085,22.108270263671898,33.59660873413088,34.69632415771487,36.09019317626955,-4.927455139160159,54.19354838709678,0.0,0.0,0.0,0.0,0.0,0.0,0.0,9.495334243774437,0.4397809505007899,1.947468717088426,completed,
HRF-0087,HRF-0087,2017-03-09,0.0,25.07725,55.30927,28.82422790527346,27.792031860351585,24.89791259765628,29.372476196289085,33.59660873413088,34.69632415771487,36.09019317626955,-5.872096252441409,46.98924731182796,0.0,0.0,0.0,0.0,0.0,0.0,0.0,14.452482477823937,0.0019371509552001,3.1929374905954453,completed,
HRF-0087,HRF-0087,2017-03-16,0.0,25.07725,55.30927,31.807794189453148,30.981530761718773,33.24886474609377,34.655130004882835,33.59660873413088,34.69632415771487,36.09019317626955,-2.8885299682617216,71.72043010752688,0.0,0.0,0.0,0.0,0.0,0.0,0.0,11.216701761881552,0.0012862977314398,3.690476867055421,completed,
HRF-0087,HRF-0087,2017-03-23,0.0,25.07725,55.30927,29.617974853515648,25.68454895019533,22.981011962890648,36.86455688476565,33.59660873413088,34.69632415771487,36.09019317626955,-5.078349304199222,53.333333333333336,0.0,0.0,0.0,0.0,0.0,0.0,0.0,13.264384841918968,0.0,2.544949065222266,completed,
HRF-0087,HRF-0087,2017-03-30,0.0,25.07725,55.30927,31.869653320312523,30.76178894042971,27.59754333496096,27.48531494140628,33.59660873413088,34.69632415771487,36.09019317626955,-2.8266708374023466,72.15053763440861,0.0,0.0,0.0,0.0,0.0,0.0,0.0,14.833415603637718,0.0,1.3604346555542703,completed,
HRF-0088,HRF-0088,2017-06-14,1.0,35.69439,51.42151,33.63454589843752,34.8312927246094,35.26641235351565,35.620828247070335,35.451256561279315,36.08039245605471,36.86717987060549,-2.4458465576171875,60.66666666666667,0.0,0.0,0.0,0.0,0.0,0.0,0.0,6.402387237548851,0.0004529952093434,0.823781930196374,completed,
HRF-0088,HRF-0088,2017-06-07,0.0,35.69439,51.42151,33.37653503417971,31.226586914062523,31.356622314453148,29.382501220703148,35.451256561279315,36.08039245605471,36.86717987060549,-2.703857421875,55.55555555555556,0.0,0.0,0.0,0.0,0.0,0.0,0.0,-0.1093296051025163,0.0012934207234138,1.0272924637453444,completed,
HRF-0088,HRF-0088,2017-06-21,0.0,35.69439,51.42151,36.34841308593752,36.35840759277346,35.19983825683596,33.2590270996094,35.451256561279315,36.08039245605471,36.86717987060549,0.2680206298828125,92.55555555555556,0.0,0.0,1.0,0.0,0.0,0.0,0.0,0.4505910237630246,0.0,1.687322731564573,completed,
HRF-0088,HRF-0088,2017-06-28,0.0,35.69439,51.42151,35.79828796386721,32.98735961914065,32.900491333007835,33.788674926757835,35.451256561279315,36.08039245605471,36.86717987060549,-0.2821044921875,87.77777777777777,0.0,0.0,0.0,0.0,0.0,0.0,0.0,6.007165527343773,0.0012829917181989,0.6787341957833223,completed,
HRF-0089,HRF-0089,2017-06-14,1.0,51.5131,-0.2159,23.97077331542971,20.73053894042971,17.974465942382835,20.42160949707033,22.76221160888674,23.561625671386743,25.23263473510744,0.4091476440429673,91.33333333333331,0.0,0.0,0.0,0.0,0.0,0.0,0.0,12.615115102132163,0.0004529952093434,2.47720888062736,completed,
HRF-0089,HRF-0089,2017-06-07,0.0,51.5131,-0.2159,17.220758056640648,15.529641723632835,16.89917907714846,17.309625244140648,22.76221160888674,23.561625671386743,25.23263473510744,-6.340867614746095,26.222222222222225,0.0,0.0,0.0,0.0,0.0,0.0,0.0,7.206100082397484,0.2801239489826912,5.982532904271087,completed,
HRF-0089,HRF-0089,2017-06-21,0.0,51.5131,-0.2159,30.637139892578148,27.89890441894533,28.470513916015648,27.712213134765648,22.76221160888674,23.561625671386743,25.23263473510744,7.075514221191405,100.0,0.0,0.0,0.0,0.0,0.0,0.0,1.0,17.439930216471396,0.0,1.9727105704198933,completed,
HRF-0089,HRF-0089,2017-06-28,0.0,51.5131,-0.2159,16.84980163574221,20.09394226074221,22.36153564453128,20.947915649414085,22.76221160888674,23.561625671386743,25.23263473510744,-6.711824035644533,21.444444444444443,0.0,0.0,0.0,0.0,0.0,0.0,0.0,13.101078287760458,5.931557716678526,2.9303881128058817,completed,
HRF-0090,HRF-0090,2017-07-14,1.0,21.2883,-157.826,27.69991455078128,27.91340026855471,27.97530517578128,27.863442993164085,27.622676849365256,27.800474548339867,28.124327087402367,-0.1005599975585944,88.27956989247312,0.0,0.0,0.0,0.0,0.0,0.0,0.0,20.63143882751467,0.1214741459989454,7.717048454140997,completed,
HRF-0090,HRF-0090,2017-07-07,0.0,21.2883,-157.826,27.173379516601585,27.306436157226585,27.240869140625023,27.453958129882835,27.622676849365256,27.800474548339867,28.124327087402367,-0.627095031738282,65.16129032258064,0.0,0.0,0.0,0.0,0.0,0.0,0.0,20.18035532633468,0.360485911357955,7.513158259133606,completed,
HRF-0090,HRF-0090,2017-07-21,0.0,21.2883,-157.826,27.451562500000023,27.515466308593773,27.48377380371096,27.42627868652346,27.622676849365256,27.800474548339867,28.124327087402367,-0.3489120483398444,77.52688172043011,0.0,0.0,0.0,0.0,0.0,0.0,0.0,19.93214823404952,0.523984432220459,8.811837143290598,completed,
HRF-0090,HRF-0090,2017-07-28,0.0,21.2883,-157.826,27.66828308105471,27.527261352539085,27.83783874511721,27.94239196777346,27.622676849365256,27.800474548339867,28.124327087402367,-0.1321914672851569,86.7741935483871,0.0,0.0,0.0,0.0,0.0,0.0,0.0,20.826634343465173,1.166868209736549,6.749148299353825,completed,
HRF-0091,HRF-0091,2017-07-22,1.0,36.29807,59.60567,33.55336914062502,32.83187255859377,31.989190673828148,30.62496337890628,35.79277648925783,36.421130371093774,37.19028167724612,-2.8677612304687514,56.774193548387096,0.0,0.0,0.0,0.0,0.0,0.0,0.0,0.7694590250651459,0.0008523463179699,2.873699942827564,completed,
HRF-0091,HRF-0091,2017-07-01,0.0,36.29807,59.60567,33.40194091796877,34.25025329589846,33.4604431152344,30.348779296875023,35.79277648925783,36.421130371093774,37.19028167724612,-3.0191894531250014,54.19354838709678,0.0,0.0,0.0,0.0,0.0,0.0,0.0,1.869025802612328,0.0012889127560811,2.758562031236496,completed,
HRF-0091,HRF-0091,2017-07-08,0.0,36.29807,59.60567,37.885415649414085,36.66533813476565,37.40790710449221,37.12819824218752,35.79277648925783,36.421130371093774,37.19028167724612,1.464285278320311,97.41935483870968,1.0,1.0,1.0,1.0,1.0,0.0,1.0,7.12958933512374,0.0008670466513649,2.1085303412816376,completed,
HRF-0091,HRF-0091,2017-07-15,0.0,36.29807,59.60567,29.10621032714846,27.141870117187523,24.52234802246096,28.84089050292971,35.79277648925783,36.421130371093774,37.19028167724612,-7.314920043945314,6.451612903225806,0.0,0.0,0.0,0.0,0.0,0.0,0.0,4.197609202067099,0.0034213053368148,2.1075535420763045,completed,
HRF-0091,HRF-0091,2017-07-29,0.0,36.29807,59.60567,35.0873962402344,34.677529907226585,35.19277343750002,35.77301940917971,35.79277648925783,36.421130371093774,37.19028167724612,-1.3337341308593764,77.31182795698925,0.0,0.0,0.0,0.0,0.0,0.0,0.0,3.5893143971761106,0.0017046928064701,2.391903439722989,completed,
HRF-0092,HRF-0092,2017-08-04,1.0,25.07725,55.30927,44.70508728027346,45.89055786132815,46.35151062011721,44.3290954589844,44.606686401367206,44.96953582763674,45.56353912353518,-0.2644485473632798,86.34408602150538,0.0,1.0,0.0,0.0,0.0,0.0,0.0,21.58423830668136,0.0,1.896685142455436,completed,
HRF-0092,HRF-0092,2017-08-11,0.0,25.07725,55.30927,45.21950683593752,45.22829589843752,45.09295043945315,45.83440551757815,44.606686401367206,44.96953582763674,45.56353912353518,0.2499710083007826,92.58064516129032,1.0,1.0,1.0,1.0,1.0,0.0,1.0,19.353032684326195,0.0,2.566125853888744,completed,
HRF-0092,HRF-0092,2017-08-18,0.0,25.07725,55.30927,41.68329772949221,41.12775573730471,41.10225830078127,42.6893249511719,44.606686401367206,44.96953582763674,45.56353912353518,-3.28623809814453,25.913978494623656,0.0,0.0,0.0,0.0,0.0,0.0,0.0,20.98490931193038,0.0008653460099594,1.767559671266616,completed,
HRF-0092,HRF-0092,2017-08-25,0.0,25.07725,55.30927,40.54383239746096,41.46151123046877,42.5294128417969,44.96880493164065,44.606686401367206,44.96953582763674,45.56353912353518,-4.42570343017578,9.35483870967742,0.0,0.0,0.0,0.0,0.0,0.0,0.0,22.74735476175948,0.0012844799925915,1.534530034165879,completed,
HRF-0093,HRF-0093,2017-12-30,1.0,53.4843,-2.235,8.31659851074221,4.700494384765648,4.07654724121096,2.142007446289085,10.152220153808615,10.906901550292991,11.718047332763694,-2.590303039550781,68.38709677419355,0.0,0.0,0.0,0.0,0.0,0.0,0.0,3.5638932545979856,7.454100251095497,3.5289697950123333,completed,
HRF-0093,HRF-0093,2017-12-02,0.0,53.4843,-2.235,7.527139282226585,4.396157836914085,1.887994384765648,4.242272949218773,10.152220153808615,10.906901550292991,11.718047332763694,-3.379762268066406,60.322580645161295,0.0,0.0,0.0,0.0,0.0,0.0,0.0,3.955359395345056,0.1392066478729248,2.112379211467198,completed,
HRF-0093,HRF-0093,2017-12-09,0.0,53.4843,-2.235,2.1456542968750227,1.7204986572265852,11.752099609375025,9.947686767578148,10.152220153808615,10.906901550292991,11.718047332763694,-8.761247253417968,10.21505376344086,0.0,0.0,0.0,0.0,0.0,0.0,0.0,-1.6073103586832644,2.743303775787353,2.4621021471715587,completed,
HRF-0093,HRF-0093,2017-12-16,0.0,53.4843,-2.235,3.6938415527343977,4.526635742187523,4.12561950683596,5.367242431640648,10.152220153808615,10.906901550292991,11.718047332763694,-7.213059997558593,20.86021505376344,0.0,0.0,0.0,0.0,0.0,0.0,0.0,-1.2877201080322038,0.424697706250754,1.747988323063437,completed,
HRF-0093,HRF-0093,2017-12-23,0.0,53.4843,-2.235,8.346597290039085,9.12067565917971,9.748834228515648,9.798806762695335,10.152220153808615,10.906901550292991,11.718047332763694,-2.560304260253906,68.81720430107528,0.0,0.0,0.0,0.0,0.0,0.0,0.0,7.007597223917685,0.3962235599033192,4.10778304798713,completed,
HRF-0094,HRF-0094,2018-02-01,1.0,34.75778,113.64861,9.04859313964846,6.760522460937523,6.031182861328148,3.9344421386718977,15.482627868652363,16.76267700195315,18.18874893188479,-7.71408386230469,38.443396226415096,0.0,0.0,0.0,0.0,0.0,0.0,0.0,-15.443991088867165,0.001287203758693,2.2853562405806707,completed,
HRF-0094,HRF-0094,2018-02-08,0.0,34.75778,113.64861,8.211175537109398,9.752130126953148,6.837747192382835,6.939843750000023,15.482627868652363,16.76267700195315,18.18874893188479,-8.551501464843753,32.075471698113205,0.0,0.0,0.0,0.0,0.0,0.0,0.0,-8.841292444864905,0.0012874602930423,2.2862674215016066,completed,
HRF-0094,HRF-0094,2018-02-15,0.0,34.75778,113.64861,7.69471130371096,12.176477050781273,16.65070495605471,9.822976684570335,15.482627868652363,16.76267700195315,18.18874893188479,-9.06796569824219,28.891509433962263,0.0,0.0,0.0,0.0,0.0,0.0,0.0,-7.737664286295569,0.0017243422689716,0.8314520805948123,completed,
HRF-0094,HRF-0094,2018-02-22,0.0,34.75778,113.64861,15.258843994140648,11.26795349121096,8.836267089843773,13.781900024414083,15.482627868652363,16.76267700195315,18.18874893188479,-1.5038330078125028,83.60849056603774,0.0,0.0,0.0,0.0,0.0,0.0,0.0,-8.40951004028318,0.0012820214152498,3.0927015696313447,completed,
HRF-0095,HRF-0095,2018-02-11,1.0,41.8988,-87.623,-4.209600830078102,-3.2947448730468523,-2.435827636718728,-6.29826965332029,5.940945434570333,7.129008483886743,9.206250762939474,-11.338609313964843,16.037735849056602,0.0,0.0,0.0,0.0,0.0,0.0,0.0,-7.499580764770485,9.051182866091525,2.9046218126138115,completed,
HRF-0095,HRF-0095,2018-02-04,0.0,41.8988,-87.623,2.0754028320312727,2.3809600830078352,-6.680822753906227,2.4181762695312727,5.940945434570333,7.129008483886743,9.206250762939474,-5.05360565185547,60.25943396226416,0.0,0.0,0.0,0.0,0.0,0.0,0.0,-7.674179458618141,4.376813769340515,3.617849705732256,completed,
HRF-0095,HRF-0095,2018-02-18,0.0,41.8988,-87.623,3.3393493652343977,0.8010498046875227,2.5037322998047102,6.593164062500023,5.940945434570333,7.129008483886743,9.206250762939474,-3.789659118652345,69.92924528301887,0.0,0.0,0.0,0.0,0.0,0.0,0.0,-4.339387639363565,0.3917396067549816,3.661854756023432,completed,
HRF-0095,HRF-0095,2018-02-25,0.0,41.8988,-87.623,7.167749023437523,4.488259887695335,5.149957275390648,2.590142822265648,5.940945434570333,7.129008483886743,9.206250762939474,0.0387405395507798,90.33018867924528,0.0,0.0,0.0,0.0,0.0,0.0,0.0,-0.561741892496741,8.691519498825073,6.437614688896744,completed,
HRF-0096,HRF-0096,2018-04-05,1.0,41.01384,28.94966,16.85535583496096,15.12842712402346,14.454553222656273,14.407159423828148,18.276204681396507,19.190116882324244,20.399509429931665,-2.3347610473632834,72.88888888888889,0.0,0.0,0.0,0.0,0.0,0.0,0.0,9.527592595418298,0.0008523463179699,0.6252385739532811,completed,
HRF-0096,HRF-0096,2018-04-12,0.0,41.01384,28.94966,17.72345886230471,16.514916992187523,16.036614990234398,13.98737487792971,18.276204681396507,19.190116882324244,20.399509429931665,-1.4666580200195334,81.11111111111111,0.0,0.0,0.0,0.0,0.0,0.0,0.0,11.873747762044276,0.0884063875332685,2.361641442444296,completed,
HRF-0096,HRF-0096,2018-04-19,0.0,41.01384,28.94966,17.52613220214846,15.332513427734398,15.599176025390648,18.02561340332033,18.276204681396507,19.190116882324244,20.399509429931665,-1.6639846801757834,79.33333333333333,0.0,0.0,0.0,0.0,0.0,0.0,0.0,8.962859725952171,0.0064402818225062,3.055481916008201,completed,
HRF-0096,HRF-0096,2018-04-26,0.0,41.01384,28.94966,24.16730651855471,19.11957702636721,20.702752685546898,18.320977783203148,18.276204681396507,19.190116882324244,20.399509429931665,4.977189636230467,100.0,0.0,0.0,0.0,0.0,0.0,0.0,0.0,11.88838920593264,0.0017373500327266,2.795583988587031,completed,
HRF-0097,HRF-0097,2018-04-07,1.0,40.7624,-73.9738,10.877130126953148,13.899011230468773,8.128686523437523,18.242791748046898,20.60974655151369,22.45977478027346,23.99381561279299,-11.582644653320312,18.33333333333333,0.0,0.0,0.0,0.0,0.0,0.0,0.0,-2.6674763997395416,0.2595186233520508,2.7152414945904235,completed,
HRF-0097,HRF-0097,2018-04-14,0.0,40.7624,-73.9738,24.11701354980471,25.45685729980471,15.640649414062525,9.648431396484398,20.60974655151369,22.45977478027346,23.99381561279299,1.6572387695312507,95.44444444444444,0.0,0.0,0.0,0.0,0.0,0.0,0.0,11.902232742309591,0.0078976154327392,1.5199709775565673,completed,
HRF-0097,HRF-0097,2018-04-21,0.0,40.7624,-73.9738,15.004846191406273,10.811639404296898,8.792443847656273,11.673318481445335,20.60974655151369,22.45977478027346,23.99381561279299,-7.454928588867187,47.888888888888886,0.0,0.0,0.0,0.0,0.0,0.0,0.0,-1.8788449605305573,0.0012765194696839,2.901150578051113,completed,
HRF-0097,HRF-0097,2018-04-28,0.0,40.7624,-73.9738,18.317437744140648,16.174844360351585,18.281854248046898,13.83155212402346,20.60974655151369,22.45977478027346,23.99381561279299,-4.142337036132812,74.77777777777777,0.0,0.0,0.0,0.0,0.0,0.0,0.0,9.71607933044436,0.1500766049389312,1.2435693031057171,completed,
HRF-0098,HRF-0098,2018-04-30,1.0,40.37767,49.89201,14.41608581542971,15.96582946777346,21.802301025390648,21.40021667480471,17.443160247802755,18.30095672607424,19.735886383056663,-3.88487091064453,57.333333333333336,0.0,0.0,0.0,0.0,0.0,0.0,0.0,7.86325352986654,0.0004351138613856,6.234711462788066,completed,
HRF-0098,HRF-0098,2018-04-02,0.0,40.37767,49.89201,11.524270629882835,9.852639770507835,7.225381469726585,9.291772460937525,17.443160247802755,18.30095672607424,19.735886383056663,-6.776686096191405,25.0,0.0,0.0,0.0,0.0,0.0,0.0,0.0,7.162463760375999,0.0012844800494349,7.480556918825033,completed,
HRF-0098,HRF-0098,2018-04-09,0.0,40.37767,49.89201,12.751199340820335,16.084344482421898,14.135659790039083,13.20960388183596,17.443160247802755,18.30095672607424,19.735886383056663,-5.549757385253905,37.888888888888886,0.0,0.0,0.0,0.0,0.0,0.0,0.0,8.060674285888695,0.0025673219852251,5.221840511617288,completed,
HRF-0098,HRF-0098,2018-04-16,0.0,40.37767,49.89201,12.95783386230471,9.604104614257835,10.496240234375025,13.306573486328148,17.443160247802755,18.30095672607424,19.735886383056663,-5.34312286376953,39.66666666666666,0.0,0.0,0.0,0.0,0.0,0.0,0.0,1.3433249155680755,0.0030006419251549,2.5660545782514244,completed,
HRF-0098,HRF-0098,2018-04-23,0.0,40.37767,49.89201,14.360086059570335,16.794793701171898,12.423867797851583,13.452569580078148,17.443160247802755,18.30095672607424,19.735886383056663,-3.940870666503905,56.888888888888886,0.0,0.0,0.0,0.0,0.0,0.0,0.0,9.30435460408529,0.064164400100708,3.3844386644656934,completed,
HRF-0100,HRF-0100,2018-05-01,1.0,-23.5421,-46.6364,25.121133422851585,27.987344360351585,26.738946533203148,25.998651123046898,25.28427581787112,25.972135925292992,26.81247177124025,-0.851002502441407,83.54838709677419,0.0,0.0,0.0,0.0,0.0,0.0,0.0,16.83180961608889,0.553238391830746,1.5577581013621835,completed,
HRF-0100,HRF-0100,2018-05-08,0.0,-23.5421,-46.6364,21.519342041015648,23.475030517578148,24.986367797851585,27.774316406250023,25.28427581787112,25.972135925292992,26.81247177124025,-4.4527938842773445,43.87096774193549,0.0,0.0,0.0,0.0,0.0,0.0,0.0,15.81421559651693,1.450374722480774,3.16814352547796,completed,
HRF-0100,HRF-0100,2018-05-15,0.0,-23.5421,-46.6364,25.978356933593773,23.031793212890648,21.09449157714846,25.38727722167971,25.28427581787112,25.972135925292992,26.81247177124025,0.0062210083007805,90.10752688172045,0.0,0.0,0.0,0.0,0.0,0.0,0.0,15.740693028767907,0.3403574228286743,1.4007662271551342,completed,
HRF-0100,HRF-0100,2018-05-22,0.0,-23.5421,-46.6364,22.016687011718773,18.955407714843773,17.154260253906273,21.46930847167971,25.28427581787112,25.972135925292992,26.81247177124025,-3.95544891357422,50.53763440860215,0.0,0.0,0.0,0.0,0.0,0.0,0.0,9.007955169677755,0.00206021888971,0.1480652516854498,completed,
HRF-0100,HRF-0100,2018-05-29,0.0,-23.5421,-46.6364,22.186364746093773,21.793084716796898,22.04084167480471,20.94465026855471,25.28427581787112,25.972135925292992,26.81247177124025,-3.78577117919922,52.36559139784946,0.0,0.0,0.0,0.0,0.0,0.0,0.0,10.97115287780764,0.00128873699623,2.0499388144336224,completed,
HRF-0101,HRF-0101,2018-05-13,1.0,25.07725,55.30927,44.4084411621094,42.75277099609377,37.58017883300784,40.80336914062502,42.23170547485354,42.68454284667971,43.2584541320801,1.723898315429686,99.247311827957,0.0,0.0,1.0,0.0,0.0,0.0,0.0,13.44760665893557,0.0,6.205826008561018,completed,
HRF-0101,HRF-0101,2018-05-06,0.0,25.07725,55.30927,37.595498657226585,36.1265808105469,38.11679992675784,38.03548583984377,42.23170547485354,42.68454284667971,43.2584541320801,-5.089044189453126,23.225806451612904,0.0,0.0,0.0,0.0,0.0,0.0,0.0,16.726628875732445,0.0008523463179699,6.142772612801157,completed,
HRF-0101,HRF-0101,2018-05-20,0.0,25.07725,55.30927,38.1284118652344,36.249795532226585,35.65979919433596,38.32479248046877,42.23170547485354,42.68454284667971,43.2584541320801,-4.556130981445314,28.817204301075268,0.0,0.0,0.0,0.0,0.0,0.0,0.0,18.04541613260909,0.0019609928081365,2.1760319266982497,completed,
HRF-0101,HRF-0101,2018-05-27,0.0,25.07725,55.30927,39.35384521484377,38.847451782226585,39.811318969726585,41.09418640136721,42.23170547485354,42.68454284667971,43.2584541320801,-3.330697631835939,43.87096774193549,0.0,0.0,0.0,0.0,0.0,0.0,0.0,21.181460316975915,0.0042671084656831,1.398282081543133,completed,
HRF-0099,HRF-0099,2018-04-30,1.0,25.07725,55.30927,36.93750915527346,41.71083984375002,41.927651977539085,39.09357604980471,38.815258789062526,39.47857818603518,40.372956085205104,-2.5410690307617188,68.44444444444444,0.0,0.0,0.0,0.0,0.0,0.0,0.0,15.967094675699911,0.0004351138613856,4.453193925073945,completed,
HRF-0099,HRF-0099,2018-04-02,0.0,25.07725,55.30927,31.256692504882835,31.701318359375023,35.373818969726585,38.627847290039085,38.815258789062526,39.47857818603518,40.372956085205104,-8.221885681152344,20.11111111111111,0.0,0.0,0.0,0.0,0.0,0.0,0.0,14.268827692667683,0.0004351138613856,4.389597426977996,completed,
HRF-0099,HRF-0099,2018-04-09,0.0,25.07725,55.30927,34.02002868652346,35.419229125976585,35.366189575195335,38.18618164062502,38.815258789062526,39.47857818603518,40.372956085205104,-5.458549499511719,42.11111111111111,0.0,0.0,0.0,0.0,0.0,0.0,0.0,16.54683965047201,0.0025673219852251,2.7602335663307187,completed,
HRF-0099,HRF-0099,2018-04-16,0.0,25.07725,55.30927,34.70461425781252,32.48786315917971,37.31649169921877,37.20269165039065,38.815258789062526,39.47857818603518,40.372956085205104,-4.773963928222656,50.66666666666667,0.0,0.0,0.0,0.0,0.0,0.0,0.0,9.03017387390139,0.0030006419251549,2.474793141602196,completed,
HRF-0099,HRF-0099,2018-04-23,0.0,25.07725,55.30927,39.537820434570335,39.5408874511719,34.95612487792971,32.2900329589844,38.815258789062526,39.47857818603518,40.372956085205104,0.0592422485351562,90.44444444444444,0.0,0.0,1.0,0.0,0.0,0.0,0.0,12.11669184366866,0.0,1.9318097142532025,completed,
HRF-0102,HRF-0102,2018-07-22,1.0,35.69439,51.42151,38.06205139160159,38.54433593750002,38.517495727539085,38.15000305175784,37.92052688598635,38.33541564941409,38.80175552368166,-0.2733642578125028,86.66666666666667,0.0,1.0,0.0,0.0,0.0,0.0,0.0,0.4924198150634993,0.0021459310346472,2.146434676702081,completed,
HRF-0102,HRF-0102,2018-07-01,0.0,35.69439,51.42151,40.44660339355471,37.5142761230469,35.35926208496096,34.039590454101585,37.92052688598635,38.33541564941409,38.80175552368166,2.111187744140622,99.89247311827955,0.0,0.0,0.0,0.0,0.0,0.0,0.0,1.3058868408203352,0.0021362957909332,0.1989007389420052,completed,
HRF-0102,HRF-0102,2018-07-08,0.0,35.69439,51.42151,38.57756958007815,38.27962646484377,36.0904479980469,34.89544067382815,37.92052688598635,38.33541564941409,38.80175552368166,0.2421539306640596,92.90322580645162,0.0,0.0,0.0,0.0,0.0,0.0,0.0,2.22988090515139,0.0,1.4476859701478613,completed,
HRF-0102,HRF-0102,2018-07-15,0.0,35.69439,51.42151,37.37696228027346,36.67786560058596,36.33582458496096,36.42319641113284,37.92052688598635,38.33541564941409,38.80175552368166,-0.9584533691406278,78.38709677419354,0.0,0.0,0.0,0.0,0.0,0.0,0.0,0.9524214426676848,0.000441074366364,1.5564405921398423,completed,
HRF-0102,HRF-0102,2018-07-29,0.0,35.69439,51.42151,37.01239929199221,36.86109313964846,38.99202880859377,39.24749145507815,37.92052688598635,38.33541564941409,38.80175552368166,-1.3230163574218778,73.44086021505376,0.0,0.0,0.0,0.0,0.0,0.0,0.0,2.904567972819052,0.000441074366364,0.9183496029324206,completed,
HRF-0104,HRF-0104,2019-01-12,1.0,48.85341,2.3488,8.575784301757835,7.21485290527346,4.250451660156273,6.021936035156273,10.8317810058594,11.519348144531271,12.427801513671897,-2.943563842773438,62.473118279569896,0.0,0.0,0.0,0.0,0.0,0.0,0.0,5.373174285888695,0.7069557905197144,3.5242058667842224,completed,
HRF-0104,HRF-0104,2019-01-05,0.0,48.85341,2.3488,5.884118652343773,5.61664733886721,6.096948242187523,7.194726562500023,10.8317810058594,11.519348144531271,12.427801513671897,-5.6352294921875,38.064516129032256,0.0,0.0,0.0,0.0,0.0,0.0,0.0,0.4394362131754974,0.117957592010498,2.419226506364369,completed,
HRF-0104,HRF-0104,2019-01-19,0.0,48.85341,2.3488,2.637246704101585,4.612405395507835,6.719766235351585,7.336877441406273,10.8317810058594,11.519348144531271,12.427801513671897,-8.882101440429688,13.548387096774196,0.0,0.0,0.0,0.0,0.0,0.0,0.0,-0.7551292419433366,3.735709190266334,2.757865282751442,completed,
HRF-0104,HRF-0104,2019-01-26,0.0,48.85341,2.3488,8.233361816406273,7.26343688964846,2.118096923828148,2.096856689453148,10.8317810058594,11.519348144531271,12.427801513671897,-3.2859863281250004,59.13978494623656,0.0,0.0,0.0,0.0,0.0,0.0,0.0,6.597252782185876,1.4518568431185486,4.185056676469621,completed,
HRF-0103,HRF-0103,2018-09-05,1.0,-26.205,28.043,26.98218688964846,25.552026367187523,20.498071289062523,24.677880859375023,27.755266571044945,28.467858886718773,29.028955078125023,-1.4856719970703125,77.88888888888889,0.0,0.0,0.0,0.0,0.0,0.0,0.0,-2.737652206420876,0.000441074366364,3.468002715150808,completed,
HRF-0103,HRF-0103,2018-09-12,0.0,-26.205,28.043,25.1210876464844,22.339700317382835,20.01612243652346,14.54969177246096,27.755266571044945,28.467858886718773,29.028955078125023,-3.346771240234375,55.888888888888886,0.0,0.0,0.0,0.0,0.0,0.0,0.0,-8.555354817708292,0.0017002686263367,3.4497299227105955,completed,
HRF-0103,HRF-0103,2018-09-19,0.0,-26.205,28.043,31.404077148437523,31.049234008789085,29.625527954101585,29.691949462890648,27.755266571044945,28.467858886718773,29.028955078125023,2.93621826171875,100.0,0.0,0.0,1.0,0.0,0.0,0.0,1.0,-4.884951655069983,0.0008583068797918,2.289870867174723,completed,
HRF-0103,HRF-0103,2018-09-26,0.0,-26.205,28.043,29.65427551269533,27.492288208007835,28.8176208496094,26.452920532226585,27.755266571044945,28.467858886718773,29.028955078125023,1.1864166259765625,98.11111111111111,0.0,0.0,0.0,0.0,0.0,0.0,0.0,1.2643886566162337,0.0711858272097742,1.710255467130697,completed,
HRF-0105,HRF-0105,2019-02-04,1.0,-37.814,144.96332,24.382241821289085,38.13038024902346,34.86599121093752,24.77192077636721,31.49038848876956,32.98437194824221,34.59174728393557,-8.602130126953128,48.34905660377358,0.0,0.0,0.0,0.0,0.0,0.0,0.0,13.235599772135458,0.1612020508332534,5.36770632338192,completed,
HRF-0105,HRF-0105,2019-02-11,0.0,-37.814,144.96332,26.558251953125023,23.952416992187523,18.27881774902346,23.329934692382835,31.49038848876956,32.98437194824221,34.59174728393557,-6.42611999511719,61.20283018867924,0.0,0.0,0.0,0.0,0.0,0.0,0.0,11.309708531697597,0.4680216311498952,4.487466246987412,completed,
HRF-0105,HRF-0105,2019-02-18,0.0,-37.814,144.96332,24.30677185058596,29.3088317871094,26.057519531250023,24.193383789062523,31.49038848876956,32.98437194824221,34.59174728393557,-8.677600097656253,47.40566037735849,0.0,0.0,0.0,0.0,0.0,0.0,0.0,11.367223993937216,0.5973756312300793,3.619407480858423,completed,
HRF-0105,HRF-0105,2019-02-25,0.0,-37.814,144.96332,33.67432556152346,32.672586059570335,25.54456481933596,22.2131286621094,31.49038848876956,32.98437194824221,34.59174728393557,0.6899536132812472,92.80660377358492,0.0,0.0,0.0,0.0,0.0,0.0,0.0,8.996848042805993,0.0008523463179699,1.5773013664514242,completed,
HRF-0106,HRF-0106,2019-02-05,1.0,48.847,2.263,6.888055419921898,3.511270141601585,5.35700378417971,5.60895690917971,11.76364974975588,12.489309692382836,13.626406860351585,-5.601254272460938,34.66981132075472,0.0,0.0,0.0,0.0,0.0,0.0,0.0,1.2147009531657318,0.0560164450575939,1.93192863362862,completed,
HRF-0106,HRF-0106,2019-02-12,0.0,48.847,2.263,7.191522216796898,9.344201660156273,10.281762695312525,11.42231140136721,11.76364974975588,12.489309692382836,13.626406860351585,-5.297787475585938,36.91037735849056,0.0,0.0,0.0,0.0,0.0,0.0,0.0,0.3374877929687727,0.0031322239806286,0.4660124381885115,completed,
HRF-0106,HRF-0106,2019-02-19,0.0,48.847,2.263,11.40845642089846,13.100015258789083,14.392236328125025,14.09845886230471,11.76364974975588,12.489309692382836,13.626406860351585,-1.0808532714843757,81.25,0.0,0.0,0.0,0.0,0.0,0.0,0.0,4.793733851114951,1.3334512710230229,1.3959707854630663,completed,
HRF-0106,HRF-0106,2019-02-26,0.0,48.847,2.263,16.462609863281273,14.698876953125025,13.028009033203148,13.70264587402346,11.76364974975588,12.489309692382836,13.626406860351585,3.973300170898437,99.64622641509436,0.0,0.0,0.0,0.0,0.0,0.0,1.0,4.603647486368857,0.0025702528319015,2.05216526248758,completed,
HRF-0108,HRF-0108,2019-03-28,1.0,23.7104,90.40744,32.394692993164085,31.452783203125023,34.837747192382835,34.163369750976585,34.065662384033224,34.70357666015627,35.39306259155276,-2.3088836669921875,59.354838709677416,0.0,0.0,0.0,0.0,0.0,0.0,0.0,17.823510742187523,0.0,0.1270728307279909,completed,
HRF-0108,HRF-0108,2019-03-07,0.0,23.7104,90.40744,26.873315429687523,26.889703369140648,24.5910583496094,23.74775085449221,34.065662384033224,34.70357666015627,35.39306259155276,-7.83026123046875,3.655913978494624,0.0,0.0,0.0,0.0,0.0,0.0,0.0,17.187696711222372,0.2239495515823364,1.1325185433704588,completed,
HRF-0108,HRF-0108,2019-03-14,0.0,23.7104,90.40744,32.85785827636721,32.01372680664065,31.028741455078148,29.563867187500023,34.065662384033224,34.70357666015627,35.39306259155276,-1.8457183837890625,66.66666666666666,0.0,0.0,0.0,0.0,0.0,0.0,0.0,20.62125930786135,0.0048270961201524,1.9989088911187505,completed,
HRF-0108,HRF-0108,2019-03-21,0.0,23.7104,90.40744,33.84707031250002,30.979302978515648,30.55661926269533,29.965417480468773,34.065662384033224,34.70357666015627,35.39306259155276,-0.85650634765625,81.93548387096774,0.0,0.0,0.0,0.0,0.0,0.0,0.0,18.79540468851729,1.826549578254344e-06,2.793186409727912,completed,
HRF-0109,HRF-0109,2019-05-24,1.0,32.06167,118.77778,34.10640869140627,33.47161254882815,29.644342041015648,27.168313598632835,29.52793960571292,30.34577484130861,31.543936157226582,3.760633850097655,99.56989247311829,0.0,0.0,1.0,0.0,0.0,0.0,0.0,12.722298558553064,0.7774978876113892,3.1101545121148586,completed,
HRF-0109,HRF-0109,2019-05-03,0.0,32.06167,118.77778,25.20673522949221,24.164163208007835,23.402688598632835,19.428125000000023,29.52793960571292,30.34577484130861,31.543936157226582,-5.139039611816408,43.54838709677419,0.0,0.0,0.0,0.0,0.0,0.0,0.0,7.412637329101585,0.0012994059943594,3.619437276320204,completed,
HRF-0109,HRF-0109,2019-05-10,0.0,32.06167,118.77778,27.310708618164085,25.178567504882835,21.74335632324221,20.55341491699221,29.52793960571292,30.34577484130861,31.543936157226582,-3.0350662231445327,66.34408602150538,0.0,0.0,0.0,0.0,0.0,0.0,0.0,13.133494949340845,0.0034247955795763,1.5106594926870915,completed,
HRF-0109,HRF-0109,2019-05-17,0.0,32.06167,118.77778,26.79706726074221,25.478082275390648,22.31710205078128,28.677514648437523,29.52793960571292,30.34577484130861,31.543936157226582,-3.548707580566408,60.752688172043015,0.0,0.0,0.0,0.0,0.0,0.0,0.0,19.55929336547854,1.1376738548278809,1.6367662941994618,completed,
HRF-0109,HRF-0109,2019-05-31,0.0,32.06167,118.77778,26.404962158203148,21.474221801757835,26.109735107421898,24.72266540527346,29.52793960571292,30.34577484130861,31.543936157226582,-3.94081268310547,55.376344086021504,0.0,0.0,0.0,0.0,0.0,0.0,0.0,16.768772379557333,0.0041246414070883,1.2527466896450918,completed,
HRF-0107,HRF-0107,2019-03-14,1.0,34.7986,114.30742,21.856805419921898,16.213922119140648,14.576821899414083,18.702188110351585,21.51955947875979,23.15270080566409,24.95329818725588,-1.2958953857421882,85.26881720430107,0.0,0.0,0.0,0.0,0.0,0.0,0.0,-8.105872853596964,0.0012806197560166,3.1426564863507047,completed,
HRF-0107,HRF-0107,2019-03-07,0.0,34.7986,114.30742,12.155236816406273,15.83173522949221,18.14670715332033,17.261209106445335,21.51955947875979,23.15270080566409,24.95329818725588,-10.997463989257811,25.913978494623656,0.0,0.0,0.0,0.0,0.0,0.0,0.0,-5.415981674194313,0.0,1.7494088250233,completed,
HRF-0107,HRF-0107,2019-03-21,0.0,34.7986,114.30742,13.427529907226583,24.6042419433594,24.85669860839846,24.141198730468773,21.51955947875979,23.15270080566409,24.95329818725588,-9.7251708984375,33.5483870967742,0.0,0.0,0.0,0.0,0.0,0.0,0.0,-7.434006118774391,1.826549578254344e-06,3.3510665017403745,completed,
HRF-0107,HRF-0107,2019-03-28,0.0,34.7986,114.30742,18.939965820312523,27.014306640625023,26.33542785644533,24.470864868164085,21.51955947875979,23.15270080566409,24.95329818725588,-4.212734985351563,72.04301075268818,0.0,0.0,0.0,0.0,0.0,0.0,0.0,0.0307861328125227,0.0219494104385375,3.4425335498715817,completed,
HRF-0110,HRF-0110,2019-05-29,1.0,34.67345,112.43684,29.19867858886721,26.28711853027346,29.20295104980471,38.26595458984377,32.381956481933614,33.118647766113305,34.810516357421896,-3.919969177246095,58.38709677419354,0.0,0.0,0.0,0.0,0.0,0.0,0.0,8.70788408915206,0.1550257206304195,1.2721220937029265,completed,
HRF-0110,HRF-0110,2019-05-01,0.0,34.67345,112.43684,25.319207763671898,26.02131042480471,25.41842041015628,17.72327575683596,32.381956481933614,33.118647766113305,34.810516357421896,-7.799440002441408,26.55913978494624,0.0,0.0,0.0,0.0,0.0,0.0,0.0,5.721571222941122,0.0017017125060192,0.3335420737924599,completed,
HRF-0110,HRF-0110,2019-05-08,0.0,34.67345,112.43684,22.81849060058596,21.29450378417971,21.463494873046898,26.204522705078148,32.381956481933614,33.118647766113305,34.810516357421896,-10.300157165527343,14.731182795698924,0.0,0.0,0.0,0.0,0.0,0.0,0.0,6.467560704549157,0.0008523463179699,3.202777746813787,completed,
HRF-0110,HRF-0110,2019-05-15,0.0,34.67345,112.43684,29.593606567382835,27.100610351562523,24.78553161621096,29.329919433593773,32.381956481933614,33.118647766113305,34.810516357421896,-3.52504119873047,63.01075268817205,0.0,0.0,0.0,0.0,0.0,0.0,0.0,13.6398699442546,0.0008583068797918,0.8318281435754763,completed,
HRF-0110,HRF-0110,2019-05-22,0.0,34.67345,112.43684,36.21856079101565,32.56624755859377,28.10520324707033,28.564874267578148,32.381956481933614,33.118647766113305,34.810516357421896,3.0999130249023423,97.95698924731184,0.0,0.0,0.0,0.0,0.0,0.0,0.0,0.7127891540527571,0.0008583068797918,1.851966061360975,completed,
HRF-0111,HRF-0111,2019-06-07,1.0,52.229,20.9847,26.421426391601585,26.456811523437523,26.68038330078128,27.383416748046898,26.38940429687502,27.30061950683596,28.78611297607424,-0.8791931152343757,85.22222222222223,0.0,0.0,0.0,0.0,0.0,0.0,0.0,15.988645172119163,0.0798476911541001,2.100411341612188,completed,
HRF-0111,HRF-0111,2019-06-14,0.0,52.229,20.9847,28.91817626953128,31.571878051757835,31.50287780761721,31.32834777832033,26.38940429687502,27.30061950683596,28.78611297607424,1.6175567626953118,95.2222222222222,0.0,0.0,0.0,0.0,0.0,0.0,1.0,17.135805384318076,0.0034302472045055,2.1915845535291254,completed,
HRF-0111,HRF-0111,2019-06-21,0.0,52.229,20.9847,28.066064453125023,26.18186340332033,28.37278137207033,26.361840820312523,26.38940429687502,27.30061950683596,28.78611297607424,0.7654449462890618,92.7777777777778,0.0,0.0,0.0,0.0,0.0,0.0,0.0,17.74872996012374,1.6638547181173635,1.2196991496428111,completed,
HRF-0111,HRF-0111,2019-06-28,0.0,52.229,20.9847,22.5412536621094,26.16840515136721,34.73182067871096,30.65851745605471,26.38940429687502,27.30061950683596,28.78611297607424,-4.759365844726563,55.888888888888886,0.0,0.0,0.0,0.0,0.0,0.0,0.0,8.346585845947288,0.1305580139110418,4.185710637697873,completed,
HRF-0112,HRF-0112,2019-06-10,1.0,40.7616,-73.9825,19.924600219726585,23.46827087402346,25.720986938476585,25.812921142578148,30.147481536865257,31.23414001464846,32.32023773193361,-11.309539794921877,7.222222222222221,0.0,0.0,0.0,0.0,0.0,0.0,0.0,14.633610661824548,17.06265211095115,3.084612810285907,completed,
HRF-0112,HRF-0112,2019-06-03,0.0,40.7616,-73.9825,21.65181884765628,26.60920104980471,25.933282470703148,25.46479187011721,30.147481536865257,31.23414001464846,32.32023773193361,-9.582321166992188,14.666666666666666,0.0,0.0,0.0,0.0,0.0,0.0,0.0,9.695980962117517,1.398587226862702,3.3528140289062844,completed,
HRF-0112,HRF-0112,2019-06-17,0.0,40.7616,-73.9825,23.111260986328148,25.5808044433594,26.52747497558596,21.834741210937523,30.147481536865257,31.23414001464846,32.32023773193361,-8.122879028320312,23.666666666666668,0.0,0.0,0.0,0.0,0.0,0.0,0.0,19.159142430623376,3.330495689340296,1.0611975520665184,completed,
HRF-0112,HRF-0112,2019-06-24,0.0,40.7616,-73.9825,28.380670166015648,27.22998962402346,24.547418212890648,23.439508056640648,30.147481536865257,31.23414001464846,32.32023773193361,-2.8534698486328125,72.66666666666667,0.0,0.0,0.0,0.0,0.0,0.0,0.0,16.171908950805687,0.0017158940863737,1.661566714418674,completed,
HRF-0113,HRF-0113,2019-08-14,1.0,52.22977,21.01178,20.33551940917971,24.76365051269533,27.22492370605471,27.530374145507835,27.76049041748049,28.76498718261721,30.20128784179689,-8.429467773437501,22.58064516129032,0.0,0.0,0.0,0.0,0.0,0.0,0.0,10.600426610310876,2.1152645349502563,2.309535248580561,completed,
HRF-0113,HRF-0113,2019-08-07,0.0,52.22977,21.01178,27.327432250976585,27.62598571777346,23.34980163574221,23.086450195312523,27.76049041748049,28.76498718261721,30.20128784179689,-1.4375549316406264,81.61290322580645,0.0,0.0,0.0,0.0,0.0,0.0,0.0,16.597550328572595,2.339907679811404,1.92416711174062,completed,
HRF-0113,HRF-0113,2019-08-21,0.0,52.22977,21.01178,20.43308410644533,26.827066040039085,27.76340637207033,27.985757446289085,27.76049041748049,28.76498718261721,30.20128784179689,-8.331903076171876,23.010752688172044,0.0,0.0,0.0,0.0,0.0,0.0,0.0,13.94395472208663,18.275792720984896,2.302266339603491,completed,
HRF-0113,HRF-0113,2019-08-28,0.0,52.22977,21.01178,30.54688415527346,29.60665283203128,28.584130859375023,26.435479736328148,27.76049041748049,28.76498718261721,30.20128784179689,1.7818969726562486,95.59139784946235,0.0,0.0,0.0,0.0,0.0,0.0,0.0,15.298435465494832,0.3104499008372841,2.969992583584061,completed,
HRF-0114,HRF-0114,2019-11-14,1.0,48.8566,2.3522,8.39283142089846,9.653009033203148,8.898004150390648,9.090249633789083,14.184294891357444,14.960490417480491,15.927178192138694,-6.567658996582031,22.88888888888889,0.0,0.0,0.0,0.0,0.0,0.0,0.0,3.5611110687256087,6.848675012406602,2.06578331968163,completed,
HRF-0114,HRF-0114,2019-11-07,0.0,48.8566,2.3522,10.201821899414083,12.205850219726583,12.260903930664083,13.750451660156273,14.184294891357444,14.960490417480491,15.927178192138694,-4.758668518066406,42.22222222222222,0.0,0.0,0.0,0.0,0.0,0.0,0.0,4.888129170735681,8.158773183822632,3.539308611774404,completed,
HRF-0114,HRF-0114,2019-11-21,0.0,48.8566,2.3522,10.534936523437525,6.73676452636721,7.552056884765648,8.123101806640648,14.184294891357444,14.960490417480491,15.927178192138694,-4.425553894042968,46.77777777777778,0.0,0.0,0.0,0.0,0.0,0.0,0.0,3.688283538818382,1.8119961022762248,2.882840088839664,completed,
HRF-0114,HRF-0114,2019-11-28,0.0,48.8566,2.3522,11.43860778808596,12.032800292968773,12.22980651855471,11.233544921875025,14.184294891357444,14.960490417480491,15.927178192138694,-3.521882629394531,57.99999999999999,0.0,0.0,0.0,0.0,0.0,0.0,0.0,7.392984008789085,0.9628564112063032,5.148579628882845,completed,
HRF-0116,HRF-0116,2019-11-27,1.0,-33.9005,151.2073,21.792413330078148,32.1887145996094,29.25031433105471,23.56080017089846,26.68048095703127,28.21778717041018,30.61047592163088,-6.425373840332032,40.0,0.0,0.0,0.0,0.0,0.0,0.0,0.0,10.522100067138696,0.0055668958225396,3.204270017262517,completed,
HRF-0116,HRF-0116,2019-11-06,0.0,-33.9005,151.2073,25.580102539062523,19.291131591796898,22.261514282226585,27.62862548828128,26.68048095703127,28.21778717041018,30.61047592163088,-2.637684631347657,77.55555555555556,0.0,0.0,0.0,0.0,0.0,0.0,0.0,7.882052993774437,0.0,4.153658438851848,completed,
HRF-0116,HRF-0116,2019-11-13,0.0,-33.9005,151.2073,22.133172607421898,33.36797485351565,25.632958984375023,22.165628051757835,26.68048095703127,28.21778717041018,30.61047592163088,-6.084614562988282,44.333333333333336,0.0,0.0,0.0,0.0,0.0,0.0,0.0,4.459772364298544,0.0,1.1818556981151007,completed,
HRF-0116,HRF-0116,2019-11-20,0.0,-33.9005,151.2073,23.26632080078128,30.57099304199221,26.089044189453148,20.785546875000023,26.68048095703127,28.21778717041018,30.61047592163088,-4.951466369628907,56.66666666666666,0.0,0.0,0.0,0.0,0.0,0.0,0.0,14.312099075317406,0.0010132789611816,1.540572175982566,completed,
HRF-0115,HRF-0115,2019-11-16,1.0,53.578,-2.429,8.133843994140648,7.757775878906273,5.515725708007835,5.652673339843773,11.42123718261721,12.272705078125025,12.950710296630882,-4.138861083984375,44.55555555555556,0.0,0.0,0.0,0.0,0.0,0.0,0.0,5.253514226277673,1.2484967707564465,2.0675815898568386,completed,
HRF-0115,HRF-0115,2019-11-02,0.0,53.578,-2.429,12.138848876953148,12.476831054687525,9.350854492187525,8.896218872070335,11.42123718261721,12.272705078125025,12.950710296630882,-0.1338562011718753,89.33333333333333,0.0,0.0,0.0,0.0,0.0,0.0,0.0,6.338990783691429,5.025237798690796,2.0979946435363286,completed,
HRF-0115,HRF-0115,2019-11-09,0.0,53.578,-2.429,3.83521423339846,7.034051513671898,6.439050292968773,5.64655456542971,11.42123718261721,12.272705078125025,12.950710296630882,-8.437490844726563,5.555555555555555,0.0,0.0,0.0,0.0,0.0,0.0,0.0,0.3251415252685774,4.857110977127377,3.3378907311639296,completed,
HRF-0115,HRF-0115,2019-11-23,0.0,53.578,-2.429,7.90656433105471,7.50904235839846,5.183374023437523,6.627359008789085,11.42123718261721,12.272705078125025,12.950710296630882,-4.366140747070313,40.77777777777778,0.0,0.0,0.0,0.0,0.0,0.0,0.0,6.412348683675134,5.091845989170452,4.350353375494081,completed,
HRF-0115,HRF-0115,2019-11-30,0.0,53.578,-2.429,4.01258239746096,4.131082153320335,7.80677185058596,8.49317321777346,11.42123718261721,12.272705078125025,12.950710296630882,-8.260122680664063,7.111111111111111,0.0,0.0,0.0,0.0,0.0,0.0,0.0,-0.6001215616861941,0.0052154064178466,2.930285345414265,completed,
HRF-0117,HRF-0117,2019-12-06,1.0,48.99923,21.2355,-2.402868652343728,-2.1515869140624773,-2.0785583496093523,1.972344970703148,4.316558074951194,4.970498657226585,6.198199462890644,-7.373367309570312,19.247311827956988,0.0,0.0,0.0,0.0,0.0,0.0,0.0,-6.131735229492165,0.3839731216430664,2.66435896248217,completed,
HRF-0117,HRF-0117,2019-12-13,0.0,48.99923,21.2355,3.2125946044922102,2.8814483642578352,0.7981201171875227,3.6521850585937727,4.316558074951194,4.970498657226585,6.198199462890644,-1.757904052734375,74.73118279569893,0.0,0.0,0.0,0.0,0.0,0.0,0.0,1.900798416137718,6.582820415474089,2.7159710135806456,completed,
HRF-0117,HRF-0117,2019-12-20,0.0,48.99923,21.2355,6.967385864257835,7.205926513671898,8.04926452636721,7.955895996093773,4.316558074951194,4.970498657226585,6.198199462890644,1.99688720703125,96.55913978494624,0.0,0.0,0.0,0.0,0.0,0.0,1.0,3.0128506978352902,0.0027149914672008,2.1100051352345988,completed,
HRF-0117,HRF-0117,2019-12-27,0.0,48.99923,21.2355,2.33008728027346,3.8820739746093977,5.070886230468773,4.24653015136721,4.316558074951194,4.970498657226585,6.198199462890644,-2.640411376953125,64.51612903225806,0.0,0.0,0.0,0.0,0.0,0.0,0.0,-1.7332583109537725,1.11609995354911,2.4906584617619605,completed,
HRF-0118,HRF-0118,2020-05-05,1.0,25.3342,55.41221,34.10149536132815,34.41207275390627,36.58184204101565,36.25678405761721,40.10880279541018,40.603459167480494,41.23199310302736,-6.501963806152347,10.967741935483872,0.0,0.0,0.0,0.0,0.0,0.0,0.0,18.17019424438479,-2.401736765023088e-05,1.479692972283271,completed,
HRF-0118,HRF-0118,2020-05-12,0.0,25.3342,55.41221,33.739053344726585,36.3820739746094,36.74891052246096,35.17083129882815,40.10880279541018,40.603459167480494,41.23199310302736,-6.864405822753909,9.032258064516128,0.0,0.0,0.0,0.0,0.0,0.0,0.0,16.887626266479515,0.0008523463179699,8.190975525933805,completed,
HRF-0118,HRF-0118,2020-05-19,0.0,25.3342,55.41221,39.00397644042971,38.57076416015627,37.61806640625002,37.409341430664085,40.10880279541018,40.603459167480494,41.23199310302736,-1.599482727050784,66.98924731182797,0.0,0.0,0.0,0.0,0.0,0.0,0.0,18.631111399332724,0.0,1.8064427250564767,completed,
HRF-0118,HRF-0118,2020-05-26,0.0,25.3342,55.41221,37.45444641113284,38.8375183105469,39.51931152343752,38.0684753417969,40.10880279541018,40.603459167480494,41.23199310302736,-3.149012756347659,43.655913978494624,0.0,0.0,0.0,0.0,0.0,0.0,0.0,22.53224143981936,0.0163149455829625,1.6950766912565882,completed,
HRF-0119,HRF-0119,2020-07-13,1.0,9.0579,7.4951,26.72847900390628,26.1811462402344,25.452996826171898,25.386819458007835,28.049258422851587,28.317573547363303,28.63191375732424,-1.5890945434570298,44.08602150537634,0.0,0.0,0.0,0.0,0.0,0.0,0.0,20.5705499013265,9.6757024526255,1.895657224002748,completed,
HRF-0119,HRF-0119,2020-07-06,0.0,9.0579,7.4951,27.300332641601585,28.123345947265648,26.208581542968773,28.77259216308596,28.049258422851587,28.317573547363303,28.63191375732424,-1.017240905761717,63.01075268817205,0.0,0.0,0.0,0.0,0.0,0.0,0.0,20.961215591430687,1.399737596500472,1.159888577799296,completed,
HRF-0119,HRF-0119,2020-07-20,0.0,9.0579,7.4951,28.083093261718773,23.90305480957033,25.70289001464846,25.5129333496094,28.049258422851587,28.317573547363303,28.63191375732424,-0.2344802856445298,85.91397849462365,0.0,0.0,0.0,0.0,0.0,0.0,0.0,20.662580744425497,4.725517386020783,1.2856729244603422,completed,
HRF-0119,HRF-0119,2020-07-27,0.0,9.0579,7.4951,26.58283386230471,27.574090576171898,25.606958007812523,27.039941406250023,28.049258422851587,28.317573547363303,28.63191375732424,-1.7347396850585923,39.35483870967742,0.0,0.0,0.0,0.0,0.0,0.0,0.0,20.71985079447433,2.5873422622630926,0.6984757192876487,completed,
HRF-0120,HRF-0120,2020-07-27,1.0,39.91987,32.85427,34.09963378906252,34.31391296386721,31.224145507812523,30.3832946777344,33.185734558105494,34.00406951904299,35.02250671386721,0.0955642700195298,90.53763440860216,0.0,0.0,1.0,0.0,0.0,0.0,0.0,9.76680717468264,0.0127792358348699,1.71714567144175,completed,
HRF-0120,HRF-0120,2020-07-06,0.0,39.91987,32.85427,33.11019287109377,33.6083923339844,33.9279724121094,31.734307861328148,33.185734558105494,34.00406951904299,35.02250671386721,-0.8938766479492202,84.40860215053763,0.0,0.0,0.0,0.0,0.0,0.0,0.0,7.580518976847372,0.001710653293685,2.264085694613688,completed,
HRF-0120,HRF-0120,2020-07-13,0.0,39.91987,32.85427,29.739526367187523,31.631005859375023,30.818231201171898,29.232522583007835,33.185734558105494,34.00406951904299,35.02250671386721,-4.26454315185547,51.935483870967744,0.0,0.0,0.0,0.0,0.0,0.0,0.0,7.958326594034872,0.0008702277796146,2.9277146605356896,completed,
HRF-0120,HRF-0120,2020-07-20,0.0,39.91987,32.85427,34.77712402343752,35.03711853027346,31.726586914062523,28.8447204589844,33.185734558105494,34.00406951904299,35.02250671386721,0.7730545043945298,93.5483870967742,0.0,0.0,1.0,0.0,0.0,0.0,0.0,10.013980484008812,0.0312492786065377,1.903216378898184,completed,
HRF-0123,HRF-0123,2020-10-08,1.0,36.5,127.75,19.7343688964844,19.77112731933596,17.716821289062523,16.563531494140648,21.98962173461916,22.73120727539065,23.66690597534182,-2.9968383789062507,64.83870967741936,0.0,0.0,0.0,0.0,0.0,0.0,0.0,7.149489339192712,0.002572260711986,3.1580379361628483,completed,
HRF-0123,HRF-0123,2020-10-01,0.0,36.5,127.75,22.21686706542971,22.2836853027344,22.12555847167971,22.223962402343773,21.98962173461916,22.73120727539065,23.66690597534182,-0.5143402099609382,86.7741935483871,0.0,0.0,0.0,0.0,0.0,0.0,0.0,13.950962956746425,0.8266419172286987,1.0395023513952388,completed,
HRF-0123,HRF-0123,2020-10-15,0.0,36.5,127.75,16.68219909667971,16.225869750976585,16.724023437500023,20.435098266601585,21.98962173461916,22.73120727539065,23.66690597534182,-6.049008178710938,29.24731182795699,0.0,0.0,0.0,0.0,0.0,0.0,0.0,0.7800460815429915,0.0,1.059751454556476,completed,
HRF-0123,HRF-0123,2020-10-22,0.0,36.5,127.75,17.167169189453148,16.395669555664085,19.578668212890648,19.11666259765628,21.98962173461916,22.73120727539065,23.66690597534182,-5.564038085937501,34.40860215053764,0.0,0.0,0.0,0.0,0.0,0.0,0.0,4.552548980712913,0.0581681728348826,3.110675103471268,completed,
HRF-0123,HRF-0123,2020-10-29,0.0,36.5,127.75,14.308984375000025,17.071206665039085,18.392755126953148,16.782922363281273,21.98962173461916,22.73120727539065,23.66690597534182,-8.422222900390626,12.795698924731184,0.0,0.0,0.0,0.0,0.0,0.0,0.0,-0.969945017496741,0.0008583068797918,0.952153658153587,completed,
HRF-0124,HRF-0124,2020-11-12,1.0,-3.6896,-40.3482,34.78461608886721,32.75588378906252,33.78972778320315,35.19031677246096,36.55830459594729,36.77144317626956,37.0882392883301,-1.9868270874023464,22.88888888888889,0.0,0.0,0.0,0.0,0.0,0.0,0.0,21.099986012776696,0.2871036528517834,2.463813439656126,completed,
HRF-0124,HRF-0124,2020-11-05,0.0,-3.6896,-40.3482,32.79168090820315,31.02073059082033,33.63833007812502,35.93970642089846,36.55830459594729,36.77144317626956,37.0882392883301,-3.979762268066409,1.8888888888888888,0.0,0.0,0.0,0.0,0.0,0.0,0.0,21.70342852274581,0.7032632827304042,2.917046306622908,completed,
HRF-0124,HRF-0124,2020-11-19,0.0,-3.6896,-40.3482,35.190164184570335,35.33574829101565,35.3929382324219,36.6024108886719,36.55830459594729,36.77144317626956,37.0882392883301,-1.5812789916992216,34.44444444444444,0.0,0.0,0.0,0.0,0.0,0.0,0.0,20.32590065002444,0.3718584775924682,3.0756360890049126,completed,
HRF-0124,HRF-0124,2020-11-26,0.0,-3.6896,-40.3482,35.958779907226585,35.11062011718752,35.80056152343752,34.98999938964846,36.55830459594729,36.77144317626956,37.0882392883301,-0.8126632690429716,62.77777777777778,0.0,0.0,0.0,0.0,0.0,0.0,0.0,19.248246129353845,0.0179409980773925,3.4554131164448703,completed,
HRF-0125,HRF-0125,2020-11-18,1.0,-37.8136,144.9631,26.85535583496096,19.005700683593773,22.668054199218773,29.22335205078128,27.30753402709963,28.56439666748049,31.107782745361348,-1.7090408325195303,83.88888888888889,0.0,0.0,0.0,0.0,0.0,0.0,0.0,9.201743062337243,0.0008523463748133,1.4877767108039797,completed,
HRF-0125,HRF-0125,2020-11-04,0.0,-37.8136,144.9631,21.847451782226585,27.62154541015628,26.02955017089846,17.890481567382835,27.30753402709963,28.56439666748049,31.107782745361348,-6.7169448852539055,59.88888888888889,0.0,0.0,0.0,0.0,0.0,0.0,0.0,9.01178639729818,3.7387728690418953,4.879854022770081,completed,
HRF-0125,HRF-0125,2020-11-11,0.0,-37.8136,144.9631,28.006951904296898,28.898782348632835,26.425683593750023,20.5717712402344,27.30753402709963,28.56439666748049,31.107782745361348,-0.557444763183593,88.1111111111111,0.0,0.0,0.0,0.0,0.0,0.0,0.0,14.547285334269247,1.9392730541767376,5.085914327391744,completed,
HRF-0125,HRF-0125,2020-11-25,0.0,-37.8136,144.9631,28.92420349121096,20.404458618164085,19.785089111328148,29.274774169921898,27.30753402709963,28.56439666748049,31.107782745361348,0.3598068237304694,91.0,0.0,0.0,0.0,0.0,0.0,0.0,0.0,14.458958562215171,0.0066792164261642,1.2674122041747495,completed,
HRF-0122,HRF-0122,2020-08-29,1.0,40.4168,-3.7038,24.236932373046898,32.34443054199221,36.237710571289085,36.2951599121094,35.20580368041995,35.80490875244143,36.63304290771487,-11.56797637939453,3.333333333333333,0.0,0.0,0.0,0.0,0.0,0.0,0.0,3.826661046346032,0.2355515956828924,3.253966683252049,completed,
HRF-0122,HRF-0122,2020-08-01,0.0,40.4168,-3.7038,37.14681396484377,36.945718383789085,38.4444519042969,36.952920532226585,35.20580368041995,35.80490875244143,36.63304290771487,1.3419052124023452,96.88172043010752,1.0,1.0,1.0,1.0,1.0,1.0,1.0,4.487529373168968,0.0008702277796146,1.9890234410823693,completed,
HRF-0122,HRF-0122,2020-08-08,0.0,40.4168,-3.7038,36.0273376464844,37.73099670410159,37.26213989257815,35.28316650390627,35.20580368041995,35.80490875244143,36.63304290771487,0.2224288940429701,91.50537634408602,1.0,1.0,1.0,1.0,0.0,0.0,1.0,9.74335950215658,0.0241398811340332,0.3380425980045657,completed,
HRF-0122,HRF-0122,2020-08-15,0.0,40.4168,-3.7038,28.687112426757835,30.668252563476585,28.702554321289085,27.192544555664085,35.20580368041995,35.80490875244143,36.63304290771487,-7.117796325683592,18.064516129032256,0.0,0.0,0.0,0.0,0.0,0.0,0.0,5.579456583658896,0.0,2.9001740484924445,completed,
HRF-0122,HRF-0122,2020-08-22,0.0,40.4168,-3.7038,33.028543090820335,31.554132080078148,33.4074645996094,32.390908813476585,35.20580368041995,35.80490875244143,36.63304290771487,-2.7763656616210923,60.64516129032258,0.0,0.0,0.0,0.0,0.0,0.0,0.0,8.43681360880538,0.00086169390201,0.7078276504789608,completed,
HRF-0126,HRF-0126,2021-03-09,1.0,38.04139,114.47861,16.418084716796898,12.101617431640648,8.348489379882835,3.87842712402346,20.801494598388693,22.35735626220705,24.391063690185565,-5.939271545410158,60.967741935483865,0.0,0.0,0.0,0.0,0.0,0.0,0.0,3.731912867228232,0.0,1.0823604898653785,completed,
HRF-0126,HRF-0126,2021-03-02,0.0,38.04139,114.47861,12.330010986328148,6.73481140136721,6.626260375976585,13.42487487792971,20.801494598388693,22.35735626220705,24.391063690185565,-10.027345275878908,31.505376344086024,0.0,0.0,0.0,0.0,0.0,0.0,0.0,-1.5830037434895416,0.0,1.4023989231310312,completed,
HRF-0126,HRF-0126,2021-03-16,0.0,38.04139,114.47861,13.24292907714846,18.39460144042971,14.18580017089846,15.922174072265648,20.801494598388693,22.35735626220705,24.391063690185565,-9.114427185058595,36.98924731182795,0.0,0.0,0.0,0.0,0.0,0.0,0.0,-6.918069585164346,0.0,0.4481004710667194,completed,
HRF-0126,HRF-0126,2021-03-23,0.0,38.04139,114.47861,23.893853759765648,19.41695556640628,12.766229248046898,16.398904418945335,20.801494598388693,22.35735626220705,24.391063690185565,1.5364974975585923,93.5483870967742,0.0,0.0,0.0,0.0,0.0,0.0,0.0,2.119900004069052,0.0004351138045421,1.4623549588924722,completed,
HRF-0126,HRF-0126,2021-03-30,0.0,38.04139,114.47861,21.7812438964844,18.02071533203128,22.179559326171898,20.6616149902344,20.801494598388693,22.35735626220705,24.391063690185565,-0.5761123657226577,88.6021505376344,0.0,0.0,0.0,0.0,0.0,0.0,0.0,3.643776194254599,0.0008523463179699,1.926988511041555,completed,
HRF-0127,HRF-0127,2021-08-13,1.0,48.85341,2.3488,26.037454223632835,28.0112243652344,23.700051879882835,22.34955749511721,28.376824951171898,29.47691955566409,31.7461494445801,-3.4394653320312507,72.68817204301075,0.0,0.0,0.0,0.0,0.0,0.0,0.0,15.586867268880212,0.008299858812677,1.647773582101208,completed,
HRF-0127,HRF-0127,2021-08-06,0.0,48.85341,2.3488,21.27320251464846,22.746362304687523,19.175073242187523,19.642434692382835,28.376824951171898,29.47691955566409,31.7461494445801,-8.203717041015626,25.376344086021508,0.0,0.0,0.0,0.0,0.0,0.0,0.0,13.100357945760097,1.8750786780969968,4.994820959913481,completed,
HRF-0127,HRF-0127,2021-08-20,0.0,48.85341,2.3488,23.17453918457033,19.927102661132835,19.89158020019533,18.612329101562523,28.376824951171898,29.47691955566409,31.7461494445801,-6.302380371093751,47.31182795698925,0.0,0.0,0.0,0.0,0.0,0.0,0.0,13.816420491536462,0.0524497873470863,0.4346288346174661,completed,
HRF-0127,HRF-0127,2021-08-27,0.0,48.85341,2.3488,20.57760009765628,18.91278991699221,23.448510742187523,22.815545654296898,28.376824951171898,29.47691955566409,31.7461494445801,-8.899319458007813,18.172043010752688,0.0,0.0,0.0,0.0,0.0,0.0,0.0,10.725043869018576,0.1827261090170395,2.9754836089756025,completed,
HRF-0128,HRF-0128,2021-08-29,1.0,45.4376,9.1805,25.44114074707033,24.28235778808596,22.743020629882835,28.701043701171898,32.43782882690432,33.22290649414065,34.60763168334963,-7.781765747070317,16.7741935483871,0.0,0.0,0.0,0.0,0.0,0.0,0.0,10.497067387898769,0.0030126593628665,0.9789603102798812,completed,
HRF-0128,HRF-0128,2021-08-01,0.0,45.4376,9.1805,23.971978759765648,27.86799011230471,27.899499511718773,28.025491333007835,32.43782882690432,33.22290649414065,34.60763168334963,-9.250927734375004,8.709677419354838,0.0,0.0,0.0,0.0,0.0,0.0,0.0,17.57506459554037,18.803286552383724,0.9447415936887767,completed,
HRF-0128,HRF-0128,2021-08-08,0.0,45.4376,9.1805,26.76142272949221,27.273767089843773,27.272363281250023,27.17261657714846,32.43782882690432,33.22290649414065,34.60763168334963,-6.461483764648442,27.09677419354839,0.0,0.0,0.0,0.0,0.0,0.0,0.0,18.659895197550497,1.239908903983178,0.3886735734862874,completed,
HRF-0128,HRF-0128,2021-08-15,0.0,45.4376,9.1805,32.847146606445335,33.21407470703127,32.606668090820335,32.0034118652344,32.43782882690432,33.22290649414065,34.60763168334963,-0.3757598876953167,87.09677419354838,0.0,1.0,0.0,0.0,0.0,0.0,0.0,21.33314476013186,0.0598281621932983,0.637420026894809,completed,
HRF-0128,HRF-0128,2021-08-22,0.0,45.4376,9.1805,29.356500244140648,30.171258544921898,28.953027343750023,27.049432373046898,32.43782882690432,33.22290649414065,34.60763168334963,-3.866406250000004,56.12903225806451,0.0,0.0,0.0,0.0,0.0,0.0,0.0,18.651778157552087,0.8354574441860052,0.8507748517733253,completed,
HRF-0130,HRF-0130,2021-12-15,1.0,22.27832,114.17469,22.7458435058594,21.963418579101585,20.662637329101585,23.71407470703128,22.34337081909182,22.970893859863303,23.73246307373049,-0.2250503540039048,88.06451612903226,0.0,0.0,0.0,0.0,0.0,0.0,0.0,17.599546051025413,1.069867610926423,4.894690080917756,completed,
HRF-0130,HRF-0130,2021-12-01,0.0,22.27832,114.17469,19.218041992187523,23.373681640625023,24.804986572265648,23.991616821289085,22.34337081909182,22.970893859863303,23.73246307373049,-3.75285186767578,39.03225806451613,0.0,0.0,0.0,0.0,0.0,0.0,0.0,1.7841615041097043,0.0008553265615773,6.018746292021836,completed,
HRF-0130,HRF-0130,2021-12-08,0.0,22.27832,114.17469,21.4882751464844,21.910791015625023,21.434655761718773,20.831826782226585,22.34337081909182,22.970893859863303,23.73246307373049,-1.4826187133789048,75.6989247311828,0.0,0.0,0.0,0.0,0.0,0.0,0.0,13.154138183593773,0.0,5.602792372563302,completed,
HRF-0130,HRF-0130,2021-12-22,0.0,22.27832,114.17469,20.306558227539085,16.953408813476585,16.305139160156273,18.19251403808596,22.34337081909182,22.970893859863303,23.73246307373049,-2.6643356323242173,55.483870967741936,0.0,0.0,0.0,0.0,0.0,0.0,0.0,14.76169357299807,0.1918405293395153,2.951283193119625,completed,
HRF-0130,HRF-0130,2021-12-29,0.0,22.27832,114.17469,19.770318603515648,16.401895141601585,12.018518066406273,13.681390380859398,22.34337081909182,22.970893859863303,23.73246307373049,-3.200575256347655,46.344086021505376,0.0,0.0,0.0,0.0,0.0,0.0,0.0,10.80364570617678,0.0051308269171101,4.867422223397847,completed,
HRF-0131,HRF-0131,2022-01-09,1.0,40.8532,-73.8897,2.984796142578148,-2.7264465332031023,1.2973114013672102,3.949502563476585,8.797698974609398,10.284751892089869,12.979941558837904,-7.299955749511719,50.10752688172043,0.0,0.0,0.0,0.0,0.0,0.0,0.0,-4.999271138509073,3.086721897091138,3.109911634089697,completed,
HRF-0131,HRF-0131,2022-01-02,0.0,40.8532,-73.8897,12.872476196289083,11.744973754882835,10.645593261718773,8.53608093261721,8.797698974609398,10.284751892089869,12.979941558837904,2.5877243041992184,94.9462365591398,0.0,0.0,0.0,0.0,0.0,0.0,1.0,9.345245615641318,18.342211842536926,0.935843407987078,completed,
HRF-0131,HRF-0131,2022-01-16,0.0,40.8532,-73.8897,-0.3722137451171647,-0.9442962646484148,5.475564575195335,7.30304870605471,8.797698974609398,10.284751892089869,12.979941558837904,-10.656965637207032,23.440860215053764,0.0,0.0,0.0,0.0,0.0,0.0,0.0,-17.33958791097004,0.128135085105896,1.463376426497563,completed,
HRF-0131,HRF-0131,2022-01-23,0.0,40.8532,-73.8897,2.24390563964846,-1.3807434082031025,-3.8833221435546648,3.2457214355468977,8.797698974609398,10.284751892089869,12.979941558837904,-8.040846252441407,43.11827956989247,0.0,0.0,0.0,0.0,0.0,0.0,0.0,-13.375920995076456,0.005573034286499,1.9538066579848528,completed,
HRF-0131,HRF-0131,2022-01-30,0.0,40.8532,-73.8897,-5.487463378906227,-1.4856628417968525,0.9002777099609602,-0.6304992675781023,8.797698974609398,10.284751892089869,12.979941558837904,-15.772215270996094,5.806451612903226,0.0,0.0,0.0,0.0,0.0,0.0,0.0,-17.048522059122718,0.0540047882964245,3.230519759347237,completed,
HRF-0133,HRF-0133,2022-09-21,1.0,22.27832,114.17469,28.125054931640648,28.67868957519533,31.62439880371096,31.92597351074221,30.27556304931643,30.61075134277346,31.3198783874512,-2.485696411132814,34.22222222222222,0.0,0.0,0.0,0.0,0.0,0.0,0.0,21.6157108306885,0.2944022417068481,6.022289901180886,completed,
HRF-0133,HRF-0133,2022-09-07,0.0,22.27832,114.17469,27.6865173339844,31.175393676757835,30.739038085937523,30.323815917968773,30.27556304931643,30.61075134277346,31.3198783874512,-2.924234008789064,22.77777777777778,0.0,0.0,0.0,0.0,0.0,0.0,0.0,24.48711229960128,13.20418672880308,5.004610531724155,completed,
HRF-0133,HRF-0133,2022-09-14,0.0,22.27832,114.17469,31.743707275390648,32.46785888671877,31.922296142578148,30.840722656250023,30.27556304931643,30.61075134277346,31.3198783874512,1.132955932617186,97.44444444444444,1.0,1.0,1.0,1.0,1.0,1.0,1.0,21.671769078572595,0.0008523463179699,2.002481308866213,completed,
HRF-0133,HRF-0133,2022-09-28,0.0,22.27832,114.17469,28.873574829101585,29.027215576171898,29.916177368164085,29.18869934082033,30.27556304931643,30.61075134277346,31.3198783874512,-1.7371765136718764,53.77777777777778,0.0,0.0,0.0,0.0,0.0,0.0,0.0,23.7364269256592,1.464682817395868,7.186753559948658,completed,
HRF-0132,HRF-0132,2022-09-16,1.0,28.19874,112.97087,33.6848083496094,31.89374694824221,32.39800415039065,34.88433227539065,33.09343643188479,33.987503051757834,35.02532958984377,-0.3026947021484361,88.33333333333333,0.0,0.0,0.0,0.0,0.0,0.0,0.0,16.682381566365564,0.0030068777050473,1.112391741177822,completed,
HRF-0132,HRF-0132,2022-09-02,0.0,28.19874,112.97087,30.832864379882835,29.2946716308594,30.183023071289085,29.311090087890648,33.09343643188479,33.987503051757834,35.02532958984377,-3.1546386718749986,67.22222222222223,0.0,0.0,0.0,0.0,0.0,0.0,0.0,16.98799095153811,0.0117616995680691,3.1401967092627885,completed,
HRF-0132,HRF-0132,2022-09-09,0.0,28.19874,112.97087,36.26656494140627,36.31134948730471,34.52251586914065,36.15635070800784,33.09343643188479,33.987503051757834,35.02532958984377,2.279061889648439,97.88888888888889,1.0,1.0,1.0,1.0,1.0,0.0,1.0,14.769956207275412,0.0012993812106287,1.973127650171744,completed,
HRF-0132,HRF-0132,2022-09-23,0.0,28.19874,112.97087,26.627343750000023,22.260125732421898,29.6310974121094,32.92548522949221,33.09343643188479,33.987503051757834,35.02532958984377,-7.360159301757811,26.444444444444443,0.0,0.0,0.0,0.0,0.0,0.0,0.0,14.603858566284202,0.0025745749212546,3.302998549984568,completed,
HRF-0132,HRF-0132,2022-09-30,0.0,28.19874,112.97087,36.806619262695335,32.66265258789065,30.98655090332033,32.4373718261719,33.09343643188479,33.987503051757834,35.02532958984377,2.8191162109375014,98.77777777777776,0.0,0.0,0.0,0.0,0.0,0.0,0.0,18.275181070963583,0.0002086162567138,2.206222525255249,completed,
HRF-0134,HRF-0134,2022-10-09,1.0,33.72148,73.04329,30.044488525390648,30.494287109375023,30.06629333496096,31.619668579101585,30.31201171875002,30.85610046386721,31.543765258789083,-0.8116119384765632,82.79569892473118,0.0,0.0,0.0,0.0,0.0,0.0,0.0,9.848597462972007,0.0012993811537853,0.9515043816445548,completed,
HRF-0134,HRF-0134,2022-10-02,0.0,33.72148,73.04329,30.76758728027346,31.40894470214846,32.3585144042969,32.203591918945335,30.31201171875002,30.85610046386721,31.543765258789083,-0.0885131835937507,89.35483870967742,0.0,1.0,0.0,0.0,0.0,0.0,0.0,14.075508371988974,4.723146557807922,1.84030144403424,completed,
HRF-0134,HRF-0134,2022-10-16,0.0,33.72148,73.04329,30.7973571777344,30.570123291015648,29.73995361328128,28.691278076171898,30.31201171875002,30.85610046386721,31.543765258789083,-0.0587432861328132,89.56989247311829,0.0,0.0,0.0,0.0,0.0,0.0,0.0,7.777961349487327,0.0008616761419943,1.0008772597232665,completed,
HRF-0134,HRF-0134,2022-10-23,0.0,33.72148,73.04329,27.208795166015648,26.773294067382835,26.253503417968773,23.67231140136721,30.31201171875002,30.85610046386721,31.543765258789083,-3.647305297851563,45.376344086021504,0.0,0.0,0.0,0.0,0.0,0.0,0.0,5.466841634114587,0.0004261732051702,0.9307988177909916,completed,
HRF-0134,HRF-0134,2022-10-30,0.0,33.72148,73.04329,27.80146179199221,27.89185485839846,27.80268249511721,27.70725402832033,30.31201171875002,30.85610046386721,31.543765258789083,-3.0546386718750007,53.11827956989247,0.0,0.0,0.0,0.0,0.0,0.0,0.0,7.760678863525413,0.0008583068051848,1.1604306941464932,completed,
HRF-0135,HRF-0135,2022-10-15,1.0,41.01384,28.94966,17.81537780761721,19.16144714355471,19.53829345703128,19.029702758789085,22.50259704589846,23.20645294189456,24.480498504638696,-5.391075134277344,31.827956989247312,0.0,0.0,0.0,0.0,0.0,0.0,0.0,12.85571123758956,3.827617643803905,8.116110085171213,completed,
HRF-0135,HRF-0135,2022-10-01,0.0,41.01384,28.94966,25.51545104980471,26.20746765136721,25.670938110351585,25.522119140625023,22.50259704589846,23.20645294189456,24.480498504638696,2.308998107910156,97.41935483870968,0.0,0.0,0.0,0.0,0.0,0.0,1.0,17.5715213775635,0.0012874602930423,2.355967172421235,completed,
HRF-0135,HRF-0135,2022-10-08,0.0,41.01384,28.94966,19.975183105468773,20.159692382812523,19.691461181640648,18.402398681640648,22.50259704589846,23.20645294189456,24.480498504638696,-3.231269836425781,60.967741935483865,0.0,0.0,0.0,0.0,0.0,0.0,0.0,13.69481684366866,1.3634264469146729,5.346264660134919,completed,
HRF-0135,HRF-0135,2022-10-22,0.0,41.01384,28.94966,17.969262695312523,15.746194458007835,17.606134033203148,17.61933288574221,22.50259704589846,23.20645294189456,24.480498504638696,-5.237190246582031,33.01075268817204,0.0,0.0,0.0,0.0,0.0,0.0,0.0,6.417044576009118,0.0,1.3415754377872051,completed,
HRF-0135,HRF-0135,2022-10-29,0.0,41.01384,28.94966,17.557290649414085,18.604348754882835,19.423120117187523,19.92945251464846,22.50259704589846,23.20645294189456,24.480498504638696,-5.649162292480469,29.24731182795699,0.0,0.0,0.0,0.0,0.0,0.0,0.0,9.21161041259768,0.0012784129808096,5.846501439450831,completed,
HRF-0137,HRF-0137,2022-11-07,1.0,25.07725,55.30927,32.61489257812502,32.4415222167969,32.66399536132815,34.2586608886719,33.40394821166994,34.101348876953146,34.74300537109377,-1.4864562988281236,74.22222222222223,0.0,0.0,0.0,0.0,0.0,0.0,0.0,19.580365117390954,0.2508640288283459,1.8548792099837883,completed,
HRF-0137,HRF-0137,2022-11-14,0.0,25.07725,55.30927,32.46895751953127,33.1788269042969,34.34206542968752,35.1275573730469,33.40394821166994,34.101348876953146,34.74300537109377,-1.6323913574218736,71.88888888888889,0.0,0.0,0.0,0.0,0.0,0.0,0.0,18.65840365091964,0.0008523463179699,3.073970433381209,completed,
HRF-0137,HRF-0137,2022-11-21,0.0,25.07725,55.30927,30.295556640625023,31.6447692871094,31.88886413574221,33.049600219726585,33.40394821166994,34.101348876953146,34.74300537109377,-3.805792236328124,40.77777777777778,0.0,0.0,0.0,0.0,0.0,0.0,0.0,17.999877548217796,0.0699341296126476,1.775753400881056,completed,
HRF-0137,HRF-0137,2022-11-28,0.0,25.07725,55.30927,31.39545593261721,30.983056640625023,30.206628417968773,30.164712524414085,33.40394821166994,34.101348876953146,34.74300537109377,-2.705892944335936,56.44444444444444,0.0,0.0,0.0,0.0,0.0,0.0,0.0,17.290513610839866,0.000441074366364,0.7844455945967815,completed,
HRF-0138,HRF-0138,2022-11-24,1.0,43.80096,87.60046,-0.0129760742187272,0.5425964355468977,4.951013183593773,3.897393798828148,10.359708404541038,11.633666992187525,13.498783111572289,-11.64664306640625,23.88888888888889,0.0,0.0,0.0,0.0,0.0,0.0,0.0,-5.3299570719401,0.6635785102844238,0.1837635994316953,completed,
HRF-0138,HRF-0138,2022-11-03,0.0,43.80096,87.60046,10.752801513671898,11.619729614257835,8.918252563476585,6.606225585937523,10.359708404541038,11.633666992187525,13.498783111572289,-0.8808654785156254,86.55555555555556,0.0,0.0,0.0,0.0,0.0,0.0,0.0,-0.6742277781168582,0.0008583068797918,0.3563273815196557,completed,
HRF-0138,HRF-0138,2022-11-10,0.0,43.80096,87.60046,0.8123413085937727,1.2540679931640852,11.439675903320335,10.85865173339846,10.359708404541038,11.633666992187525,13.498783111572289,-10.82132568359375,28.000000000000004,0.0,0.0,0.0,0.0,0.0,0.0,0.0,-8.602388127644815,0.2108961343765258,1.1126775866092085,completed,
HRF-0138,HRF-0138,2022-11-17,0.0,43.80096,87.60046,-1.0893615722656025,6.246697998046898,6.35798034667971,5.037316894531273,10.359708404541038,11.633666992187525,13.498783111572289,-12.723028564453124,18.22222222222222,0.0,0.0,0.0,0.0,0.0,0.0,0.0,-7.760520680745401,5.222022533416748,0.7124968421930478,completed,
HRF-0136,HRF-0136,2022-11-05,1.0,40.7548,-73.9651,23.025231933593773,20.321862792968773,18.258386230468773,19.925698852539085,16.395204925537133,17.669410705566428,19.077840423584007,5.355821228027345,99.77777777777776,0.0,0.0,0.0,0.0,0.0,0.0,1.0,15.235086059570335,0.0448399235324359,2.87752683903808,completed,
HRF-0136,HRF-0136,2022-11-12,0.0,40.7548,-73.9651,19.810662841796898,19.47785339355471,17.75263366699221,10.761193847656273,16.395204925537133,17.669410705566428,19.077840423584007,2.14125213623047,96.88888888888889,0.0,0.0,0.0,0.0,0.0,0.0,1.0,15.807205454508503,3.651177883057244,3.0952507059300403,completed,
HRF-0136,HRF-0136,2022-11-19,0.0,40.7548,-73.9651,4.075738525390648,5.89069519042971,7.222451782226585,9.942666625976583,16.395204925537133,17.669410705566428,19.077840423584007,-13.59367218017578,5.111111111111112,0.0,0.0,0.0,0.0,0.0,0.0,0.0,-5.2628184000651,0.7156014441456193,3.0605456843624648,completed,
HRF-0136,HRF-0136,2022-11-26,0.0,40.7548,-73.9651,12.200708007812525,10.419366455078148,10.711145019531273,11.56488952636721,16.395204925537133,17.669410705566428,19.077840423584007,-5.468702697753905,56.44444444444444,0.0,0.0,0.0,0.0,0.0,0.0,0.0,-0.3041207631428619,-5.747608611272881e-06,3.2832016694658,completed,
HRF-0140,HRF-0140,2023-04-09,1.0,-33.879,151.219,18.753717041015648,23.329675292968773,23.16599426269533,22.063012695312523,24.36939620971681,25.120576477050804,26.12896957397463,-6.366859436035156,10.0,0.0,0.0,0.0,0.0,0.0,0.0,0.0,6.213399505615257,0.001281499748984,6.56961215115091,completed,
HRF-0140,HRF-0140,2023-04-02,0.0,-33.879,151.219,20.408105468750023,19.170220947265648,23.139764404296898,22.81421813964846,24.36939620971681,25.120576477050804,26.12896957397463,-4.712471008300781,31.333333333333336,0.0,0.0,0.0,0.0,0.0,0.0,0.0,14.850115712483728,7.122286268081979,2.7376142691152765,completed,
HRF-0140,HRF-0140,2023-04-16,0.0,-33.879,151.219,24.095620727539085,22.952737426757835,19.82129821777346,19.158868408203148,24.36939620971681,25.120576477050804,26.12896957397463,-1.0249557495117188,83.22222222222221,0.0,0.0,0.0,0.0,0.0,0.0,0.0,10.095391209920251,0.2053162486390647,3.583506270321376,completed,
HRF-0140,HRF-0140,2023-04-23,0.0,-33.879,151.219,21.1071716308594,20.7153259277344,20.136575317382835,18.9309020996094,24.36939620971681,25.120576477050804,26.12896957397463,-4.013404846191406,41.66666666666667,0.0,0.0,0.0,0.0,0.0,0.0,0.0,15.711420313517294,4.693970084190369,3.971636816376458,completed,
HRF-0140,HRF-0140,2023-04-30,0.0,-33.879,151.219,17.683755493164085,19.364648437500023,24.60181579589846,22.40436706542971,24.36939620971681,25.120576477050804,26.12896957397463,-7.436820983886719,4.222222222222222,0.0,0.0,0.0,0.0,0.0,0.0,0.0,9.69517542521163,0.3314226865427372,3.789986377332946,completed,
HRF-0141,HRF-0141,2023-09-12,1.0,21.0245,105.84117,28.130670166015648,32.04482421875002,32.04750976562502,31.417886352539085,32.229636383056665,32.58423767089846,33.18068084716799,-4.4535675048828125,15.444444444444445,0.0,0.0,0.0,0.0,0.0,0.0,0.0,25.989640172322595,41.26349091529846,1.0101168652350618,completed,
HRF-0141,HRF-0141,2023-09-05,0.0,21.0245,105.84117,31.60102233886721,27.30292663574221,28.063867187500023,34.27291259765627,32.229636383056665,32.58423767089846,33.18068084716799,-0.98321533203125,72.33333333333334,0.0,0.0,0.0,0.0,0.0,0.0,0.0,24.40066490173342,1.8282979726791384,1.6044779544780534,completed,
HRF-0141,HRF-0141,2023-09-19,0.0,21.0245,105.84117,31.77903137207033,30.826837158203148,29.688333129882835,26.735208129882835,32.229636383056665,32.58423767089846,33.18068084716799,-0.805206298828125,77.11111111111111,0.0,0.0,0.0,0.0,0.0,0.0,0.0,25.455865478515648,0.8885204791972967,2.0289148074951986,completed,
HRF-0141,HRF-0141,2023-09-26,0.0,21.0245,105.84117,26.542276000976585,31.116723632812523,31.66932067871096,32.5471130371094,32.229636383056665,32.58423767089846,33.18068084716799,-6.041961669921875,6.111111111111111,0.0,0.0,0.0,0.0,0.0,0.0,0.0,24.02238807678225,42.3943638801525,2.415469602897419,completed,
HRF-0139,HRF-0139,2023-03-02,1.0,22.27832,114.17469,21.151513671875023,22.872583007812523,19.427835083007835,17.854058837890648,24.91223220825197,25.28504333496096,25.84893798828127,-4.1335296630859375,34.193548387096776,0.0,0.0,0.0,0.0,0.0,0.0,0.0,10.948211924235068,0.0,6.467256387035237,completed,
HRF-0139,HRF-0139,2023-03-09,0.0,22.27832,114.17469,25.27485046386721,22.9692321777344,21.845880126953148,20.88742980957033,24.91223220825197,25.28504333496096,25.84893798828127,-0.01019287109375,89.46236559139786,0.0,0.0,0.0,0.0,0.0,0.0,0.0,17.040558115641318,0.0184482497616045,1.1383772167946309,completed,
HRF-0139,HRF-0139,2023-03-16,0.0,22.27832,114.17469,23.72236022949221,23.265161132812523,21.33637390136721,21.129785156250023,24.91223220825197,25.28504333496096,25.84893798828127,-1.56268310546875,70.96774193548387,0.0,0.0,0.0,0.0,0.0,0.0,0.0,16.23186073303225,0.0514924526164861,4.58827321477327,completed,
HRF-0139,HRF-0139,2023-03-23,0.0,22.27832,114.17469,25.647271728515648,26.32221374511721,24.890496826171898,24.04749450683596,24.91223220825197,25.28504333496096,25.84893798828127,0.3622283935546875,92.79569892473118,0.0,0.0,0.0,0.0,0.0,0.0,0.0,21.438766098022484,1.0484218596502617,4.047846960805666,completed,
HRF-0139,HRF-0139,2023-03-30,0.0,22.27832,114.17469,22.96894226074221,21.616387939453148,20.908975219726585,20.32947692871096,24.91223220825197,25.28504333496096,25.84893798828127,-2.31610107421875,60.10752688172043,0.0,0.0,0.0,0.0,0.0,0.0,0.0,18.65922571818038,2.318277955055237,4.0530595078780784,completed,
HRF-0142,HRF-0142,2023-09-17,1.0,15.55177,32.53241,40.32521972656252,40.84346923828127,40.458230590820335,41.70684204101565,40.35313949584963,40.72665863037112,41.31428680419924,-0.4014389038085966,84.44444444444444,0.0,0.0,0.0,0.0,0.0,0.0,0.0,5.767264302571618,0.0008523463179699,2.1105604029466773,completed,
HRF-0142,HRF-0142,2023-09-03,0.0,15.55177,32.53241,41.609353637695335,41.076089477539085,38.8878112792969,34.60492858886721,40.35313949584963,40.72665863037112,41.31428680419924,0.8826950073242159,96.44444444444444,0.0,0.0,1.0,0.0,0.0,0.0,0.0,14.275638834635458,0.006514787571632,2.746311375354346,completed,
HRF-0142,HRF-0142,2023-09-10,0.0,15.55177,32.53241,41.01503906250002,40.176919555664085,40.80672607421877,42.73456726074221,40.35313949584963,40.72665863037112,41.31428680419924,0.2883804321289034,92.55555555555556,0.0,0.0,0.0,0.0,0.0,0.0,0.0,12.766495641072597,0.0017291208678216,2.029828653193908,completed,
HRF-0142,HRF-0142,2023-09-24,0.0,15.55177,32.53241,41.5924011230469,42.2309509277344,41.3723083496094,39.90496215820315,40.35313949584963,40.72665863037112,41.31428680419924,0.8657424926757784,96.2222222222222,1.0,1.0,1.0,1.0,0.0,1.0,1.0,11.789022064209007,0.0,2.6420377965194093,completed,
HRF-0143,HRF-0143,2024-02-22,1.0,39.47391,-0.37966,23.431497192382835,19.430993652343773,19.29317626953128,18.793023681640648,19.48863830566408,20.346459960937526,21.795340728759783,3.085037231445309,98.82075471698111,0.0,0.0,0.0,0.0,0.0,0.0,0.0,6.187528864542685,0.0008523463179699,4.621965926706823,completed,
HRF-0143,HRF-0143,2024-02-01,0.0,39.47391,-0.37966,17.427163696289085,15.105371093750025,14.39203796386721,14.451028442382835,19.48863830566408,20.346459960937526,21.795340728759783,-2.919296264648441,69.45754716981132,0.0,0.0,0.0,0.0,0.0,0.0,0.0,6.238392766316736,0.0017317996139354,0.7603366278636473,completed,
HRF-0143,HRF-0143,2024-02-08,0.0,39.47391,-0.37966,20.759179687500023,21.05133972167971,18.737893676757835,19.934121704101585,19.48863830566408,20.346459960937526,21.795340728759783,0.4127197265624964,91.39150943396226,0.0,0.0,0.0,0.0,0.0,0.0,0.0,5.828387196858728,0.0194277664036235,3.682348593126485,completed,
HRF-0143,HRF-0143,2024-02-15,0.0,39.47391,-0.37966,18.18049011230471,19.930230712890648,24.1826110839844,21.21871337890628,19.48863830566408,20.346459960937526,21.795340728759783,-2.165969848632816,75.8254716981132,0.0,0.0,0.0,0.0,0.0,0.0,0.0,9.6050799051921,0.3530263899733654,0.6097603820262734,completed,
HRF-0143,HRF-0143,2024-02-29,0.0,39.47391,-0.37966,20.62593994140628,18.882348632812523,18.223474121093773,19.28046569824221,19.48863830566408,20.346459960937526,21.795340728759783,0.2794799804687464,91.15566037735849,0.0,0.0,0.0,0.0,0.0,0.0,0.0,3.018262481689476,0.0,1.8800782632856228,completed,
HRF-0144,HRF-0144,2024-02-23,1.0,32.06167,118.77778,3.0993591308593977,0.2368560791015852,1.4759307861328352,5.423638916015648,15.25209960937502,16.56116333007815,18.55223388671877,-13.46180419921875,4.952830188679245,0.0,0.0,0.0,0.0,0.0,0.0,0.0,-4.593721135457315,1.5233159064109714,2.410999818511988,completed,
HRF-0144,HRF-0144,2024-02-02,0.0,32.06167,118.77778,1.5771118164062727,3.2935729980468977,8.862588500976585,12.935403442382835,15.25209960937502,16.56116333007815,18.55223388671877,-14.984051513671876,1.179245283018868,0.0,0.0,0.0,0.0,0.0,0.0,0.0,-1.4184307098388445,13.072150945561134,3.4450374049467407,completed,
HRF-0144,HRF-0144,2024-02-09,0.0,32.06167,118.77778,10.584863281250025,7.27784118652346,4.565759277343773,1.9246612548828352,15.25209960937502,16.56116333007815,18.55223388671877,-5.976300048828126,56.72169811320755,0.0,0.0,0.0,0.0,0.0,0.0,0.0,-0.8895413716633698,0.001293420684334,2.639175401760096,completed,
HRF-0144,HRF-0144,2024-02-16,0.0,32.06167,118.77778,10.539300537109398,6.960794067382835,22.074807739257835,18.954461669921898,15.25209960937502,16.56116333007815,18.55223388671877,-6.021862792968751,56.014150943396224,0.0,0.0,0.0,0.0,0.0,0.0,0.0,-1.1453041076659929,0.0,2.5400157014987106,completed,
HRF-0145,HRF-0145,2024-02-29,1.0,23.7104,90.40744,29.00704345703128,28.25556335449221,27.295449829101585,27.46265563964846,29.78852996826174,30.264773559570337,31.26169204711916,-1.257730102539064,74.52830188679245,0.0,0.0,0.0,0.0,0.0,0.0,0.0,15.31969477335616,0.0,0.9570667559507424,completed,
HRF-0145,HRF-0145,2024-02-01,0.0,23.7104,90.40744,25.543084716796898,24.694726562500023,24.570169067382835,23.739190673828148,29.78852996826174,30.264773559570337,31.26169204711916,-4.721688842773439,22.16981132075472,0.0,0.0,0.0,0.0,0.0,0.0,0.0,17.283151880900107,1.3557109103317089,1.0732590769007897,completed,
HRF-0145,HRF-0145,2024-02-08,0.0,23.7104,90.40744,23.81397399902346,25.12708435058596,25.630532836914085,26.509332275390648,29.78852996826174,30.264773559570337,31.26169204711916,-6.450799560546876,7.075471698113208,0.0,0.0,0.0,0.0,0.0,0.0,0.0,10.670102691650412,-3.347793153807288e-06,1.7268767522768114,completed,
HRF-0145,HRF-0145,2024-02-15,0.0,23.7104,90.40744,28.54758605957033,27.82850036621096,28.24776611328128,27.406671142578148,29.78852996826174,30.264773559570337,31.26169204711916,-1.7171875000000014,68.16037735849056,0.0,0.0,0.0,0.0,0.0,0.0,0.0,17.6868670145671,0.0118046997954479,1.82393707343953,completed,
HRF-0145,HRF-0145,2024-02-22,0.0,23.7104,90.40744,28.659814453125023,30.579019165039085,28.267388916015648,28.046044921875023,29.78852996826174,30.264773559570337,31.26169204711916,-1.604959106445314,70.04716981132076,0.0,0.0,0.0,0.0,0.0,0.0,0.0,20.80634396870932,13.575959205525123,0.5797038763246893,completed,
HRF-0146,HRF-0146,2024-03-14,1.0,56.85836,35.90057,3.1398712158203352,2.4421325683593977,1.9748321533203352,1.7560516357422102,5.437449645996114,6.554417419433617,8.329319763183616,-3.414546203613281,66.55913978494624,0.0,0.0,0.0,0.0,0.0,0.0,0.0,-4.798106892903604,0.0008523463179699,3.3747333213552504,completed,
HRF-0146,HRF-0146,2024-03-07,0.0,56.85836,35.90057,-1.4862121582031025,-1.6906188964843525,-1.3314422607421648,0.4746643066406477,5.437449645996114,6.554417419433617,8.329319763183616,-8.040629577636718,26.021505376344084,0.0,0.0,0.0,0.0,0.0,0.0,0.0,-8.344013595581032,0.0431865452696911,1.812277057951696,completed,
HRF-0146,HRF-0146,2024-03-21,0.0,56.85836,35.90057,5.778115844726585,3.730630493164085,2.8726287841797102,3.4614196777343977,5.437449645996114,6.554417419433617,8.329319763183616,-0.7763015747070314,86.34408602150538,0.0,0.0,0.0,0.0,0.0,0.0,0.0,-2.1166264851887604,0.0008523463748133,1.960282399865682,completed,
HRF-0146,HRF-0146,2024-03-28,0.0,56.85836,35.90057,7.787835693359398,6.29743347167971,4.633813476562523,4.377664184570335,5.437449645996114,6.554417419433617,8.329319763183616,1.233418273925781,93.5483870967742,0.0,0.0,0.0,0.0,0.0,0.0,0.0,-1.58752606709794,0.0009536743164062,3.118231342245484,completed,
HRF-0147,HRF-0147,2024-03-28,1.0,-8.0476,-34.905,29.83075866699221,28.135614013671898,29.99561462402346,29.767022705078148,31.10369186401369,31.398115539550805,31.84379806518557,-1.5673568725585945,48.60215053763441,0.0,0.0,0.0,0.0,0.0,0.0,0.0,24.07360674540206,2.2063851356506348,3.2197600199019307,completed,
HRF-0147,HRF-0147,2024-03-07,0.0,-8.0476,-34.905,30.178063964843773,29.711114501953148,29.29267272949221,31.308023071289085,31.10369186401369,31.398115539550805,31.84379806518557,-1.220051574707032,61.61290322580645,0.0,0.0,0.0,0.0,0.0,0.0,0.0,24.364401117960654,4.130738973515236,3.544220258891083,completed,
HRF-0147,HRF-0147,2024-03-14,0.0,-8.0476,-34.905,29.38228759765628,30.13056335449221,30.2687927246094,30.433206176757835,31.10369186401369,31.398115539550805,31.84379806518557,-2.015827941894532,34.40860215053764,0.0,0.0,0.0,0.0,0.0,0.0,0.0,24.2394907633464,6.22384548177024,1.9411027436800583,completed,
HRF-0147,HRF-0147,2024-03-21,0.0,-8.0476,-34.905,30.690545654296898,31.052774047851585,30.056695556640648,29.883081054687523,31.10369186401369,31.398115539550805,31.84379806518557,-0.707569885253907,76.0215053763441,0.0,0.0,0.0,0.0,0.0,0.0,0.0,23.59349721272787,5.854952335312191,3.146257503006294,completed,
HRF-0150,HRF-0150,2024-05-21,1.0,-37.8189,145.1246,13.440209960937525,13.795571899414083,13.088540649414083,12.055841064453148,18.458779907226585,19.338259887695337,20.28994445800784,-5.898049926757814,20.967741935483872,0.0,0.0,0.0,0.0,0.0,0.0,0.0,6.474806086222372,0.1409258957778547,0.5918362184292087,completed,
HRF-0150,HRF-0150,2024-05-07,0.0,-37.8189,145.1246,15.974221801757835,17.626138305664085,17.686914062500023,16.912271118164085,18.458779907226585,19.338259887695337,20.28994445800784,-3.3640380859375014,61.72043010752688,0.0,0.0,0.0,0.0,0.0,0.0,0.0,9.42109832763674,0.078296661342847,0.4936560806765401,completed,
HRF-0150,HRF-0150,2024-05-14,0.0,-37.8189,145.1246,14.93207702636721,18.86324462890628,17.681512451171898,17.502786254882835,18.458779907226585,19.338259887695337,20.28994445800784,-4.406182861328126,46.45161290322581,0.0,0.0,0.0,0.0,0.0,0.0,0.0,7.079718526204431,0.0844752663624603,0.6341073511692882,completed,
HRF-0150,HRF-0150,2024-05-28,0.0,-37.8189,145.1246,17.417886352539085,16.89417419433596,15.105935668945335,15.144860839843773,18.458779907226585,19.338259887695337,20.28994445800784,-1.920373535156252,77.52688172043011,0.0,0.0,0.0,0.0,0.0,0.0,0.0,5.617480850219749,0.0,3.583076140041114,completed,
HRF-0149,HRF-0149,2024-04-07,1.0,48.854,2.389,17.431451416015648,25.095986938476585,18.294046020507835,16.768365478515648,19.16203536987307,20.506219482421898,22.940010833740256,-3.07476806640625,75.0,0.0,0.0,0.0,0.0,0.0,0.0,0.0,11.74653269449874,11.478623747791517,2.3152206046522417,completed,
HRF-0149,HRF-0149,2024-04-14,0.0,48.854,2.389,17.617425537109398,24.12635192871096,20.78370056152346,16.38593444824221,19.16203536987307,20.506219482421898,22.940010833740256,-2.8887939453125,75.77777777777777,0.0,0.0,0.0,0.0,0.0,0.0,0.0,9.03523661295577,0.2007126808116766,2.2183946297544184,completed,
HRF-0149,HRF-0149,2024-04-21,0.0,48.854,2.389,10.884881591796898,10.97144470214846,12.142785644531273,11.40375671386721,19.16203536987307,20.506219482421898,22.940010833740256,-9.621337890625,14.666666666666666,0.0,0.0,0.0,0.0,0.0,0.0,0.0,1.200386301676474,2.597630023956299,4.284108192852027,completed,
HRF-0149,HRF-0149,2024-04-28,0.0,48.854,2.389,15.241510009765648,16.34504089355471,15.24048767089846,12.695230102539083,19.16203536987307,20.506219482421898,22.940010833740256,-5.26470947265625,57.44444444444444,0.0,0.0,0.0,0.0,0.0,0.0,0.0,6.992153422037802,1.7010620291557643,4.634886861484136,completed,
HRF-0151,HRF-0151,2024-09-17,1.0,48.85341,2.3488,19.98484191894533,18.595269775390648,18.649804687500023,16.494165039062523,24.373812103271508,25.57926025390628,27.17089080810549,-5.594418334960938,48.44444444444444,0.0,0.0,0.0,0.0,0.0,0.0,0.0,11.756639099121116,0.0373125076293945,4.896906774304063,completed,
HRF-0151,HRF-0151,2024-09-03,0.0,48.85341,2.3488,22.61081848144533,24.68488464355471,28.236749267578148,28.060144042968773,24.373812103271508,25.57926025390628,27.17089080810549,-2.968441772460938,75.66666666666667,0.0,0.0,0.0,0.0,0.0,0.0,0.0,16.05984458923342,3.200548887207333,1.9433665789520287,completed,
HRF-0151,HRF-0151,2024-09-10,0.0,48.85341,2.3488,17.200524902343773,18.12079772949221,20.706933593750023,23.495202636718773,24.373812103271508,25.57926025390628,27.17089080810549,-8.3787353515625,16.11111111111111,0.0,0.0,0.0,0.0,0.0,0.0,0.0,10.56487617492678,0.3536613203323213,4.431672522560286,completed,
HRF-0151,HRF-0151,2024-09-24,0.0,48.85341,2.3488,17.04902038574221,17.908242797851585,18.96529541015628,23.02167663574221,24.373812103271508,25.57926025390628,27.17089080810549,-8.530239868164063,14.555555555555555,0.0,0.0,0.0,0.0,0.0,0.0,0.0,13.202525075276696,8.965330653666115,3.691769467107005,completed,
HRF-0152,HRF-0152,2024-12-13,1.0,48.85341,2.3488,4.455010986328148,4.79364929199221,6.215020751953148,6.707513427734398,11.196971130371116,11.929420471191431,12.89745330810549,-7.474409484863283,23.225806451612904,0.0,0.0,0.0,0.0,0.0,0.0,0.0,0.4588562011718977,0.1444518566131591,1.2008905686576714,completed,
HRF-0152,HRF-0152,2024-12-06,0.0,48.85341,2.3488,12.32264099121096,13.295999145507835,5.656655883789085,8.498406982421898,11.196971130371116,11.929420471191431,12.89745330810549,0.3932205200195291,92.36559139784949,0.0,0.0,0.0,0.0,0.0,0.0,0.0,5.198637898763025,1.640918850853268,3.489688649097922,completed,
HRF-0152,HRF-0152,2024-12-20,0.0,48.85341,2.3488,8.107034301757835,12.17627868652346,13.44251403808596,8.258889770507835,11.196971130371116,11.929420471191431,12.89745330810549,-3.822386169433596,53.5483870967742,0.0,0.0,0.0,0.0,0.0,0.0,0.0,3.007743453979515,3.043830394744873,3.1528867598915555,completed,
HRF-0152,HRF-0152,2024-12-27,0.0,48.85341,2.3488,5.454705810546898,8.263421630859398,10.280435180664083,9.060418701171898,11.196971130371116,11.929420471191431,12.89745330810549,-6.474714660644533,31.290322580645164,0.0,0.0,0.0,0.0,0.0,0.0,0.0,0.3364349365234602,0.005054623613887,0.8401819912484026,completed,
HRF-0153,HRF-0153,2024-12-24,1.0,48.85341,2.3488,9.060418701171898,7.476617431640648,10.701623535156273,10.821954345703148,11.196971130371116,11.929420471191431,12.89745330810549,-2.8690017700195334,63.33333333333333,0.0,0.0,0.0,0.0,0.0,0.0,0.0,5.964247639973962,0.8802433034702517,1.6781064582144252,completed,
HRF-0153,HRF-0153,2024-12-03,0.0,48.85341,2.3488,8.498406982421898,11.955117797851583,12.373040771484398,7.852929687500023,11.196971130371116,11.929420471191431,12.89745330810549,-3.4310134887695334,57.52688172043011,0.0,0.0,0.0,0.0,0.0,0.0,0.0,4.638466135660849,0.918734073536598,1.1907982923122251,completed,
HRF-0153,HRF-0153,2024-12-10,0.0,48.85341,2.3488,6.707513427734398,6.702127075195335,8.144189453125023,11.264123535156273,11.196971130371116,11.929420471191431,12.89745330810549,-5.221907043457033,42.36559139784946,0.0,0.0,0.0,0.0,0.0,0.0,0.0,2.772063191731774,0.6688863037993542,4.403946507743698,completed,
HRF-0153,HRF-0153,2024-12-17,0.0,48.85341,2.3488,8.258889770507835,10.193521118164083,9.233026123046898,5.533776855468773,11.196971130371116,11.929420471191431,12.89745330810549,-3.670530700683596,55.16129032258065,0.0,0.0,0.0,0.0,0.0,0.0,0.0,5.735385513305687,0.085841007091858,2.447887084658736,completed,
HRF-0153,HRF-0153,2024-12-31,0.0,48.85341,2.3488,6.508630371093773,3.927178955078148,4.688165283203148,3.03174743652346,11.196971130371116,11.929420471191431,12.89745330810549,-5.420790100097658,40.75268817204301,0.0,0.0,0.0,0.0,0.0,0.0,0.0,2.6430107116699446,0.218510627746582,3.463984122034712,completed,
HRF-0154,HRF-0154,2025-01-15,1.0,-6.2088,106.8456,30.329263305664085,28.895959472656276,29.224786376953148,29.082879638671898,29.65918884277346,29.918942260742213,30.398468017578143,0.4103210449218721,94.3010752688172,0.0,0.0,0.0,0.0,0.0,0.0,0.0,23.398148473103845,0.3481268882410404,3.0367619419063203,completed,
HRF-0154,HRF-0154,2025-01-01,0.0,-6.2088,106.8456,27.677667236328148,29.559854125976585,29.79029235839846,29.38373718261721,29.65918884277346,29.918942260742213,30.398468017578143,-2.2412750244140653,20.537634408602152,0.0,0.0,0.0,0.0,0.0,0.0,0.0,23.2123682657878,5.687624216079712,2.858428227402536,completed,
HRF-0154,HRF-0154,2025-01-08,0.0,-6.2088,106.8456,29.240930175781276,29.492089843750023,30.393395996093773,30.198693847656276,29.65918884277346,29.918942260742213,30.398468017578143,-0.6780120849609403,74.51612903225806,0.0,0.0,0.0,0.0,0.0,0.0,0.0,23.27693583170577,67.50101149071952,2.4592392389718505,completed,
HRF-0154,HRF-0154,2025-01-22,0.0,-6.2088,106.8456,28.526818847656276,28.38190612792971,27.324792480468773,29.31592712402346,29.65918884277346,29.918942260742213,30.398468017578143,-1.3921234130859403,49.03225806451613,0.0,0.0,0.0,0.0,0.0,0.0,0.0,23.039389546712243,2.615609765030058,2.0023235851634533,completed,
HRF-0154,HRF-0154,2025-01-29,0.0,-6.2088,106.8456,26.87058410644533,27.39508972167971,28.553277587890648,28.265191650390648,29.65918884277346,29.918942260742213,30.398468017578143,-3.048358154296878,6.881720430107527,0.0,0.0,0.0,0.0,0.0,0.0,0.0,22.56538607279464,12.8411354244804,3.932651464982225,completed,
HRF-0155,HRF-0155,2025-01-21,1.0,40.73583,31.60611,8.83045349121096,5.190850830078148,6.151147460937523,4.730645751953148,7.423162078857445,8.24530944824221,9.299021148681662,0.58514404296875,93.11827956989248,0.0,0.0,0.0,0.0,0.0,0.0,0.0,-3.063219451904274,0.0504702329067185,1.814324718393348,completed,
HRF-0155,HRF-0155,2025-01-07,0.0,40.73583,31.60611,10.080712890625025,6.498025512695335,4.153588867187523,7.049981689453148,7.423162078857445,8.24530944824221,9.299021148681662,1.8354034423828125,96.88172043010752,0.0,0.0,0.0,0.0,0.0,0.0,0.0,-0.1994581858317019,0.0021358308686103,2.0078461056064354,completed,
HRF-0155,HRF-0155,2025-01-14,0.0,40.73583,31.60611,3.3536163330078352,4.626153564453148,7.12256774902346,8.043145751953148,7.423162078857445,8.24530944824221,9.299021148681662,-4.891693115234375,55.26881720430108,0.0,0.0,0.0,0.0,0.0,0.0,0.0,0.5252738952636946,4.632884263912729,0.8295405048686193,completed,
HRF-0155,HRF-0155,2025-01-28,0.0,40.73583,31.60611,10.11017761230471,10.458215332031273,10.033242797851583,4.31403503417971,7.423162078857445,8.24530944824221,9.299021148681662,1.8648681640625,96.88172043010752,0.0,0.0,0.0,0.0,0.0,0.0,1.0,-1.3813098907470476,0.0030428170134655,1.9230315918943164,completed,
HRF-0156,HRF-0156,2025-01-23,1.0,-37.8136,144.9631,20.64991149902346,20.72284851074221,30.922204589843773,31.7311950683594,32.601053619384786,33.942726135253935,36.234969329834,-13.292814636230474,23.655913978494624,0.0,0.0,0.0,0.0,0.0,0.0,0.0,10.618608729044638,1.004779338074968,4.243461748887453,completed,
HRF-0156,HRF-0156,2025-01-02,0.0,-37.8136,144.9631,20.294519042968773,21.574884033203148,24.025201416015648,26.576806640625023,32.601053619384786,33.942726135253935,36.234969329834,-13.648207092285162,20.537634408602152,0.0,0.0,0.0,0.0,0.0,0.0,0.0,8.06030934651693,0.0,3.482828736869927,completed,
HRF-0156,HRF-0156,2025-01-09,0.0,-37.8136,144.9631,30.326760864257835,28.864434814453148,24.218652343750023,18.454141235351585,32.601053619384786,33.942726135253935,36.234969329834,-3.615965270996099,78.81720430107528,0.0,0.0,0.0,0.0,0.0,0.0,0.0,12.458722050984704,0.0,0.7125975221203684,completed,
HRF-0156,HRF-0156,2025-01-16,0.0,-37.8136,144.9631,20.09070739746096,24.976113891601585,26.920938110351585,26.252740478515648,32.601053619384786,33.942726135253935,36.234969329834,-13.852018737792974,19.13978494623656,0.0,0.0,0.0,0.0,0.0,0.0,0.0,11.094569142659507,0.4129499196210417,3.9113110852601416,completed,
HRF-0156,HRF-0156,2025-01-30,0.0,-37.8136,144.9631,21.778482055664085,20.31806335449221,21.838662719726585,38.4038024902344,32.601053619384786,33.942726135253935,36.234969329834,-12.16424407958985,33.33333333333333,0.0,0.0,0.0,0.0,0.0,0.0,0.0,9.89481887817385,0.0005245207717052,3.5212882649479917,completed,
HRF-0157,HRF-0157,2025-01-27,1.0,48.85341,2.3488,11.20386657714846,9.411767578125025,11.380731201171898,11.434426879882835,10.8317810058594,11.519348144531271,12.427801513671897,-0.3154815673828128,87.41935483870968,0.0,0.0,0.0,0.0,0.0,0.0,0.0,5.705576197306357,5.258309841053688,7.033515309113398,completed,
HRF-0157,HRF-0157,2025-01-06,0.0,48.85341,2.3488,12.128228759765648,11.973138427734398,2.4440856933593977,4.101098632812523,10.8317810058594,11.519348144531271,12.427801513671897,0.6088806152343746,93.44086021505376,0.0,0.0,0.0,0.0,0.0,0.0,0.0,4.962850189209007,3.3081602556421785,6.753327036494518,completed,
HRF-0157,HRF-0157,2025-01-13,0.0,48.85341,2.3488,2.7514434814453352,4.611169433593773,1.9049926757812727,4.637353515625023,10.8317810058594,11.519348144531271,12.427801513671897,-8.767904663085938,14.301075268817204,0.0,0.0,0.0,0.0,0.0,0.0,0.0,-2.3824199676513445,0.0043779611473837,2.0380220309810646,completed,
HRF-0157,HRF-0157,2025-01-20,0.0,48.85341,2.3488,2.361993408203148,1.9531951904297105,1.5262695312500227,2.6724334716797102,10.8317810058594,11.519348144531271,12.427801513671897,-9.157354736328124,11.827956989247312,0.0,0.0,0.0,0.0,0.0,0.0,0.0,-1.260176722208655,0.0163614749908447,1.0543624323851648,completed,
HRF-0158,HRF-0158,2025-01-29,1.0,14.5995,120.9842,26.498895263671898,27.500817871093773,28.2885681152344,29.14081726074221,29.350406646728537,29.550274658203147,29.83078536987307,-3.0513793945312493,12.365591397849462,0.0,0.0,0.0,0.0,0.0,0.0,0.0,19.442908859252952,2.3161174477195345,5.874560231916081,completed,
HRF-0158,HRF-0158,2025-01-01,0.0,14.5995,120.9842,27.5637145996094,29.565713500976585,28.74732360839846,26.73700866699221,29.350406646728537,29.550274658203147,29.83078536987307,-1.9865600585937493,28.064516129032256,0.0,0.0,0.0,0.0,0.0,0.0,0.0,23.6794092814128,8.912473917007446,1.9813044408550329,completed,
HRF-0158,HRF-0158,2025-01-08,0.0,14.5995,120.9842,27.77900085449221,28.506860351562523,28.972833251953148,27.13263854980471,29.350406646728537,29.550274658203147,29.83078536987307,-1.7712738037109368,33.655913978494624,0.0,0.0,0.0,0.0,0.0,0.0,0.0,21.4868153889974,0.3007233141829601,4.176805750882897,completed,
HRF-0158,HRF-0158,2025-01-15,0.0,14.5995,120.9842,28.778482055664085,28.359414672851585,26.552774047851585,25.539468383789085,29.350406646728537,29.550274658203147,29.83078536987307,-0.7717926025390618,67.95698924731182,0.0,0.0,0.0,0.0,0.0,0.0,0.0,22.540319697062216,0.4397988319055912,2.921584038512258,completed,
HRF-0158,HRF-0158,2025-01-22,0.0,14.5995,120.9842,28.7197204589844,29.124353027343773,28.885339355468773,29.05103454589846,29.350406646728537,29.550274658203147,29.83078536987307,-0.8305541992187493,65.91397849462366,0.0,0.0,0.0,0.0,0.0,0.0,0.0,21.75236155192061,0.058689713455351,3.633416297689155,completed,
HRF-0159,HRF-0159,2025-02-11,1.0,-34.6037,-58.3816,30.758157348632835,35.44545898437502,29.0292907714844,31.94318542480471,29.81428833007815,30.48892517089846,31.28345642089846,0.2692321777343736,92.0990566037736,0.0,0.0,1.0,0.0,0.0,0.0,0.0,20.163486735026083,11.664363741772377,3.758730361606753,completed,
HRF-0159,HRF-0159,2025-02-04,0.0,-34.6037,-58.3816,31.035272216796898,33.55343017578127,32.58767089843752,30.90570983886721,29.81428833007815,30.48892517089846,31.28345642089846,0.5463470458984361,93.75,1.0,1.0,1.0,1.0,1.0,0.0,1.0,20.160716629028343,0.8788317442736115,3.9231534191804887,completed,
HRF-0159,HRF-0159,2025-02-18,0.0,-34.6037,-58.3816,22.18992004394533,28.9536071777344,27.2709899902344,26.663140869140648,29.81428833007815,30.48892517089846,31.28345642089846,-8.299005126953126,6.9575471698113205,0.0,0.0,0.0,0.0,0.0,0.0,0.0,8.798296864827478,0.0009983777999877,3.637104624572929,completed,
HRF-0159,HRF-0159,2025-02-25,0.0,-34.6037,-58.3816,29.36506042480471,28.40784606933596,31.56055603027346,32.157388305664085,29.81428833007815,30.48892517089846,31.28345642089846,-1.1238647460937514,81.25,0.0,0.0,0.0,0.0,0.0,0.0,0.0,22.593210474650107,1.8512745133989483,0.9139152069818284,completed,
HRF-0160,HRF-0160,2025-02-13,1.0,24.1477,120.6736,16.849282836914085,17.962091064453148,20.679711914062523,18.642938232421898,23.48950805664065,24.1563659667969,25.15239105224612,-7.307083129882816,17.92452830188679,0.0,0.0,0.0,0.0,0.0,0.0,0.0,14.154046630859398,15.617953039566146,2.918709143889169,completed,
HRF-0160,HRF-0160,2025-02-06,0.0,24.1477,120.6736,18.67334899902346,17.409951782226585,15.369531250000025,15.504113769531273,23.48950805664065,24.1563659667969,25.15239105224612,-5.483016967773441,33.37264150943396,0.0,0.0,0.0,0.0,0.0,0.0,0.0,12.499710337321003,0.6392389535676557,2.000943062361106,completed,
HRF-0160,HRF-0160,2025-02-20,0.0,24.1477,120.6736,19.827203369140648,19.12522277832033,19.152062988281276,21.059228515625023,23.48950805664065,24.1563659667969,25.15239105224612,-4.3291625976562536,44.92924528301887,0.0,0.0,0.0,0.0,0.0,0.0,0.0,14.226672744751,1.5031099318889574,2.5077136838766374,completed,
HRF-0160,HRF-0160,2025-02-27,0.0,24.1477,120.6736,19.50367126464846,19.263528442382835,18.166360473632835,17.698953247070335,23.48950805664065,24.1563659667969,25.15239105224612,-4.652694702148441,41.62735849056604,0.0,0.0,0.0,0.0,0.0,0.0,0.0,13.573382949829124,0.3418094705693875,1.2877393311692085,completed,
HRF-0161,HRF-0161,2025-03-19,1.0,43.6532,-79.3832,17.185632324218773,12.387384033203148,6.81458435058596,12.76459655761721,9.466106414794943,10.882223510742213,12.944847106933612,6.303408813476562,99.46236559139786,0.0,0.0,0.0,0.0,0.0,0.0,0.0,2.6841999053955305,0.0,2.9161002694932376,completed,
HRF-0161,HRF-0161,2025-03-05,0.0,43.6532,-79.3832,6.631524658203148,4.783441162109398,1.8561798095703352,-4.461553955078102,9.466106414794943,10.882223510742213,12.944847106933612,-4.250698852539063,71.93548387096774,0.0,0.0,0.0,0.0,0.0,0.0,0.0,1.6711097717285384,15.54277837266227,3.023765708564965,completed,
HRF-0161,HRF-0161,2025-03-12,0.0,43.6532,-79.3832,0.5107208251953352,10.083428955078148,8.065423583984398,5.66217956542971,9.466106414794943,10.882223510742213,12.944847106933612,-10.371502685546876,22.365591397849464,0.0,0.0,0.0,0.0,0.0,0.0,0.0,-7.410785420735635,0.0204384326885076,2.8536945362661283,completed,
HRF-0161,HRF-0161,2025-03-26,0.0,43.6532,-79.3832,3.771768188476585,4.54047546386721,6.230126953125023,0.3099609375000227,9.466106414794943,10.882223510742213,12.944847106933612,-7.110455322265626,50.86021505376343,0.0,0.0,0.0,0.0,0.0,0.0,0.0,-6.24714635213212,0.3688514231612316,4.226086520106336,completed,
HRF-0162,HRF-0162,2025-03-20,1.0,49.2488,-122.9805,8.539163208007835,8.560235595703148,8.013162231445335,8.32917175292971,13.538031005859397,14.76105651855471,16.364964294433616,-6.221893310546875,34.086021505376344,0.0,0.0,0.0,0.0,0.0,0.0,0.0,4.648394521077478,16.038987040417396,2.9493130021580143,completed,
HRF-0162,HRF-0162,2025-03-06,0.0,49.2488,-122.9805,10.769830322265648,9.235406494140648,9.880120849609398,10.998986816406273,13.538031005859397,14.76105651855471,16.364964294433616,-3.9912261962890634,62.58064516129033,0.0,0.0,0.0,0.0,0.0,0.0,0.0,1.5652678171794037,0.0206977128982543,1.9401476898494976,completed,
HRF-0162,HRF-0162,2025-03-13,0.0,49.2488,-122.9805,7.565820312500023,7.945916748046898,6.781823730468773,6.974038696289085,13.538031005859397,14.76105651855471,16.364964294433616,-7.195236206054688,21.0752688172043,0.0,0.0,0.0,0.0,0.0,0.0,0.0,3.781400299072288,7.30566978444358,1.1742537716699049,completed,
HRF-0162,HRF-0162,2025-03-27,0.0,49.2488,-122.9805,17.916741943359398,17.394799804687523,17.428552246093773,10.905130004882835,13.538031005859397,14.76105651855471,16.364964294433616,3.1556854248046875,98.27956989247312,0.0,0.0,0.0,0.0,0.0,0.0,1.0,8.724083836873376,32.54686594004852,1.0874946725547718,completed,
HRF-0163,HRF-0163,2025-03-21,1.0,49.4521,11.0767,17.916833496093773,14.825784301757835,10.494973754882835,6.93750915527346,14.226560211181663,15.325093078613303,16.94280929565432,2.591740417480468,98.17204301075267,0.0,0.0,0.0,0.0,0.0,0.0,0.0,2.765017445882165,0.0017180678923978,2.5842228886552574,completed,
HRF-0163,HRF-0163,2025-03-07,0.0,49.4521,11.0767,14.41163024902346,13.602044677734398,11.848535156250025,10.10663757324221,14.226560211181663,15.325093078613303,16.94280929565432,-0.9134628295898448,85.91397849462365,0.0,0.0,0.0,0.0,0.0,0.0,0.0,0.7819731394450287,0.0,1.2849314010694572,completed,
HRF-0163,HRF-0163,2025-03-14,0.0,49.4521,11.0767,7.15400085449221,6.940057373046898,8.19861755371096,13.005364990234398,14.226560211181663,15.325093078613303,16.94280929565432,-8.171092224121095,32.903225806451616,0.0,0.0,0.0,0.0,0.0,0.0,0.0,0.9496774037679074,2.5540679692994672,0.5583881679401621,completed,
HRF-0163,HRF-0163,2025-03-28,0.0,49.4521,11.0767,14.335229492187525,11.39612731933596,8.45630798339846,14.50092468261721,14.226560211181663,15.325093078613303,16.94280929565432,-0.9898635864257824,85.16129032258064,0.0,0.0,0.0,0.0,0.0,0.0,0.0,2.2046969095866302,0.002150608111151,1.184805857260197,completed,
HRF-0164,HRF-0164,2025-05-06,1.0,51.5074,-0.1278,13.588357543945335,13.116967773437525,13.101525878906273,19.768838500976585,20.527776336669945,21.73100891113284,23.065443420410173,-8.1426513671875,17.634408602150536,0.0,0.0,0.0,0.0,0.0,0.0,0.0,3.5134152730306027,0.003669176180665,3.400619949639081,completed,
HRF-0164,HRF-0164,2025-05-13,0.0,51.5074,-0.1278,21.90924987792971,21.666711425781276,22.114953613281276,20.165124511718773,20.527776336669945,21.73100891113284,23.065443420410173,0.1782409667968743,90.752688172043,0.0,0.0,0.0,0.0,0.0,0.0,0.0,9.23306554158529,0.5863249301860662,2.392517886932697,completed,
HRF-0164,HRF-0164,2025-05-20,0.0,51.5074,-0.1278,20.718057250976585,17.274880981445335,18.011621093750023,18.804528808593773,20.527776336669945,21.73100891113284,23.065443420410173,-1.0129516601562507,85.59139784946237,0.0,0.0,0.0,0.0,0.0,0.0,0.0,6.988936996459984,0.0286539957983222,1.6923143328137475,completed,
HRF-0164,HRF-0164,2025-05-27,0.0,51.5074,-0.1278,16.040490722656273,17.144342041015648,18.86701354980471,21.12409362792971,20.527776336669945,21.73100891113284,23.065443420410173,-5.690518188476563,48.70967741935484,0.0,0.0,0.0,0.0,0.0,0.0,0.0,12.14053624471029,5.222794413555221,5.975847174124021,completed,
HRF-0165,HRF-0165,2025-05-17,1.0,43.7315,-79.7624,22.7709899902344,26.478387451171898,22.007958984375023,17.45746765136721,24.76857376098635,26.327236938476585,27.8054512023926,-3.556246948242187,77.63440860215054,0.0,0.0,0.0,0.0,0.0,0.0,0.0,11.102546946207724,5.441921949397965,3.100843861715305,completed,
HRF-0165,HRF-0165,2025-05-03,0.0,43.7315,-79.7624,13.592950439453148,17.91297302246096,11.158074951171898,13.60114440917971,24.76857376098635,26.327236938476585,27.8054512023926,-12.734286499023437,15.806451612903224,0.0,0.0,0.0,0.0,0.0,0.0,0.0,4.400029118855798,1.0831505060195925,1.918570536730256,completed,
HRF-0165,HRF-0165,2025-05-10,0.0,43.7315,-79.7624,22.660562133789085,15.705316162109398,14.09223327636721,22.464654541015648,24.76857376098635,26.327236938476585,27.8054512023926,-3.6666748046874993,76.98924731182795,0.0,0.0,0.0,0.0,0.0,0.0,0.0,-0.6812391916910769,0.0008583068833445,2.370386520180682,completed,
HRF-0165,HRF-0165,2025-05-24,0.0,43.7315,-79.7624,14.057733154296898,11.876870727539083,10.603509521484398,10.93018493652346,24.76857376098635,26.327236938476585,27.8054512023926,-12.269503784179689,18.064516129032256,0.0,0.0,0.0,0.0,0.0,0.0,0.0,5.987901306152367,1.3284742831274343,4.261066908873485,completed,
HRF-0165,HRF-0165,2025-05-31,0.0,43.7315,-79.7624,18.212426757812523,23.19211730957033,17.639260864257835,17.101586914062523,24.76857376098635,26.327236938476585,27.8054512023926,-8.114810180664062,49.78494623655914,0.0,0.0,0.0,0.0,0.0,0.0,0.0,6.330391820271814,0.5319568801951391,5.013684169561261,completed,
HRF-0166,HRF-0166,2025-05-20,1.0,51.4545,-2.5879,19.555947875976585,16.770974731445335,19.058465576171898,18.103356933593773,19.612801361084006,20.756938171386743,22.24345626831057,-1.2009902954101577,84.6236559139785,0.0,0.0,0.0,0.0,0.0,0.0,0.0,7.469894027709984,0.0317683384878364,1.6659808426289688,completed,
HRF-0166,HRF-0166,2025-05-06,0.0,51.4545,-2.5879,15.218652343750025,13.235192871093773,13.76923522949221,17.69037780761721,19.612801361084006,20.756938171386743,22.24345626831057,-5.53828582763672,50.64516129032258,0.0,0.0,0.0,0.0,0.0,0.0,0.0,2.929512278238974,0.001717124064271,2.958688167247397,completed,
HRF-0166,HRF-0166,2025-05-13,0.0,51.4545,-2.5879,22.084039306640648,20.319940185546898,22.487512207031276,20.074426269531276,19.612801361084006,20.756938171386743,22.24345626831057,1.3271011352539048,94.08602150537637,0.0,0.0,0.0,0.0,0.0,0.0,0.0,11.51773351033529,4.621887207026276,2.0546064811432387,completed,
HRF-0166,HRF-0166,2025-05-27,0.0,51.4545,-2.5879,15.521890258789083,15.467858886718773,15.655862426757835,17.408364868164085,19.612801361084006,20.756938171386743,22.24345626831057,-5.235047912597658,54.19354838709678,0.0,0.0,0.0,0.0,0.0,0.0,0.0,12.25406163533529,5.622652173030929,6.3464301451682665,completed,
HRF-0167,HRF-0167,2025-05-23,1.0,-36.8485,174.7633,16.565637207031273,15.922402954101583,16.447473144531273,15.526788330078148,18.505970001220724,19.05529022216799,19.57170791625979,-2.4896530151367173,45.26881720430108,0.0,0.0,0.0,0.0,0.0,0.0,0.0,10.199140803019247,0.2500265836715698,1.9711169050534847,completed,
HRF-0167,HRF-0167,2025-05-02,0.0,-36.8485,174.7633,16.49762878417971,17.436181640625023,20.45862731933596,20.11130676269533,18.505970001220724,19.05529022216799,19.57170791625979,-2.55766143798828,44.516129032258064,0.0,0.0,0.0,0.0,0.0,0.0,0.0,10.673939005533896,2.3038237522428062,4.038872650805924,completed,
HRF-0167,HRF-0167,2025-05-09,0.0,-36.8485,174.7633,19.000268554687523,18.986474609375023,18.36011657714846,17.95954284667971,18.505970001220724,19.05529022216799,19.57170791625979,-0.0550216674804673,89.03225806451613,0.0,0.0,0.0,0.0,0.0,0.0,0.0,13.192178344726583,7.976832985775673,2.954047851131749,completed,
HRF-0167,HRF-0167,2025-05-16,0.0,-36.8485,174.7633,18.156762695312523,17.76777038574221,18.116357421875023,17.214288330078148,18.505970001220724,19.05529022216799,19.57170791625979,-0.8985275268554673,80.0,0.0,0.0,0.0,0.0,0.0,0.0,0.0,12.410852050781273,0.0043243168761364,1.9464803491696776,completed,
HRF-0167,HRF-0167,2025-05-30,0.0,-36.8485,174.7633,16.985101318359398,17.15082702636721,18.037530517578148,17.98328552246096,18.505970001220724,19.05529022216799,19.57170791625979,-2.0701889038085923,55.376344086021504,0.0,0.0,0.0,0.0,0.0,0.0,0.0,10.339933649698937,0.1803934574127197,8.439334898813764,completed,
HRF-0168,HRF-0168,2025-06-06,1.0,49.2583,4.0317,20.03608093261721,20.193658447265648,19.014520263671898,23.526757812500023,25.711934661865257,26.79847869873049,28.57511825561525,-6.762397766113281,42.333333333333336,0.0,0.0,0.0,0.0,0.0,0.0,0.0,12.19094810485842,4.980608820915222,4.311003574896684,completed,
HRF-0168,HRF-0168,2025-06-13,0.0,49.2583,4.0317,31.713037109375023,29.759942626953148,23.950524902343773,22.51893005371096,25.711934661865257,26.79847869873049,28.57511825561525,4.914558410644531,98.55555555555556,0.0,0.0,0.0,0.0,0.0,0.0,0.0,18.50313021341964,6.399250030483472,1.6930831121554146,completed,
HRF-0168,HRF-0168,2025-06-20,0.0,49.2583,4.0317,27.26361999511721,27.371423339843773,25.722436523437523,25.63984069824221,25.711934661865257,26.79847869873049,28.57511825561525,0.4651412963867187,91.7777777777778,0.0,0.0,0.0,0.0,0.0,0.0,0.0,12.798790868123376,0.0008463858875984,3.1120262581250824,completed,
HRF-0168,HRF-0168,2025-06-27,0.0,49.2583,4.0317,25.438043212890648,24.920281982421898,30.558938598632835,26.08371887207033,25.711934661865257,26.79847869873049,28.57511825561525,-1.3604354858398438,83.55555555555556,0.0,0.0,0.0,0.0,0.0,0.0,0.0,16.9166084289551,2.001360058784485,2.7425118026074213,completed,
HRF-0169,HRF-0169,2025-06-13,1.0,25.07725,55.30927,44.82833251953127,43.52710876464846,42.76624450683596,42.38912353515627,43.89167327880862,44.32953186035159,44.98021926879885,0.4988006591796861,94.0,0.0,0.0,0.0,0.0,0.0,0.0,0.0,19.141720708211267,0.0017195939676639,1.9433457511033456,completed,
HRF-0169,HRF-0169,2025-06-06,0.0,25.07725,55.30927,36.2291198730469,38.24448547363284,38.35151062011721,40.893228149414085,43.89167327880862,44.32953186035159,44.98021926879885,-8.100411987304689,1.3333333333333337,0.0,0.0,0.0,0.0,0.0,0.0,0.0,19.462513860066736,0.0,3.678945242355024,completed,
HRF-0169,HRF-0169,2025-06-20,0.0,25.07725,55.30927,41.807290649414085,42.86005554199221,43.421121215820335,44.30227050781252,43.89167327880862,44.32953186035159,44.98021926879885,-2.5222412109375014,52.888888888888886,0.0,0.0,0.0,0.0,0.0,0.0,0.0,22.812951024373376,0.0008463858875984,3.636366146878962,completed,
HRF-0169,HRF-0169,2025-06-27,0.0,25.07725,55.30927,43.15712890625002,42.50980529785159,41.64441833496096,40.29551086425784,43.89167327880862,44.32953186035159,44.98021926879885,-1.172402954101564,74.44444444444444,0.0,0.0,0.0,0.0,0.0,0.0,0.0,23.268821970621783,0.0,1.8367802507741613,completed,
HRF-0170,HRF-0170,2025-07-01,1.0,-36.8485,174.7633,15.106057739257835,15.460992431640648,15.15900573730471,14.783380126953148,15.066333007812522,15.404389953613302,15.966480255126976,-0.298332214355467,85.26881720430107,0.0,0.0,0.0,0.0,0.0,0.0,0.0,7.74045079549154,0.0012814998626708,2.0286747521130035,completed,
HRF-0170,HRF-0170,2025-07-08,0.0,-36.8485,174.7633,14.543420410156273,13.663247680664083,14.348977661132835,16.584207153320335,15.066333007812522,15.404389953613302,15.966480255126976,-0.8609695434570295,69.78494623655914,0.0,0.0,0.0,0.0,0.0,0.0,0.0,9.182022349039755,0.1641511917114257,5.8787914998256445,completed,
HRF-0170,HRF-0170,2025-07-15,0.0,-36.8485,174.7633,14.24469909667971,15.068963623046898,14.215447998046898,15.442376708984398,15.066333007812522,15.404389953613302,15.966480255126976,-1.159690856933592,59.78494623655914,0.0,0.0,0.0,0.0,0.0,0.0,0.0,8.461845016479515,3.605940937990937,9.436567463111937,completed,
HRF-0170,HRF-0170,2025-07-22,0.0,-36.8485,174.7633,11.986428833007835,11.71924743652346,13.714761352539083,14.52356872558596,15.066333007812522,15.404389953613302,15.966480255126976,-3.417961120605467,8.709677419354838,0.0,0.0,0.0,0.0,0.0,0.0,0.0,5.595012919108115,0.0,3.101143407703656,completed,
HRF-0170,HRF-0170,2025-07-29,0.0,-36.8485,174.7633,15.474816894531273,16.142190551757835,15.701684570312525,15.318963623046898,15.066333007812522,15.404389953613302,15.966480255126976,0.0704269409179705,91.0752688172043,0.0,0.0,0.0,0.0,0.0,0.0,1.0,13.071564610799156,32.92566537857056,4.721946679700968,completed,
HRF-0171,HRF-0171,2025-07-07,1.0,30.0626,31.2461,37.67116699218752,37.11951599121096,36.91315612792971,37.8720642089844,38.50402984619143,39.17849121093752,40.00622558593752,-1.50732421875,71.3978494623656,0.0,0.0,0.0,0.0,0.0,0.0,0.0,14.95079828898116,0.0,2.70663135636783,completed,
HRF-0171,HRF-0171,2025-07-14,0.0,30.0626,31.2461,35.55756530761721,35.89681396484377,36.97683105468752,37.01517639160159,38.50402984619143,39.17849121093752,40.00622558593752,-3.620925903320313,26.12903225806452,0.0,0.0,0.0,0.0,0.0,0.0,0.0,16.583818689982138,0.0,2.272833723366915,completed,
HRF-0171,HRF-0171,2025-07-21,0.0,30.0626,31.2461,37.88465270996096,36.66506347656252,37.52607116699221,38.98276672363284,38.50402984619143,39.17849121093752,40.00622558593752,-1.2938385009765625,75.91397849462366,0.0,0.0,0.0,0.0,0.0,0.0,0.0,17.499124145507835,0.0,2.561652386798556,completed,
HRF-0171,HRF-0171,2025-07-28,0.0,30.0626,31.2461,40.16925964355471,41.89302978515627,41.8168884277344,40.62708435058596,38.50402984619143,39.17849121093752,40.00622558593752,0.9907684326171876,95.59139784946235,1.0,1.0,1.0,1.0,1.0,1.0,1.0,17.703767395019554,0.0,2.649806827585337,completed,
HRF-0172,HRF-0172,2025-07-10,1.0,-33.4489,-70.6693,15.649072265625025,14.17267761230471,17.872430419921898,19.81324157714846,18.82979125976565,19.817425537109397,21.29897155761721,-4.168353271484371,58.06451612903226,0.0,0.0,0.0,0.0,0.0,0.0,0.0,-0.5342423756916901,0.0004202127747987,1.0519433130579372,completed,
HRF-0172,HRF-0172,2025-07-03,0.0,-33.4489,-70.6693,22.339944458007835,19.850762939453148,17.146386718750023,14.12055358886721,18.82979125976565,19.817425537109397,21.29897155761721,2.5225189208984418,97.41935483870968,0.0,0.0,0.0,0.0,0.0,0.0,0.0,2.33205375671389,0.0004351138045421,1.9031882046348991,completed,
HRF-0172,HRF-0172,2025-07-17,0.0,-33.4489,-70.6693,21.57911071777346,14.38599548339846,11.589044189453148,14.532037353515648,18.82979125976565,19.817425537109397,21.29897155761721,1.7616851806640668,95.6989247311828,0.0,0.0,0.0,0.0,0.0,0.0,0.0,-0.4318508148193132,0.0008560787136957,1.6855850018362482,completed,
HRF-0172,HRF-0172,2025-07-24,0.0,-33.4489,-70.6693,14.086465454101583,17.032922363281273,21.349038696289085,18.1494079589844,18.82979125976565,19.817425537109397,21.29897155761721,-5.730960083007808,43.655913978494624,0.0,0.0,0.0,0.0,0.0,0.0,0.0,2.442009862264001,0.0173598526771456,0.3791047954989607,completed,
HRF-0172,HRF-0172,2025-07-31,0.0,-33.4489,-70.6693,13.07502136230471,16.649758911132835,22.824334716796898,20.725000000000023,18.82979125976565,19.817425537109397,21.29897155761721,-6.742404174804683,33.87096774193548,0.0,0.0,0.0,0.0,0.0,0.0,0.0,8.147220865885458,11.876818536620704,0.404141979061512,completed,
HRF-0173,HRF-0173,2025-07-11,1.0,51.5074,-0.1278,28.833306884765648,28.125177001953148,24.245401000976585,22.0895935058594,25.072434997558616,25.959378051757835,27.4547431945801,2.873928833007813,97.8494623655914,0.0,0.0,0.0,0.0,0.0,0.0,0.0,13.792995071411156,0.0004351138613856,1.6910625731880733,completed,
HRF-0173,HRF-0173,2025-07-04,0.0,51.5074,-0.1278,25.446588134765648,22.593469238281276,21.941766357421898,32.88814697265627,25.072434997558616,25.959378051757835,27.4547431945801,-0.5127899169921868,86.88172043010752,0.0,0.0,0.0,0.0,0.0,0.0,0.0,8.749420420328818,0.0008523463179699,3.5298545301840947,completed,
HRF-0173,HRF-0173,2025-07-18,0.0,51.5074,-0.1278,27.16623840332033,24.87424621582033,24.10468444824221,21.445901489257835,25.072434997558616,25.959378051757835,27.4547431945801,1.2068603515625007,94.19354838709675,0.0,0.0,0.0,0.0,0.0,0.0,0.0,15.738186772664392,0.4037251049453516,2.5029119137514164,completed,
HRF-0173,HRF-0173,2025-07-25,0.0,51.5074,-0.1278,24.20310363769533,20.608453369140648,21.68555603027346,22.52021179199221,25.072434997558616,25.959378051757835,27.4547431945801,-1.7562744140624993,79.35483870967742,0.0,0.0,0.0,0.0,0.0,0.0,0.0,13.89922930399581,0.1269876956939697,1.589401271167019,completed,
HRF-0174,HRF-0174,2025-07-12,1.0,39.9334,32.8597,36.11354980468752,34.897988891601585,35.18958435058596,34.37960205078127,33.185734558105494,34.00406951904299,35.02250671386721,2.10948028564453,98.38709677419357,1.0,1.0,1.0,1.0,1.0,0.0,1.0,10.736638005574548,0.0012993812106287,1.166507991426751,completed,
HRF-0174,HRF-0174,2025-07-05,0.0,39.9334,32.8597,28.363885498046898,24.0927673339844,24.489343261718773,25.545800781250023,33.185734558105494,34.00406951904299,35.02250671386721,-5.640184020996095,36.88172043010753,0.0,0.0,0.0,0.0,0.0,0.0,0.0,4.966107940673851,0.0004351138613856,1.5540984535450904,completed,
HRF-0174,HRF-0174,2025-07-19,0.0,39.9334,32.8597,31.15107116699221,33.72461853027346,31.737878417968773,30.836450195312523,33.185734558105494,34.00406951904299,35.02250671386721,-2.8529983520507827,68.81720430107528,0.0,0.0,0.0,0.0,0.0,0.0,0.0,13.37440961201986,0.5011109064021468,1.7540295043894585,completed,
HRF-0174,HRF-0174,2025-07-26,0.0,39.9334,32.8597,32.4282165527344,32.84778747558596,34.55767211914065,35.57215270996096,33.185734558105494,34.00406951904299,35.02250671386721,-1.5758529663085952,80.64516129032258,0.0,0.0,0.0,0.0,0.0,0.0,0.0,3.8256406148274777,0.0,4.147354895089464,completed,
HRF-0175,HRF-0175,2025-08-17,1.0,37.5665,126.978,29.230996704101585,29.346765136718773,29.380761718750023,26.719094848632835,30.952820587158225,31.611174011230496,32.54741744995119,-2.3801773071289105,63.33333333333333,0.0,0.0,0.0,0.0,0.0,0.0,0.0,23.99477094014486,0.7512122392654419,1.896166585821323,completed,
HRF-0175,HRF-0175,2025-08-03,0.0,37.5665,126.978,29.855889892578148,32.50582275390627,32.84133300781252,32.31464538574221,30.952820587158225,31.611174011230496,32.54741744995119,-1.755284118652348,71.82795698924731,0.0,0.0,0.0,0.0,0.0,0.0,0.0,22.59803924560549,42.59297847738708,0.8767130894543625,completed,
HRF-0175,HRF-0175,2025-08-10,0.0,37.5665,126.978,30.588098144531276,26.865258789062523,29.038018798828148,29.619241333007835,30.952820587158225,31.611174011230496,32.54741744995119,-1.023075866699223,80.96774193548387,0.0,0.0,0.0,0.0,0.0,0.0,0.0,21.87594375610354,0.0048965215668772,0.151062046040549,completed,
HRF-0175,HRF-0175,2025-08-24,0.0,37.5665,126.978,31.375543212890648,30.222253417968773,29.995538330078148,30.816583251953148,30.952820587158225,31.611174011230496,32.54741744995119,-0.235630798339848,87.74193548387098,0.0,0.0,0.0,0.0,0.0,0.0,0.0,24.6520820617676,1.7876029014587402,1.320318090360568,completed,
HRF-0175,HRF-0175,2025-08-31,0.0,37.5665,126.978,30.287744140625023,29.94538269042971,29.095071411132835,29.040429687500023,30.952820587158225,31.611174011230496,32.54741744995119,-1.323429870605473,78.06451612903226,0.0,0.0,0.0,0.0,0.0,0.0,0.0,24.3015024820964,10.752312358818015,2.413173004640925,completed,
HRF-0176,HRF-0176,2025-09-07,1.0,19.076,72.8777,26.703332519531276,26.67380676269533,27.350244140625023,26.399499511718773,29.69666137695315,30.17411956787112,31.03835220336916,-3.470787048339844,6.0,0.0,0.0,0.0,0.0,0.0,0.0,0.0,23.80474942525228,13.908514380450043,4.933043783037701,completed,
HRF-0176,HRF-0176,2025-09-14,0.0,19.076,72.8777,27.50681457519533,28.14020690917971,28.482690429687523,28.4760681152344,29.69666137695315,30.17411956787112,31.03835220336916,-2.667304992675781,21.77777777777777,0.0,0.0,0.0,0.0,0.0,0.0,0.0,24.14935582478841,29.04754281043864,2.634512557510704,completed,
HRF-0176,HRF-0176,2025-09-21,0.0,19.076,72.8777,28.653527832031276,27.894372558593773,28.209405517578148,27.694390869140648,29.69666137695315,30.17411956787112,31.03835220336916,-1.5205917358398438,61.66666666666667,0.0,0.0,0.0,0.0,0.0,0.0,0.0,24.401205952962243,15.266078710453712,1.6689465576282347,completed,
HRF-0176,HRF-0176,2025-09-28,0.0,19.076,72.8777,26.955926513671898,27.403283691406276,28.044946289062523,27.915185546875023,29.69666137695315,30.17411956787112,31.03835220336916,-3.2181930541992188,8.88888888888889,0.0,0.0,0.0,0.0,0.0,0.0,0.0,23.76076914469405,84.77018237300626,7.491676475470525,completed,
HRF-0177,HRF-0177,2025-09-16,1.0,6.4494,3.397,25.36609802246096,27.310174560546898,27.7495056152344,26.10642395019533,27.44295578002932,27.602742004394557,27.8254577636719,-2.236643981933593,4.444444444444445,0.0,0.0,0.0,0.0,0.0,0.0,0.0,22.82963587443038,35.142526030540466,3.831992178174093,completed,
HRF-0177,HRF-0177,2025-09-02,0.0,6.4494,3.397,26.907739257812523,26.780603027343773,26.52497253417971,26.388345336914085,27.44295578002932,27.602742004394557,27.8254577636719,-0.6950027465820305,55.333333333333336,0.0,0.0,0.0,0.0,0.0,0.0,0.0,21.947078959147177,0.2862386123183569,5.193888001529039,completed,
HRF-0177,HRF-0177,2025-09-09,0.0,6.4494,3.397,26.766046142578148,27.677392578125023,27.82624206542971,27.84485778808596,27.44295578002932,27.602742004394557,27.8254577636719,-0.8366958618164055,47.11111111111111,0.0,0.0,0.0,0.0,0.0,0.0,0.0,22.820975875854515,5.835202336299972,4.814331009239653,completed,
HRF-0177,HRF-0177,2025-09-23,0.0,6.4494,3.397,27.9484802246094,26.553857421875023,27.52942810058596,27.465783691406276,27.44295578002932,27.602742004394557,27.8254577636719,0.3457382202148444,96.0,0.0,0.0,0.0,0.0,0.0,0.0,0.0,23.457990900675497,5.021527409553528,3.7969300016668384,completed,
HRF-0177,HRF-0177,2025-09-30,0.0,6.4494,3.397,27.124185180664085,26.78064880371096,27.511346435546898,27.472573852539085,27.44295578002932,27.602742004394557,27.8254577636719,-0.478556823730468,68.77777777777779,0.0,0.0,0.0,0.0,0.0,0.0,0.0,23.998691177368187,4.697519540684425,3.747865178026139,completed,
HRF-0178,HRF-0178,2025-10-10,1.0,47.39484,0.70398,18.397790527343773,17.73731384277346,19.963494873046898,19.239526367187523,20.44117584228518,21.685845947265648,23.27011642456057,-3.288055419921875,68.17204301075269,0.0,0.0,0.0,0.0,0.0,0.0,0.0,10.426779047648154,0.0024139881134033,2.900516987169929,completed,
HRF-0178,HRF-0178,2025-10-03,0.0,47.39484,0.70398,18.358804321289085,18.45090637207033,19.31467590332033,19.637857055664085,20.44117584228518,21.685845947265648,23.27011642456057,-3.3270416259765625,67.95698924731182,0.0,0.0,0.0,0.0,0.0,0.0,0.0,11.254971440633142,1.7503380774996913,2.927543492811643,completed,
HRF-0178,HRF-0178,2025-10-17,0.0,47.39484,0.70398,16.656152343750023,17.68158874511721,17.600549316406273,18.264123535156276,20.44117584228518,21.685845947265648,23.27011642456057,-5.029693603515625,47.956989247311824,0.0,0.0,0.0,0.0,0.0,0.0,0.0,7.63751118977865,0.0414490699718328,3.8191589339976417,completed,
HRF-0178,HRF-0178,2025-10-24,0.0,47.39484,0.70398,13.287026977539083,16.172448730468773,17.299401855468773,16.627526855468773,20.44117584228518,21.685845947265648,23.27011642456057,-8.398818969726562,16.021505376344088,0.0,0.0,0.0,0.0,0.0,0.0,0.0,5.788982009887718,0.3548502921262297,4.368037793169052,completed,
HRF-0178,HRF-0178,2025-10-31,0.0,47.39484,0.70398,17.862359619140648,12.95050964355471,14.566125488281273,15.673577880859398,20.44117584228518,21.685845947265648,23.27011642456057,-3.823486328125,62.473118279569896,0.0,0.0,0.0,0.0,0.0,0.0,0.0,10.410355504353843,0.9263753890991212,3.8294601191053217,completed,
HRF-0179,HRF-0179,2025-10-11,1.0,35.0456,-85.3097,24.010125732421898,22.893106079101585,22.787805175781276,26.46735534667971,26.10545349121096,26.94308776855471,27.91297607421877,-2.932962036132814,67.52688172043011,0.0,0.0,0.0,0.0,0.0,0.0,0.0,11.20547701517745,0.0004351138045421,0.7374013841128788,completed,
HRF-0179,HRF-0179,2025-10-04,0.0,35.0456,-85.3097,26.53391418457033,26.018762207031276,26.96460876464846,29.60202941894533,26.10545349121096,26.94308776855471,27.91297607421877,-0.4091735839843764,88.17204301075269,0.0,0.0,0.0,0.0,0.0,0.0,0.0,12.09172083536788,0.0008523463179699,0.98417896006273,completed,
HRF-0179,HRF-0179,2025-10-18,0.0,35.0456,-85.3097,26.47028503417971,27.084130859375023,26.380670166015648,27.82541809082033,26.10545349121096,26.94308776855471,27.91297607421877,-0.4728027343750014,87.95698924731182,0.0,0.0,0.0,0.0,0.0,0.0,0.0,15.135430272420251,0.4266381262709728,1.8307248183331448,completed,
HRF-0179,HRF-0179,2025-10-25,0.0,35.0456,-85.3097,20.840661621093773,18.256372070312523,22.261682128906276,19.46515808105471,26.10545349121096,26.94308776855471,27.91297607421877,-6.102426147460939,40.32258064516129,0.0,0.0,0.0,0.0,0.0,0.0,0.0,3.458488718668661,0.0,1.1628613650809063,completed,
HRF-0181,HRF-0181,2025-10-18,1.0,22.28299,114.15846,30.160363769531276,29.525064086914085,29.289270019531276,29.32911071777346,28.27369079589846,28.67964324951174,29.228353118896507,1.4807205200195312,98.49462365591398,0.0,0.0,0.0,0.0,0.0,0.0,1.0,23.733900324503622,0.62743127335807,3.114057811047268,completed,
HRF-0181,HRF-0181,2025-10-04,0.0,22.28299,114.15846,29.402978515625023,29.45881042480471,29.312539672851585,29.472222900390648,28.27369079589846,28.67964324951174,29.228353118896507,0.7233352661132812,95.48387096774194,0.0,0.0,0.0,0.0,0.0,0.0,1.0,24.102544403076195,15.22292494763633,8.518508783362806,completed,
HRF-0181,HRF-0181,2025-10-11,0.0,22.28299,114.15846,28.91883239746096,29.163369750976585,29.572686767578148,29.88532409667971,28.27369079589846,28.67964324951174,29.228353118896507,0.2391891479492187,92.90322580645162,0.0,0.0,0.0,0.0,0.0,0.0,1.0,23.999747848510765,4.175218939678871,4.06582551591103,completed,
HRF-0181,HRF-0181,2025-10-25,0.0,22.28299,114.15846,25.43186340332033,23.095788574218773,22.136529541015648,18.408593750000023,28.27369079589846,28.67964324951174,29.228353118896507,-3.2477798461914062,18.172043010752688,0.0,0.0,0.0,0.0,0.0,0.0,0.0,16.17203038533529,0.0205934047698974,5.054905615526727,completed,
HRF-0182,HRF-0182,2025-10-21,1.0,26.0112,-80.1495,28.719567871093773,29.11008605957033,28.28504333496096,27.419824218750023,29.90598297119143,30.18819274902346,30.56244583129885,-1.4686248779296882,56.55913978494623,0.0,0.0,0.0,0.0,0.0,0.0,0.0,22.38800455729171,1.884162425994873,2.2110166400296105,completed,
HRF-0182,HRF-0182,2025-10-07,0.0,26.0112,-80.1495,27.62879333496096,29.389306640625023,29.525598144531276,28.402978515625023,29.90598297119143,30.18819274902346,30.56244583129885,-2.5593994140625007,31.827956989247312,0.0,0.0,0.0,0.0,0.0,0.0,0.0,23.627395884196005,13.298019766807556,3.7052060082385694,completed,
HRF-0182,HRF-0182,2025-10-14,0.0,26.0112,-80.1495,28.319253540039085,28.470727539062523,27.818948364257835,27.820703125000023,29.90598297119143,30.18819274902346,30.56244583129885,-1.868939208984376,47.41935483870968,0.0,0.0,0.0,0.0,0.0,0.0,0.0,19.998548762003622,0.0207126140026048,3.640465214061088,completed,
HRF-0182,HRF-0182,2025-10-28,0.0,26.0112,-80.1495,28.9580017089844,29.49949035644533,28.342431640625023,27.73157653808596,29.90598297119143,30.18819274902346,30.56244583129885,-1.2301910400390632,61.61290322580645,0.0,0.0,0.0,0.0,0.0,0.0,0.0,22.691637929280603,3.2949745645964867,1.273091070301163,completed,
HRF-0183,HRF-0183,2025-11-04,1.0,44.53842,18.66709,11.74097595214846,15.190820312500025,20.957818603515648,20.967736816406276,17.465184020996116,18.54175262451174,19.641649627685567,-6.8007766723632805,50.22222222222222,0.0,0.0,0.0,0.0,0.0,0.0,0.0,4.349952952067099,0.0135630368163219,0.7490329112376953,completed,
HRF-0183,HRF-0183,2025-11-11,0.0,44.53842,18.66709,12.950967407226583,8.210717773437523,11.956658935546898,7.371850585937523,17.465184020996116,18.54175262451174,19.641649627685567,-5.590785217285156,56.777777777777786,0.0,0.0,0.0,0.0,0.0,0.0,0.0,6.106141026814782,0.0196307896658254,0.2617965162464993,completed,
HRF-0183,HRF-0183,2025-11-18,0.0,44.53842,18.66709,8.163308715820335,19.40583190917971,18.937707519531276,17.230874633789085,17.465184020996116,18.54175262451174,19.641649627685567,-10.378443908691406,31.555555555555557,0.0,0.0,0.0,0.0,0.0,0.0,0.0,2.574271774292015,9.218656644861769,1.091475067994622,completed,
HRF-0183,HRF-0183,2025-11-25,0.0,44.53842,18.66709,13.899072265625025,6.431069946289085,0.8186737060547102,1.3525329589843975,17.465184020996116,18.54175262451174,19.641649627685567,-4.642680358886718,61.88888888888889,0.0,0.0,0.0,0.0,0.0,0.0,0.0,5.482067998250329,2.6287376880596014,2.343429304268844,completed,
HRF-0184,HRF-0184,2025-11-11,1.0,-23.5505,-46.6333,23.14478454589846,20.29831848144533,18.84455261230471,25.031289672851585,28.217774963378933,28.87786102294924,29.727056884765645,-5.73307647705078,33.111111111111114,0.0,0.0,0.0,0.0,0.0,0.0,0.0,10.874777094523154,0.0017195939108205,2.982102258207952,completed,
HRF-0184,HRF-0184,2025-11-04,0.0,-23.5505,-46.6333,26.538537597656276,25.334130859375023,24.418237304687523,25.75910339355471,28.217774963378933,28.87786102294924,29.727056884765645,-2.3393234252929678,67.66666666666666,0.0,0.0,0.0,0.0,0.0,0.0,0.0,18.101743316650413,2.7721405028273693,0.3587193709428301,completed,
HRF-0184,HRF-0184,2025-11-18,0.0,-23.5505,-46.6333,24.56568298339846,27.0639587402344,24.195520019531276,24.483438110351585,28.217774963378933,28.87786102294924,29.727056884765645,-4.31217803955078,47.22222222222222,0.0,0.0,0.0,0.0,0.0,0.0,0.0,18.57240002950033,9.62627790931947,4.515646037257775,completed,
HRF-0184,HRF-0184,2025-11-25,0.0,-23.5505,-46.6333,21.76862487792971,23.51679382324221,23.34226379394533,27.413980102539085,28.217774963378933,28.87786102294924,29.727056884765645,-7.10923614501953,21.55555555555556,0.0,0.0,0.0,0.0,0.0,0.0,0.0,14.1535360972087,1.3119518756816717,3.053583494828946,completed,
HRF-0185,HRF-0185,2025-11-17,1.0,45.7997,15.9614,16.990441894531273,17.486535644531273,16.642984008789085,16.575173950195335,15.71163787841799,16.460362243652366,17.72179107666018,0.530079650878907,92.11111111111111,0.0,0.0,0.0,0.0,0.0,0.0,1.0,8.986505762736044,10.80058813084861,1.5622912423715247,completed,
HRF-0185,HRF-0185,2025-11-03,0.0,45.7997,15.9614,14.60279235839846,19.844537353515648,19.51648864746096,19.598535156250023,15.71163787841799,16.460362243652366,17.72179107666018,-1.857569885253905,77.55555555555556,0.0,0.0,0.0,0.0,0.0,0.0,0.0,7.539814885457361,18.066108226776123,0.6149243717939551,completed,
HRF-0185,HRF-0185,2025-11-10,0.0,45.7997,15.9614,11.03138122558596,12.270349121093773,10.736596679687525,9.344842529296898,15.71163787841799,16.460362243652366,17.72179107666018,-5.4289810180664055,54.0,0.0,0.0,0.0,0.0,0.0,0.0,0.0,4.590224838256859,0.014579296021111,0.2191342764173104,completed,
HRF-0185,HRF-0185,2025-11-24,0.0,45.7997,15.9614,6.643472290039085,0.9319549560547102,1.0636077880859602,3.647393798828148,15.71163787841799,16.460362243652366,17.72179107666018,-9.81688995361328,24.88888888888889,0.0,0.0,0.0,0.0,0.0,0.0,0.0,-1.389902496337868,0.7532238960266113,2.26625870014379,completed,
HRF-0186,HRF-0186,2025-11-26,1.0,22.44695,114.17545,21.5036560058594,22.701623535156276,23.840478515625023,23.909356689453148,25.806038665771503,26.307302856445336,27.065081024169945,-4.803646850585938,19.88888888888889,0.0,0.0,0.0,0.0,0.0,0.0,0.0,6.211264546712243,0.0,4.217690959132439,completed,
HRF-0186,HRF-0186,2025-11-05,0.0,22.44695,114.17545,24.546060180664085,21.892678833007835,22.014077758789085,24.89112243652346,25.806038665771503,26.307302856445336,27.065081024169945,-1.7612426757812507,65.33333333333333,0.0,0.0,0.0,0.0,0.0,0.0,0.0,17.81707661946615,0.0206172466832299,3.195868964129608,completed,
HRF-0186,HRF-0186,2025-11-12,0.0,22.44695,114.17545,23.750054931640648,22.89386901855471,26.74396667480471,28.309106445312523,25.806038665771503,26.307302856445336,27.065081024169945,-2.557247924804688,49.77777777777778,0.0,0.0,0.0,0.0,0.0,0.0,0.0,12.596719360351583,0.0875174998782313,5.773659630308034,completed,
HRF-0186,HRF-0186,2025-11-19,0.0,22.44695,114.17545,15.735879516601583,19.028497314453148,25.779687500000023,25.206323242187523,25.806038665771503,26.307302856445336,27.065081024169945,-10.57142333984375,0.6666666666666667,0.0,0.0,0.0,0.0,0.0,0.0,0.0,-0.0103382110595475,0.0923514366100164,6.506878716752915,completed,
HRF-0187,HRF-0187,2025-11-27,1.0,43.7045,-79.349,3.618218994140648,9.222650146484398,8.306069946289085,7.213906860351585,12.412363433837914,13.53870544433596,14.781278228759788,-9.920486450195312,18.444444444444443,0.0,0.0,0.0,0.0,0.0,0.0,0.0,-3.7569151560465457,1.0333244172784362,10.559035482012275,completed,
HRF-0187,HRF-0187,2025-11-06,0.0,43.7045,-79.349,7.495095825195335,11.622720336914083,13.042810058593773,10.211053466796898,12.412363433837914,13.53870544433596,14.781278228759788,-6.043609619140625,50.0,0.0,0.0,0.0,0.0,0.0,0.0,0.0,0.4207950592041243,0.7795423268248669,6.293631507753008,completed,
HRF-0187,HRF-0187,2025-11-13,0.0,43.7045,-79.349,7.33661804199221,7.901651000976585,4.449884033203148,-0.2092041015624772,12.412363433837914,13.53870544433596,14.781278228759788,-6.20208740234375,49.0,0.0,0.0,0.0,0.0,0.0,0.0,0.0,0.8937513987223724,0.7015615701675415,7.069937070242411,completed,
HRF-0187,HRF-0187,2025-11-20,0.0,43.7045,-79.349,5.766473388671898,5.159387207031273,5.286279296875023,4.322656250000023,12.412363433837914,13.53870544433596,14.781278228759788,-7.7722320556640625,33.55555555555556,0.0,0.0,0.0,0.0,0.0,0.0,0.0,-0.3312324523925554,0.0137716531298792,1.1705183111533255,completed,
HRF-0188,HRF-0188,2025-12-09,1.0,-6.2088,106.8456,28.648278808593773,28.68586120605471,30.094400024414085,29.38581237792971,30.2678649902344,30.468955993652365,30.73675994873049,-1.8206771850585923,34.83870967741935,0.0,0.0,0.0,0.0,0.0,0.0,0.0,23.09952570597335,3.3011436462402344,1.751324382726725,completed,
HRF-0188,HRF-0188,2025-12-02,0.0,-6.2088,106.8456,29.60346374511721,30.727380371093773,30.00129089355471,31.175500488281276,30.2678649902344,30.468955993652365,30.73675994873049,-0.8654922485351548,66.55913978494624,0.0,0.0,0.0,0.0,0.0,0.0,0.0,23.79533475240072,9.239721298115455,0.3938227913582393,completed,
HRF-0188,HRF-0188,2025-12-16,0.0,-6.2088,106.8456,29.236688232421898,29.71994934082033,29.595147705078148,30.51755676269533,30.2678649902344,30.468955993652365,30.73675994873049,-1.232267761230467,54.94623655913978,0.0,0.0,0.0,0.0,0.0,0.0,0.0,23.16774457295736,6.64094090461731,4.23343831420143,completed,
HRF-0188,HRF-0188,2025-12-23,0.0,-6.2088,106.8456,29.856057739257835,29.879937744140648,28.808938598632835,29.256494140625023,30.2678649902344,30.468955993652365,30.73675994873049,-0.6128982543945298,74.83870967741936,0.0,0.0,0.0,0.0,0.0,0.0,0.0,23.761945978800497,17.666745185749733,1.904828498523521,completed,
HRF-0188,HRF-0188,2025-12-30,0.0,-6.2088,106.8456,28.352624511718773,28.982965087890648,29.833367919921898,30.002343750000023,30.2678649902344,30.468955993652365,30.73675994873049,-2.1163314819335923,25.913978494623656,0.0,0.0,0.0,0.0,0.0,0.0,0.0,23.619063949584984,13.04953396311248,1.9824031177570316,completed,
HRF-0189,HRF-0189,2025-12-09,1.0,23.3541,116.682,21.20362243652346,23.755670166015648,22.942056274414085,21.35297546386721,22.07113265991213,22.548028564453148,23.367984771728537,-1.3444061279296875,73.87096774193549,0.0,0.0,0.0,0.0,0.0,0.0,0.0,12.711504872639978,0.0386238098144531,4.893522498056743,completed,
HRF-0189,HRF-0189,2025-12-02,0.0,23.3541,116.682,23.55970153808596,23.446130371093773,21.85871276855471,21.632241821289085,22.07113265991213,22.548028564453148,23.367984771728537,1.0116729736328125,95.48387096774194,0.0,0.0,0.0,0.0,0.0,0.0,0.0,17.14787381490072,1.3103216885497204,3.277158795599611,completed,
HRF-0189,HRF-0189,2025-12-16,0.0,23.3541,116.682,20.454141235351585,17.962136840820335,19.78022155761721,21.66852722167971,22.07113265991213,22.548028564453148,23.367984771728537,-2.0938873291015625,62.903225806451616,0.0,0.0,0.0,0.0,0.0,0.0,0.0,12.41969769795736,0.0,1.6005418937832363,completed,
HRF-0189,HRF-0189,2025-12-23,0.0,23.3541,116.682,21.08033142089846,18.975640869140648,21.489175415039085,23.855676269531276,22.07113265991213,22.548028564453148,23.367984771728537,-1.4676971435546875,72.58064516129032,0.0,0.0,0.0,0.0,0.0,0.0,0.0,14.379133478800496,0.0300288199355236,1.9526732472702348,completed,
HRF-0189,HRF-0189,2025-12-30,0.0,23.3541,116.682,21.44190368652346,20.418511962890648,19.76145324707033,18.678079223632835,22.07113265991213,22.548028564453148,23.367984771728537,-1.1061248779296875,76.77419354838709,0.0,0.0,0.0,0.0,0.0,0.0,0.0,12.30428530375167,0.0037759541555715,3.500969828585637,completed,
HRF-0190,HRF-0190,2025-12-10,1.0,3.139,101.6869,29.58161315917971,29.634606933593773,30.51203308105471,30.334008789062523,29.920403289794944,30.10541839599612,30.360554504394557,-0.5238052368164112,72.68817204301075,0.0,0.0,0.0,0.0,0.0,0.0,0.0,22.450380579630576,1.2983858584334484,0.1405640429089326,completed,
HRF-0190,HRF-0190,2025-12-03,0.0,3.139,101.6869,29.62757263183596,30.14643249511721,30.817224121093773,30.465692138671898,29.920403289794944,30.10541839599612,30.360554504394557,-0.4778457641601612,73.76344086021506,0.0,0.0,0.0,0.0,0.0,0.0,0.0,23.80412000020345,12.84015476693412,0.1540755519781255,completed,
HRF-0190,HRF-0190,2025-12-17,0.0,3.139,101.6869,25.835855102539085,26.891641235351585,27.31174621582033,29.304864501953148,29.920403289794944,30.10541839599612,30.360554504394557,-4.269563293457036,1.935483870967742,0.0,0.0,0.0,0.0,0.0,0.0,0.0,23.173435465494837,34.811708331005775,0.8229065045918537,completed,
HRF-0190,HRF-0190,2025-12-24,0.0,3.139,101.6869,30.753945922851585,31.120080566406276,30.900231933593773,30.909097290039085,29.920403289794944,30.10541839599612,30.360554504394557,0.6485275268554638,98.9247311827957,1.0,1.0,1.0,1.0,1.0,1.0,1.0,23.76218312581381,2.2885501384735107,0.5848788785908132,completed,
HRF-0190,HRF-0190,2025-12-31,0.0,3.139,101.6869,29.9421325683594,30.099755859375023,29.569116210937523,29.25364074707033,29.920403289794944,30.10541839599612,30.360554504394557,-0.1632858276367237,85.91397849462365,0.0,0.0,0.0,0.0,0.0,0.0,0.0,23.59011548360189,2.113335452747833,0.3298000742926056,completed,
HRF-0191,HRF-0191,2025-12-22,1.0,43.6532,-79.3832,3.2293182373047102,3.7613311767578352,4.004083251953148,8.340554809570335,6.610393524169944,7.72844390869143,9.260906982421895,-4.49912567138672,56.88172043010753,0.0,0.0,0.0,0.0,0.0,0.0,0.0,-7.720715586344397,0.0557541846433196,4.736094133526656,completed,
HRF-0191,HRF-0191,2025-12-01,0.0,43.6532,-79.3832,1.6017242431640852,3.7963806152343977,1.3544403076172102,1.7796112060547102,6.610393524169944,7.72844390869143,9.260906982421895,-6.126719665527345,41.82795698924731,0.0,0.0,0.0,0.0,0.0,0.0,0.0,-7.580636723836221,0.0691115856170654,3.13529435077471,completed,
HRF-0191,HRF-0191,2025-12-08,0.0,43.6532,-79.3832,-3.3136047363281023,0.0420318603515852,1.9600616455078352,-1.2735656738281025,6.610393524169944,7.72844390869143,9.260906982421895,-11.042048645019532,10.75268817204301,0.0,0.0,0.0,0.0,0.0,0.0,0.0,-12.700205866495764,0.0459402799606323,3.2194176445599965,completed,
HRF-0191,HRF-0191,2025-12-15,0.0,43.6532,-79.3832,-4.168218994140602,-5.768499755859352,-1.4358123779296648,0.5131011962890852,6.610393524169944,7.72844390869143,9.260906982421895,-11.896662902832032,7.204301075268817,0.0,0.0,0.0,0.0,0.0,0.0,0.0,-10.092049026489237,1.1816672140412263,4.930920579816735,completed,
HRF-0191,HRF-0191,2025-12-29,0.0,43.6532,-79.3832,8.758462524414085,1.86365661621096,-1.5091156005859148,-1.8957885742187277,6.610393524169944,7.72844390869143,9.260906982421895,1.0300186157226552,93.33333333333331,0.0,0.0,0.0,0.0,0.0,0.0,0.0,-0.8697271982828738,17.641234397785865,5.420757077062466,completed,
HRF-0192,HRF-0192,2025-12-24,1.0,6.454,3.392,29.900933837890648,30.352349853515648,29.821679687500023,30.328485107421898,31.70580520629885,31.950361633300805,32.22900543212893,-2.049427795410157,33.44086021505376,0.0,0.0,0.0,0.0,0.0,0.0,0.0,24.53464406331381,1.3578832149505615,3.1897907974642226,completed,
HRF-0192,HRF-0192,2025-12-03,0.0,6.454,3.392,30.245141601562523,30.79078063964846,29.50129089355471,29.91590270996096,31.70580520629885,31.950361633300805,32.22900543212893,-1.705220031738282,44.623655913978496,0.0,0.0,0.0,0.0,0.0,0.0,0.0,24.671877161661826,3.98966968049308,3.6251584879889327,completed,
HRF-0192,HRF-0192,2025-12-10,0.0,6.454,3.392,29.424234008789085,29.306680297851585,28.39777526855471,29.902032470703148,31.70580520629885,31.950361633300805,32.22900543212893,-2.5261276245117195,18.817204301075268,0.0,0.0,0.0,0.0,0.0,0.0,0.0,24.49367485046389,1.331794261830055,2.682546388641356,completed,
HRF-0192,HRF-0192,2025-12-17,0.0,6.454,3.392,30.32801208496096,29.877832031250023,30.442010498046898,29.82395324707033,31.70580520629885,31.950361633300805,32.22900543212893,-1.6223495483398445,46.98924731182796,0.0,0.0,0.0,0.0,0.0,0.0,0.0,24.098647054036466,0.6985992192198864,2.4377671549167634,completed,
HRF-0192,HRF-0192,2025-12-31,0.0,6.454,3.392,31.582559204101585,30.367303466796898,29.668237304687523,31.259805297851585,31.70580520629885,31.950361633300805,32.22900543212893,-0.3678024291992194,81.39784946236558,0.0,0.0,0.0,0.0,0.0,0.0,0.0,24.670519129435263,0.7340392691617126,2.8180953686010497,completed,
HRF-0193,HRF-0193,2025-12-27,1.0,49.8951,-97.1384,-6.49584045410154,-4.286322021484352,-4.73369445800779,-12.390142822265602,-0.3457679748534934,0.6308731079101795,2.2345176696777567,-7.12671356201172,52.04301075268817,0.0,0.0,0.0,0.0,0.0,0.0,0.0,-10.897127532958962,1.6110989645312657,2.397975603045156,completed,
HRF-0193,HRF-0193,2025-12-06,0.0,49.8951,-97.1384,-11.337652587890602,-4.467016601562477,-4.214025878906227,-7.023291015624977,-0.3457679748534934,0.6308731079101795,2.2345176696777567,-11.968525695800782,31.18279569892473,0.0,0.0,0.0,0.0,0.0,0.0,0.0,-22.863414510091133,0.0073611736297607,2.8425780867669403,completed,
HRF-0193,HRF-0193,2025-12-13,0.0,49.8951,-97.1384,-20.035910034179665,-10.825720214843727,-10.99486389160154,-7.299093627929665,-0.3457679748534934,0.6308731079101795,2.2345176696777567,-20.666783142089844,9.78494623655914,0.0,0.0,0.0,0.0,0.0,0.0,0.0,-26.744058354695625,0.052085518802869,4.662842015208213,completed,
HRF-0193,HRF-0193,2025-12-20,0.0,49.8951,-97.1384,-9.230474853515602,-13.04643859863279,-4.379370117187477,-4.424810791015602,-0.3457679748534934,0.6308731079101795,2.2345176696777567,-9.861347961425782,39.13978494623656,0.0,0.0,0.0,0.0,0.0,0.0,0.0,-18.782275263468392,0.7681131361891858,4.498201799626823,completed,
HRF-0194,HRF-0194,2026-01-09,1.0,48.1351,11.582,5.471353149414085,0.7043243408203352,-3.3164581298827898,-3.0181945800781023,7.7762275695801,8.75769958496096,9.993460083007832,-3.286346435546875,69.6774193548387,0.0,0.0,0.0,0.0,0.0,0.0,0.0,-1.4537681579589616,3.958472609497221,2.5647621181804907,completed,
HRF-0194,HRF-0194,2026-01-02,0.0,48.1351,11.582,1.0938354492187727,3.387002563476585,-0.8529876708984148,-0.1350006103515397,7.7762275695801,8.75769958496096,9.993460083007832,-7.6638641357421875,32.043010752688176,0.0,0.0,0.0,0.0,0.0,0.0,0.0,-5.844597244262673,3.711658716156308,4.81248602738963,completed,
HRF-0194,HRF-0194,2026-01-16,0.0,48.1351,11.582,6.549539184570335,8.554345703125023,7.321679687500023,7.506463623046898,7.7762275695801,8.75769958496096,9.993460083007832,-2.208160400390625,77.31182795698925,0.0,0.0,0.0,0.0,0.0,0.0,0.0,-2.1862161000569245,0.001735444584483,1.0914481368836877,completed,
HRF-0194,HRF-0194,2026-01-23,0.0,48.1351,11.582,3.490045166015648,2.6514678955078352,4.476556396484398,4.869729614257835,7.7762275695801,8.75769958496096,9.993460083007832,-5.2676544189453125,53.65591397849462,0.0,0.0,0.0,0.0,0.0,0.0,0.0,-7.515644454956032,0.0008523463748133,1.6248926291078347,completed,
HRF-0194,HRF-0194,2026-01-30,0.0,48.1351,11.582,3.4377380371093977,3.267373657226585,4.072015380859398,5.916162109375023,7.7762275695801,8.75769958496096,9.993460083007832,-5.3199615478515625,53.2258064516129,0.0,0.0,0.0,0.0,0.0,0.0,0.0,-1.889863713582315,0.0080496072314417,1.3387337455799844,completed,
HRF-0195,HRF-0195,2026-01-17,1.0,4.711,-74.0721,18.85492858886721,18.039880371093773,15.775262451171898,16.374429321289085,20.06617813110353,20.36965637207033,20.911720275878928,-1.5147277832031243,52.795698924731184,0.0,0.0,0.0,0.0,0.0,0.0,0.0,10.56026102701827,5.434122681435838,1.3650287563515004,completed,
HRF-0195,HRF-0195,2026-01-03,0.0,4.711,-74.0721,17.495645141601585,17.280252075195335,17.514489746093773,18.71265563964846,20.06617813110353,20.36965637207033,20.911720275878928,-2.8740112304687493,13.333333333333334,0.0,0.0,0.0,0.0,0.0,0.0,0.0,10.523962910970056,1.0071403626739084,0.7947884556696397,completed,
HRF-0195,HRF-0195,2026-01-10,0.0,4.711,-74.0721,17.36365661621096,17.464578247070335,16.885247802734398,15.76081237792971,20.06617813110353,20.36965637207033,20.911720275878928,-3.0059997558593743,11.612903225806452,0.0,0.0,0.0,0.0,0.0,0.0,0.0,10.573664601643884,4.680857062339783,0.6704117892361143,completed,
HRF-0195,HRF-0195,2026-01-24,0.0,4.711,-74.0721,18.6108337402344,17.809411621093773,17.671441650390648,18.094659423828148,20.06617813110353,20.36965637207033,20.911720275878928,-1.7588226318359368,44.94623655913978,0.0,0.0,0.0,0.0,0.0,0.0,0.0,12.53724060058596,8.19460153570617,0.2487078955366696,completed,
HRF-0195,HRF-0195,2026-01-31,0.0,4.711,-74.0721,16.514581298828148,16.36518249511721,18.59980163574221,17.660424804687523,20.06617813110353,20.36965637207033,20.911720275878928,-3.855075073242187,2.1505376344086025,0.0,0.0,0.0,0.0,0.0,0.0,0.0,11.999927775065146,4.868094434129944,0.5482778107884229,completed,
HRF-0196,HRF-0196,2026-01-17,1.0,24.8607,67.0011,25.2233825683594,24.665139770507835,24.75837097167971,24.245996093750023,26.30834655761721,26.77757110595705,27.27795867919924,-1.554188537597657,64.6236559139785,0.0,0.0,0.0,0.0,0.0,0.0,0.0,15.425332641601583,0.0027984378903056,3.3350422007136347,completed,
HRF-0196,HRF-0196,2026-01-03,0.0,24.8607,67.0011,22.8261657714844,23.997155761718773,24.317559814453148,23.781945800781276,26.30834655761721,26.77757110595705,27.27795867919924,-3.951405334472657,21.29032258064516,0.0,0.0,0.0,0.0,0.0,0.0,0.0,12.32637176513674,0.0030107144652902,0.4223798987870985,completed,
HRF-0196,HRF-0196,2026-01-10,0.0,24.8607,67.0011,22.73133239746096,22.371606445312523,22.131250000000023,23.177896118164085,26.30834655761721,26.77757110595705,27.27795867919924,-4.046238708496095,19.892473118279568,0.0,0.0,0.0,0.0,0.0,0.0,0.0,4.408869679768884,0.0,4.083481556066492,completed,
HRF-0196,HRF-0196,2026-01-24,0.0,24.8607,67.0011,20.58912048339846,17.776025390625023,23.121301269531276,24.184136962890648,26.30834655761721,26.77757110595705,27.27795867919924,-6.1884506225585945,3.763440860215054,0.0,0.0,0.0,0.0,0.0,0.0,0.0,0.8045745849609602,0.0008553265615773,6.888008450795479,completed,
HRF-0196,HRF-0196,2026-01-31,0.0,24.8607,67.0011,24.86560974121096,24.49241027832033,24.044534301757835,23.39087829589846,26.30834655761721,26.77757110595705,27.27795867919924,-1.9119613647460945,56.88172043010753,0.0,0.0,0.0,0.0,0.0,0.0,0.0,9.866871134440146,0.001285781252136,1.731181322087907,completed,
HRF-0197,HRF-0197,2026-01-24,1.0,40.7128,-74.006,-2.4898437499999773,2.4951110839843977,7.508874511718773,0.4720092773437727,9.546263122558615,10.74788055419924,13.826416778564472,-13.23772430419922,12.688172043010754,0.0,0.0,0.0,0.0,0.0,0.0,0.0,-21.33605041503904,0.0008553265615773,4.791346273587146,completed,
HRF-0197,HRF-0197,2026-01-03,0.0,40.7128,-74.006,-0.9366363525390398,-0.8688568115234148,-0.1780151367187272,0.6931243896484602,9.546263122558615,10.74788055419924,13.826416778564472,-11.68451690673828,19.13978494623656,0.0,0.0,0.0,0.0,0.0,0.0,0.0,-12.439578755696571,0.003711069041401,2.5812612942849977,completed,
HRF-0197,HRF-0197,2026-01-10,0.0,40.7128,-74.006,10.03559265136721,9.03730163574221,9.939935302734398,8.930657958984398,9.546263122558615,10.74788055419924,13.826416778564472,-0.7122879028320312,87.63440860215054,0.0,0.0,0.0,0.0,0.0,0.0,0.0,4.530451711018884,9.44465398788452,0.5945052365294776,completed,
HRF-0197,HRF-0197,2026-01-17,0.0,40.7128,-74.006,2.5131317138672102,1.0942321777343975,6.61060485839846,10.831811523437525,9.546263122558615,10.74788055419924,13.826416778564472,-8.234748840332031,41.39784946236559,0.0,0.0,0.0,0.0,0.0,0.0,0.0,-5.8490000406901,3.2405972478954936,2.644076550844136,completed,
HRF-0197,HRF-0197,2026-01-31,0.0,40.7128,-74.006,-5.620306396484352,-8.795126342773415,-6.34154357910154,-6.88109436035154,9.546263122558615,10.74788055419924,13.826416778564472,-16.368186950683594,4.946236559139785,0.0,0.0,0.0,0.0,0.0,0.0,0.0,-18.3243723551432,0.001285781252136,1.9097377986239208,completed,
HRF-0198,HRF-0198,2026-02-09,1.0,19.076,72.8777,30.61689147949221,31.655084228515648,31.324853515625023,31.75071105957033,32.5559265136719,32.97809753417971,33.73111267089846,-2.3612060546875,56.014150943396224,0.0,0.0,0.0,0.0,0.0,0.0,0.0,18.486808395385765,0.0012904405366498,2.398413368568742,completed,
HRF-0198,HRF-0198,2026-02-02,0.0,19.076,72.8777,30.503457641601585,30.096292114257835,28.471841430664085,29.070367431640648,32.5559265136719,32.97809753417971,33.73111267089846,-2.474639892578125,54.48113207547169,0.0,0.0,0.0,0.0,0.0,0.0,0.0,18.674051539103232,0.0,0.9801279491736666,completed,
HRF-0198,HRF-0198,2026-02-16,0.0,19.076,72.8777,31.424676513671898,32.62368164062502,32.1160827636719,31.03684387207033,32.5559265136719,32.97809753417971,33.73111267089846,-1.5534210205078125,70.63679245283019,0.0,0.0,0.0,0.0,0.0,0.0,0.0,17.685771560668968,0.0004351138045421,2.682615602776368,completed,
HRF-0198,HRF-0198,2026-02-23,0.0,19.076,72.8777,32.37899169921877,32.324929809570335,33.282388305664085,31.29798278808596,32.5559265136719,32.97809753417971,33.73111267089846,-0.5991058349609375,82.90094339622641,0.0,0.0,0.0,0.0,0.0,0.0,0.0,18.79449679056808,0.0017047672145054,2.5772083271810606,completed,
HRF-0199,HRF-0199,2026-02-12,1.0,12.2388,109.1967,26.79267272949221,24.402886962890648,25.267144775390648,26.106607055664085,28.83422546386721,29.195600891113305,29.67643966674807,-2.4029281616210945,45.28301886792453,0.0,0.0,0.0,0.0,0.0,0.0,0.0,20.209621047973656,0.3742218013940146,4.036401090718071,completed,
HRF-0199,HRF-0199,2026-02-05,0.0,12.2388,109.1967,27.639062500000023,27.3515563964844,25.726480102539085,26.082574462890648,28.83422546386721,29.195600891113305,29.67643966674807,-1.556538391113282,62.02830188679245,0.0,0.0,0.0,0.0,0.0,0.0,0.0,20.382162984212243,0.0034213066051336,2.123880531173989,completed,
HRF-0199,HRF-0199,2026-02-19,0.0,12.2388,109.1967,27.471520996093773,27.450219726562523,27.99485168457033,27.5014587402344,28.83422546386721,29.195600891113305,29.67643966674807,-1.724079895019532,58.9622641509434,0.0,0.0,0.0,0.0,0.0,0.0,0.0,20.62686691284182,1.7333507536818615,4.538269006058554,completed,
HRF-0199,HRF-0199,2026-02-26,0.0,12.2388,109.1967,27.03870544433596,28.868753051757835,28.913873291015648,28.925149536132835,28.83422546386721,29.195600891113305,29.67643966674807,-2.1568954467773445,49.764150943396224,0.0,0.0,0.0,0.0,0.0,0.0,0.0,22.769490814209007,6.813663244145118,1.2229038104353926,completed,
HRF-0200,HRF-0200,2026-02-24,1.0,37.5665,126.978,5.295465087890648,3.3326354980468977,9.54541931152346,14.23236999511721,8.258244323730489,9.574833679199246,10.992180633544944,-4.279368591308598,59.66981132075472,0.0,0.0,0.0,0.0,0.0,0.0,0.0,-7.3222393035888445,0.4639300232724963,1.2501649363233456,completed,
HRF-0200,HRF-0200,2026-02-03,0.0,37.5665,126.978,3.472573852539085,-0.2305664062499772,0.2918182373047102,-0.3345703124999772,8.258244323730489,9.574833679199246,10.992180633544944,-6.102259826660161,43.75,0.0,0.0,0.0,0.0,0.0,0.0,0.0,-6.19870796203611,0.0118970028779585,0.9508033519458992,completed,
HRF-0200,HRF-0200,2026-02-10,0.0,37.5665,126.978,4.285058593750023,2.5816589355468977,-4.071874999999977,-4.778845214843727,8.258244323730489,9.574833679199246,10.992180633544944,-5.289775085449223,50.35377358490566,0.0,0.0,0.0,0.0,0.0,0.0,0.0,-1.0916929880777957,1.5819668769836426,1.0096417537531113,completed,
HRF-0200,HRF-0200,2026-02-17,0.0,37.5665,126.978,4.72437438964846,6.29804382324221,8.881387329101585,10.072137451171898,8.258244323730489,9.574833679199246,10.992180633544944,-4.850459289550786,54.95283018867924,0.0,0.0,0.0,0.0,0.0,0.0,0.0,-6.25763104756669,0.0008523463179699,2.044923489391649,completed,
HRF-0202,HRF-0202,2026-02-28,1.0,43.0481,-76.1474,7.732965087890648,5.55957946777346,0.1927124023437727,5.020593261718773,6.501994323730488,7.83372650146487,9.529187011718768,-0.1007614135742223,89.62264150943396,0.0,0.0,0.0,0.0,0.0,0.0,0.0,-1.3671268463134538,1.0237812995228524,2.3596059572724064,completed,
HRF-0202,HRF-0202,2026-02-07,0.0,43.0481,-76.1474,-4.938574218749977,-2.4794067382812277,-5.66948547363279,-4.817205810546852,6.501994323730488,7.83372650146487,9.529187011718768,-12.772300720214847,17.68867924528302,0.0,0.0,0.0,0.0,0.0,0.0,0.0,-16.855757776896155,4.806473851203919,3.7257797827159767,completed,
HRF-0202,HRF-0202,2026-02-14,0.0,43.0481,-76.1474,1.1625000000000227,-3.949423217773415,-1.9690002441406025,2.04834899902346,6.501994323730488,7.83372650146487,9.529187011718768,-6.671226501464847,53.655660377358494,0.0,0.0,0.0,0.0,0.0,0.0,0.0,-5.420577112833655,1.083526015179359,1.73878148739917,completed,
HRF-0202,HRF-0202,2026-02-21,0.0,43.0481,-76.1474,1.8686309814453352,2.9099365234375227,4.964517211914085,3.0072875976562727,6.501994323730488,7.83372650146487,9.529187011718768,-5.965095520019535,59.08018867924528,0.0,0.0,0.0,0.0,0.0,0.0,0.0,-1.6207953135172488,4.18590307225486,2.120499685444383,completed,
HRF-0203,HRF-0203,2026-03-01,1.0,25.07725,55.30927,34.531961059570335,29.739663696289085,25.892984008789085,26.832192993164085,33.59660873413088,34.69632415771487,36.09019317626955,-0.1643630981445341,88.9247311827957,0.0,0.0,0.0,0.0,0.0,0.0,0.0,4.881316757202171,0.0,1.9299991441049504,completed,
HRF-0203,HRF-0203,2026-03-08,0.0,25.07725,55.30927,28.268243408203148,28.16501770019533,26.1647888183594,27.61277160644533,33.59660873413088,34.69632415771487,36.09019317626955,-6.428080749511722,42.473118279569896,0.0,0.0,0.0,0.0,0.0,0.0,0.0,13.917023595174156,0.0017310711655227,1.3788974041253572,completed,
HRF-0203,HRF-0203,2026-03-15,0.0,25.07725,55.30927,34.96332702636721,32.70833740234377,31.504235839843773,28.56955871582033,33.59660873413088,34.69632415771487,36.09019317626955,0.2670028686523409,90.752688172043,0.0,0.0,0.0,0.0,0.0,0.0,0.0,11.9445733388265,0.0008553265615773,1.654604904434258,completed,
HRF-0203,HRF-0203,2026-03-22,0.0,25.07725,55.30927,31.109536743164085,29.704370117187523,32.32917175292971,31.283746337890648,33.59660873413088,34.69632415771487,36.09019317626955,-3.586787414550784,65.6989247311828,0.0,0.0,0.0,0.0,0.0,0.0,0.0,17.812252298990927,0.0935822724272839,0.8439063424883159,completed,
HRF-0203,HRF-0203,2026-03-29,0.0,25.07725,55.30927,23.83588562011721,23.467401123046898,27.67621765136721,28.953652954101585,33.59660873413088,34.69632415771487,36.09019317626955,-10.86043853759766,9.78494623655914,0.0,0.0,0.0,0.0,0.0,0.0,0.0,13.399122492472372,0.0004410743699168,7.9016958140178035,completed,
HRF-0205,HRF-0205,2026-03-11,1.0,25.07725,55.30927,30.30835876464846,28.6689392089844,29.503228759765648,28.268243408203148,33.59660873413088,34.69632415771487,36.09019317626955,-4.387965393066409,58.38709677419354,0.0,0.0,0.0,0.0,0.0,0.0,0.0,16.580574925740564,0.0832974910736084,3.3594568213982097,completed,
HRF-0205,HRF-0205,2026-03-04,0.0,25.07725,55.30927,30.72971496582033,34.395791625976585,35.0945983886719,34.531961059570335,33.59660873413088,34.69632415771487,36.09019317626955,-3.966609191894534,61.935483870967744,0.0,0.0,0.0,0.0,0.0,0.0,0.0,16.29730631510421,0.0008523463179699,1.6586769622167463,completed,
HRF-0205,HRF-0205,2026-03-18,0.0,25.07725,55.30927,31.70017395019533,35.47193298339846,37.19033203125002,34.96332702636721,33.59660873413088,34.69632415771487,36.09019317626955,-2.996150207519534,70.64516129032258,0.0,0.0,0.0,0.0,0.0,0.0,0.0,15.527838007609091,0.0892939188474883,4.576462458315126,completed,
HRF-0205,HRF-0205,2026-03-25,0.0,25.07725,55.30927,26.227410888671898,24.720361328125023,24.63691101074221,31.109536743164085,33.59660873413088,34.69632415771487,36.09019317626955,-8.468913269042972,25.48387096774193,0.0,0.0,0.0,0.0,0.0,0.0,0.0,20.131302134196005,39.33596909035941,3.768705736967661,completed,
HRF-0206,HRF-0206,2026-03-12,1.0,-36.8485,174.7633,23.87629089355471,20.87531433105471,20.342935180664085,22.389947509765648,22.754757690429717,23.102107238769552,23.839160919189474,0.7741836547851584,95.26881720430109,0.0,0.0,0.0,0.0,0.0,0.0,0.0,18.205244954427087,13.20098340511322,8.10532657022362,completed,
HRF-0206,HRF-0206,2026-03-05,0.0,-36.8485,174.7633,20.43088684082033,19.07209167480471,17.551080322265648,18.348535156250023,22.754757690429717,23.102107238769552,23.839160919189474,-2.6712203979492166,31.72043010752688,0.0,0.0,0.0,0.0,0.0,0.0,0.0,12.179485575358116,0.0128626822970545,2.32463878887734,completed,
HRF-0206,HRF-0206,2026-03-19,0.0,-36.8485,174.7633,22.9062438964844,21.915139770507835,21.392495727539085,20.54822692871096,22.754757690429717,23.102107238769552,23.839160919189474,-0.1958633422851541,87.41935483870968,0.0,0.0,0.0,0.0,0.0,0.0,0.0,15.342491404215536,0.0225007534027099,2.5272890759524493,completed,
HRF-0206,HRF-0206,2026-03-26,0.0,-36.8485,174.7633,22.13691101074221,18.79883728027346,20.524285888671898,21.090936279296898,22.754757690429717,23.102107238769552,23.839160919189474,-0.9651962280273416,73.54838709677419,0.0,0.0,0.0,0.0,0.0,0.0,0.0,17.84556668599447,45.594199282049885,8.08710610640488,completed,
HRF-0207,HRF-0207,2026-03-14,1.0,45.4215,-75.6972,1.6989685058593975,1.1292663574218975,4.948831176757835,2.6126495361328352,8.379582977294945,9.737042236328149,12.620510864257833,-8.038073730468751,42.04301075268817,0.0,0.0,0.0,0.0,0.0,0.0,0.0,-4.878821436564124,8.461982011795044,1.577728341204046,completed,
HRF-0207,HRF-0207,2026-03-07,0.0,45.4215,-75.6972,10.305841064453148,2.1738983154297102,1.7906280517578352,7.76184997558596,8.379582977294945,9.737042236328149,12.620510864257833,0.5687988281249989,91.82795698924733,0.0,0.0,0.0,0.0,0.0,0.0,0.0,3.4748334248860715,23.45925397838755,2.68229621861446,completed,
HRF-0207,HRF-0207,2026-03-21,0.0,45.4215,-75.6972,3.23645935058596,0.8674865722656477,4.42884216308596,-2.1524261474609148,8.379582977294945,9.737042236328149,12.620510864257833,-6.500582885742189,54.19354838709678,0.0,0.0,0.0,0.0,0.0,0.0,0.0,-6.080124282836891,0.1937448978424072,1.2210931687487845,completed,
HRF-0207,HRF-0207,2026-03-28,0.0,45.4215,-75.6972,0.4877716064453352,2.2285400390625227,6.48084411621096,3.2104125976562727,8.379582977294945,9.737042236328149,12.620510864257833,-9.249270629882814,33.44086021505376,0.0,0.0,0.0,0.0,0.0,0.0,0.0,-15.321170552571571,0.4761993884017101,1.7503483804530464,completed,
HRF-0208,HRF-0208,2026-03-17,1.0,40.7534,-73.9797,14.457086181640648,15.649438476562525,6.78473815917971,10.511468505859398,14.805615997314476,16.10951843261721,18.400212860107445,-1.6524322509765632,83.87096774193549,0.0,0.0,0.0,0.0,0.0,0.0,0.0,-2.651469930012979,8.66093525002043,4.984759235148712,completed,
HRF-0208,HRF-0208,2026-03-03,0.0,40.7534,-73.9797,2.239907836914085,-0.6609710693359148,3.7844177246093977,6.303384399414085,14.805615997314476,16.10951843261721,18.400212860107445,-13.869610595703126,8.38709677419355,0.0,0.0,0.0,0.0,0.0,0.0,0.0,-4.11109835306803,5.918192863362037,1.524634319445354,completed,
HRF-0208,HRF-0208,2026-03-10,0.0,40.7534,-73.9797,23.449380493164085,20.52442321777346,19.81037292480471,9.370660400390648,14.805615997314476,16.10951843261721,18.400212860107445,7.339862060546874,99.35483870967742,0.0,0.0,0.0,0.0,0.0,0.0,1.0,8.494890467325888,0.0195225515540187,2.22167943455089,completed,
HRF-0208,HRF-0208,2026-03-24,0.0,40.7534,-73.9797,9.090783691406273,12.301782226562525,18.74720153808596,14.34974060058596,14.805615997314476,16.10951843261721,18.400212860107445,-7.018734741210938,53.2258064516129,0.0,0.0,0.0,0.0,0.0,0.0,0.0,-5.609373474121071,0.0012890346283711,2.113781504353956,completed,
HRF-0208,HRF-0208,2026-03-31,0.0,40.7534,-73.9797,24.772393798828148,19.99964294433596,11.95008239746096,7.278924560546898,14.805615997314476,16.10951843261721,18.400212860107445,8.662875366210937,99.78494623655914,0.0,0.0,0.0,0.0,0.0,0.0,0.0,11.846500651041708,1.0503411292006604,4.27793402184475,completed,
HRF-0209,HRF-0209,2026-03-18,1.0,28.6139,77.209,30.86618957519533,29.70630798339846,29.444879150390648,28.67884216308596,33.27258682250979,34.129905700683615,35.50297164916994,-3.26371612548828,64.6236559139785,0.0,0.0,0.0,0.0,0.0,0.0,0.0,14.482997512817406,3.2146038630003204,1.3476658487438793,completed,
HRF-0209,HRF-0209,2026-03-04,0.0,28.6139,77.209,32.159402465820335,30.753213500976585,29.815515136718773,29.628045654296898,33.27258682250979,34.129905700683615,35.50297164916994,-1.97050323486328,76.98924731182795,0.0,0.0,0.0,0.0,0.0,0.0,0.0,12.756046549479208,0.0008523463179699,3.742412619931236,completed,
HRF-0209,HRF-0209,2026-03-11,0.0,28.6139,77.209,35.45948181152346,33.14064941406252,33.29152832031252,33.44402465820315,33.27258682250979,34.129905700683615,35.50297164916994,1.3295761108398452,94.6236559139785,0.0,0.0,0.0,0.0,0.0,0.0,0.0,11.789315160115564,0.0,2.01976831002416,completed,
HRF-0209,HRF-0209,2026-03-25,0.0,28.6139,77.209,31.266152954101585,30.26813659667971,25.914651489257835,28.381021118164085,33.27258682250979,34.129905700683615,35.50297164916994,-2.86375274658203,68.81720430107528,0.0,0.0,0.0,0.0,0.0,0.0,0.0,13.24222335815432,0.0008523463179699,1.4969558294382197,completed,
HRF-0210,HRF-0210,2026-03-24,1.0,51.5074,-0.1278,12.104348754882835,13.713739013671898,10.955300903320335,11.418923950195335,13.382740020751976,14.248977661132836,15.281053924560563,-2.144628906250002,70.75268817204301,0.0,0.0,0.0,0.0,0.0,0.0,0.0,7.304363505045615,0.8214787490601339,5.957078989235183,completed,
HRF-0210,HRF-0210,2026-03-03,0.0,51.5074,-0.1278,13.883569335937525,13.970986938476583,11.993676757812525,10.512261962890648,13.382740020751976,14.248977661132836,15.281053924560563,-0.3654083251953146,88.06451612903226,0.0,0.0,0.0,0.0,0.0,0.0,0.0,6.569891230265341,0.0113725661208263,1.6440593612339762,completed,
HRF-0210,HRF-0210,2026-03-10,0.0,51.5074,-0.1278,11.60389099121096,14.205606079101583,12.45099792480471,10.336053466796898,13.382740020751976,14.248977661132836,15.281053924560563,-2.645086669921877,64.73118279569893,0.0,0.0,0.0,0.0,0.0,0.0,0.0,6.651791508992517,0.0987520256217067,3.7840473640480736,completed,
HRF-0210,HRF-0210,2026-03-17,0.0,51.5074,-0.1278,12.63288269042971,11.195718383789083,10.816674804687525,10.382867431640648,13.382740020751976,14.248977661132836,15.281053924560563,-1.6160949707031271,77.41935483870968,0.0,0.0,0.0,0.0,0.0,0.0,0.0,6.956765747070335,0.0065494448904246,4.1192403528129615,completed,
HRF-0210,HRF-0210,2026-03-31,0.0,51.5074,-0.1278,15.626260375976583,11.37561950683596,10.50788269042971,10.273477172851583,13.382740020751976,14.248977661132836,15.281053924560563,1.377282714843748,96.4516129032258,0.0,0.0,0.0,0.0,0.0,0.0,0.0,6.767561848958337,0.7305026053359143,2.1112758120501045,completed,
HRF-0211,HRF-0211,2026-03-28,1.0,37.8706,112.5489,16.978021240234398,18.3505798339844,20.490686035156276,20.56525573730471,17.286238098144555,18.50401916503908,19.969686126709004,-1.5259979248046849,82.68817204301075,0.0,0.0,0.0,0.0,0.0,0.0,0.0,3.484412129720056,5.405354499714576,1.5762505483037952,completed,
HRF-0211,HRF-0211,2026-03-07,0.0,37.8706,112.5489,7.579324340820335,4.949685668945335,8.095513916015648,8.90912780761721,17.286238098144555,18.50401916503908,19.969686126709004,-10.924694824218747,22.04301075268817,0.0,0.0,0.0,0.0,0.0,0.0,0.0,-3.658630116780557,0.0185949322144551,1.6840747507904978,completed,
HRF-0211,HRF-0211,2026-03-14,0.0,37.8706,112.5489,4.892999267578148,9.811578369140648,13.26142272949221,12.419732666015648,17.286238098144555,18.50401916503908,19.969686126709004,-13.611019897460936,11.182795698924732,0.0,0.0,0.0,0.0,0.0,0.0,0.0,-1.4113735198974382,3.757655620574951,0.5452111365246854,completed,
HRF-0211,HRF-0211,2026-03-21,0.0,37.8706,112.5489,16.413064575195335,14.04322204589846,12.200585937500025,7.166894531250023,17.286238098144555,18.50401916503908,19.969686126709004,-2.090954589843747,80.75268817204301,0.0,0.0,0.0,0.0,0.0,0.0,0.0,0.1048529307047942,4.695981740951538,1.7715145971298598,completed,
HRF-0212,HRF-0212,2026-03-30,1.0,40.4412,-79.88199,19.527185058593773,16.12586364746096,6.696267700195335,19.873071289062523,17.0495429992676,18.87247314453127,20.735110473632837,0.6547119140625028,91.29032258064515,0.0,0.0,0.0,0.0,0.0,0.0,0.0,5.608193969726585,0.1994550227095715,3.2480521751291525,completed,
HRF-0212,HRF-0212,2026-03-02,0.0,40.4412,-79.88199,4.158319091796898,7.94477233886721,15.11817321777346,11.37598571777346,17.0495429992676,18.87247314453127,20.735110473632837,-14.714154052734372,18.064516129032256,0.0,0.0,0.0,0.0,0.0,0.0,0.0,-10.32811012268064,0.0954866409301757,1.428287778237431,completed,
HRF-0212,HRF-0212,2026-03-09,0.0,40.4412,-79.88199,19.52637634277346,17.346887207031273,23.326699829101585,20.73572692871096,17.0495429992676,18.87247314453127,20.735110473632837,0.6539031982421903,91.29032258064515,0.0,0.0,0.0,0.0,0.0,0.0,0.0,2.6769042968750227,0.0008428283990724,2.583669008726185,completed,
HRF-0212,HRF-0212,2026-03-16,0.0,40.4412,-79.88199,15.35938415527346,18.604119873046898,10.583093261718773,13.507913208007835,17.0495429992676,18.87247314453127,20.735110473632837,-3.5130889892578097,79.24731182795699,0.0,0.0,0.0,0.0,0.0,0.0,0.0,7.743114089965843,16.150328516857826,2.971870773713696,completed,
HRF-0212,HRF-0212,2026-03-23,0.0,40.4412,-79.88199,15.420922851562525,26.40961608886721,14.749688720703148,15.11689147949221,17.0495429992676,18.87247314453127,20.735110473632837,-3.451550292968747,79.56989247311827,0.0,0.0,0.0,0.0,0.0,0.0,0.0,3.347917811075888,21.300631761448585,3.138101180650158,completed,
HRF-0213,HRF-0213,2026-04-10,1.0,48.7758,9.1829,11.465814208984398,17.689981079101585,16.764031982421898,16.57386169433596,19.679956054687523,20.89925689697268,22.228468322753933,-9.433442687988284,30.88888888888889,0.0,0.0,0.0,0.0,0.0,0.0,0.0,5.224673207600915,3.9070695638656616,0.5541755565929108,completed,
HRF-0213,HRF-0213,2026-04-03,0.0,48.7758,9.1829,11.832681274414083,10.475671386718773,9.314935302734398,7.530557250976585,19.679956054687523,20.89925689697268,22.228468322753933,-9.066575622558595,33.22222222222222,0.0,0.0,0.0,0.0,0.0,0.0,0.0,1.3132441202799896,0.1560151576995849,2.3484577465355136,completed,
HRF-0213,HRF-0213,2026-04-17,0.0,48.7758,9.1829,19.838739013671898,17.42310485839846,14.367959594726583,10.820840454101583,19.679956054687523,20.89925689697268,22.228468322753933,-1.060517883300783,85.55555555555556,0.0,0.0,0.0,0.0,0.0,0.0,0.0,7.709191258748376,0.0031292437370211,0.6685243177853044,completed,
HRF-0213,HRF-0213,2026-04-24,0.0,48.7758,9.1829,17.17298278808596,16.55573425292971,14.196771240234398,11.100137329101583,19.679956054687523,20.89925689697268,22.228468322753933,-3.72627410888672,71.66666666666667,0.0,0.0,0.0,0.0,0.0,0.0,0.0,1.963574981689476,0.0,1.4803335401437958,completed,
HRF-0214,HRF-0214,2026-04-27,1.0,51.5413,9.9158,14.518838500976583,12.74988708496096,14.242959594726583,13.024865722656273,18.016369628906272,19.351806640625025,20.68377380371096,-4.83296813964844,64.88888888888889,0.0,0.0,0.0,0.0,0.0,0.0,0.0,2.531011835734091,0.0,0.952048091288644,completed,
HRF-0214,HRF-0214,2026-04-06,0.0,51.5413,9.9158,11.153558349609398,14.265710449218773,11.909951782226583,10.58881530761721,18.016369628906272,19.351806640625025,20.68377380371096,-8.198248291015627,38.88888888888889,0.0,0.0,0.0,0.0,0.0,0.0,0.0,0.5268945058186887,0.0025833274435171,2.832777250787572,completed,
HRF-0214,HRF-0214,2026-04-13,0.0,51.5413,9.9158,12.588983154296898,12.143365478515648,14.152673339843773,10.36341247558596,18.016369628906272,19.351806640625025,20.68377380371096,-6.762823486328127,50.44444444444445,0.0,0.0,0.0,0.0,0.0,0.0,0.0,5.97686665852865,2.654138207617507,1.2349078461981102,completed,
HRF-0214,HRF-0214,2026-04-20,0.0,51.5413,9.9158,7.309716796875023,10.160684204101583,18.041604614257835,18.171533203125023,18.016369628906272,19.351806640625025,20.68377380371096,-12.042089843750002,10.555555555555555,0.0,0.0,0.0,0.0,0.0,0.0,0.0,3.921943918863974,4.175449374997697,2.830833121817979,completed,
HRF-0215,HRF-0215,2026-04-30,1.0,37.3449,126.9683,20.037393188476585,18.121499633789085,15.103051757812525,19.50879821777346,20.11335906982424,20.99936370849612,22.23509750366213,-0.9619705200195304,84.22222222222221,0.0,0.0,0.0,0.0,0.0,0.0,0.0,4.238618469238304,0.0011056660582653,3.019686648816642,completed,
HRF-0215,HRF-0215,2026-04-02,0.0,37.3449,126.9683,13.679193115234398,14.588372802734398,17.357476806640648,18.1567321777344,20.11335906982424,20.99936370849612,22.23509750366213,-7.320170593261718,29.444444444444446,0.0,0.0,0.0,0.0,0.0,0.0,0.0,3.8910900115967024,0.0012874602361989,1.6294475518040497,completed,
HRF-0215,HRF-0215,2026-04-09,0.0,37.3449,126.9683,12.692926025390648,13.07166442871096,10.65760192871096,13.910440063476583,20.11335906982424,20.99936370849612,22.23509750366213,-8.306437683105468,22.22222222222222,0.0,0.0,0.0,0.0,0.0,0.0,0.0,9.411940511067712,17.381393909449372,1.8423330490144985,completed,
HRF-0215,HRF-0215,2026-04-16,0.0,37.3449,126.9683,23.080468750000023,20.700128173828148,23.57776794433596,23.209878540039085,20.11335906982424,20.99936370849612,22.23509750366213,2.081105041503907,96.77777777777776,0.0,0.0,0.0,0.0,0.0,0.0,0.0,5.835537211100302,0.0059962272302982,1.8220257026361444,completed,
HRF-0215,HRF-0215,2026-04-23,0.0,37.3449,126.9683,21.492639160156276,17.006143188476585,17.08100280761721,15.95838317871096,20.11335906982424,20.99936370849612,22.23509750366213,0.4932754516601569,92.44444444444444,0.0,0.0,0.0,0.0,0.0,0.0,0.0,1.0514649709065793,0.0,2.8066846806658576,completed,
HRF-0216,HRF-0216,2026-05-03,1.0,28.6139,77.209,35.8320251464844,36.48121032714846,35.102151489257835,36.86513671875002,42.56193466186526,43.035578918457055,43.85181579589846,-7.203553771972658,9.67741935483871,0.0,0.0,0.0,0.0,0.0,0.0,0.0,19.370528157552087,2.019721928661511,4.072565747319417,completed,
HRF-0216,HRF-0216,2026-05-10,0.0,28.6139,77.209,35.33367309570315,34.679788208007835,33.928750610351585,33.06531677246096,42.56193466186526,43.035578918457055,43.85181579589846,-7.701905822753908,7.741935483870968,0.0,0.0,0.0,0.0,0.0,0.0,0.0,17.885651524861657,0.0017195939108205,2.484045007031985,completed,
HRF-0216,HRF-0216,2026-05-17,0.0,28.6139,77.209,41.34917602539065,39.299722290039085,38.568643188476585,38.13704833984377,42.56193466186526,43.035578918457055,43.85181579589846,-1.6864028930664077,70.86021505376344,0.0,0.0,0.0,0.0,0.0,0.0,0.0,12.819516118367517,0.0004351138045421,3.621946330398466,completed,
HRF-0216,HRF-0216,2026-05-24,0.0,28.6139,77.209,43.22869262695315,41.180886840820335,42.78052673339846,43.365396118164085,42.56193466186526,43.035578918457055,43.85181579589846,0.1931137084960923,91.93548387096774,0.0,0.0,0.0,0.0,0.0,0.0,0.0,8.789161300659202,0.0,3.1050756726303312,completed,
HRF-0216,HRF-0216,2026-05-31,0.0,28.6139,77.209,31.712945556640648,35.86664733886721,37.017556762695335,40.54534301757815,42.56193466186526,43.035578918457055,43.85181579589846,-11.322633361816408,0.7526881720430108,0.0,0.0,0.0,0.0,0.0,0.0,0.0,21.40337270100912,7.825615221065618,1.925312490774468,completed,
HRF-0217,HRF-0217,2026-05-11,1.0,51.5074,-0.1278,12.26935729980471,13.777520751953148,18.9650817871094,17.430230712890648,20.527776336669945,21.73100891113284,23.065443420410173,-9.461651611328126,10.0,0.0,0.0,0.0,0.0,0.0,0.0,0.0,1.8960853576660384,0.1388430595348211,2.6187822436476376,completed,
HRF-0217,HRF-0217,2026-05-04,0.0,51.5074,-0.1278,16.713616943359398,18.987451171875023,21.585992431640648,22.878457641601585,20.527776336669945,21.73100891113284,23.065443420410173,-5.017391967773438,55.6989247311828,0.0,0.0,0.0,0.0,0.0,0.0,0.0,9.978008524576865,0.5265318715714784,1.9863152162598348,completed,
HRF-0217,HRF-0217,2026-05-18,0.0,51.5074,-0.1278,14.408135986328148,15.415460205078148,13.942071533203148,12.895486450195335,20.527776336669945,21.73100891113284,23.065443420410173,-7.322872924804688,27.63440860215054,0.0,0.0,0.0,0.0,0.0,0.0,0.0,6.4473434448242415,3.32525222705371,3.65374587818673,completed,
HRF-0217,HRF-0217,2026-05-25,0.0,51.5074,-0.1278,30.61603698730471,27.894555664062523,26.601602172851585,25.326623535156276,20.527776336669945,21.73100891113284,23.065443420410173,8.885028076171874,100.0,0.0,0.0,0.0,0.0,0.0,0.0,1.0,15.179820632934591,0.0008583068797918,2.224061782340391,completed,
HRF-0218,HRF-0218,2026-05-22,1.0,-36.8485,174.7633,17.55671081542971,17.767922973632835,17.280023193359398,16.380731201171898,18.505970001220724,19.05529022216799,19.57170791625979,-1.4985794067382798,69.78494623655914,0.0,0.0,0.0,0.0,0.0,0.0,0.0,11.959719594319663,0.2169638871123425,5.440111260842007,completed,
HRF-0218,HRF-0218,2026-05-01,0.0,-36.8485,174.7633,16.846902465820335,18.42640075683596,18.48133239746096,18.15101013183596,18.505970001220724,19.05529022216799,19.57170791625979,-2.208387756347655,52.36559139784946,0.0,0.0,0.0,0.0,0.0,0.0,0.0,9.917462285359704,0.0002086162567138,4.210766651449642,completed,
HRF-0218,HRF-0218,2026-05-08,0.0,-36.8485,174.7633,19.024530029296898,19.3122497558594,19.291894531250023,18.48182067871096,18.505970001220724,19.05529022216799,19.57170791625979,-0.0307601928710923,89.35483870967742,0.0,0.0,0.0,0.0,0.0,0.0,0.0,15.399599329630576,9.989774227125992,5.748652719075088,completed,
HRF-0218,HRF-0218,2026-05-15,0.0,-36.8485,174.7633,16.00031433105471,15.55957946777346,16.428872680664085,16.843957519531273,18.505970001220724,19.05529022216799,19.57170791625979,-3.05497589111328,31.18279569892473,0.0,0.0,0.0,0.0,0.0,0.0,0.0,10.118862406412802,0.0017076730713938,3.1020498349039243,completed,
HRF-0218,HRF-0218,2026-05-29,0.0,-36.8485,174.7633,16.978555297851585,16.219567871093773,17.353677368164085,16.478387451171898,18.505970001220724,19.05529022216799,19.57170791625979,-2.076734924316405,55.376344086021504,0.0,0.0,0.0,0.0,0.0,0.0,0.0,10.832707977294945,0.1092708221790417,2.591525455231839,completed,
HRF-0219,HRF-0219,2026-05-29,1.0,51.0447,-114.0719,27.178979492187523,27.29200134277346,26.710549926757835,27.013543701171898,22.202014923095728,23.449470520019556,25.526695251464865,3.72950897216797,98.38709677419357,0.0,0.0,0.0,0.0,0.0,0.0,1.0,9.04275029500326,0.9856677166339978,2.0445777454053418,completed,
HRF-0219,HRF-0219,2026-05-01,0.0,51.0447,-114.0719,19.975427246093773,19.127114868164085,14.651467895507835,13.264245605468773,22.202014923095728,23.449470520019556,25.526695251464865,-3.47404327392578,72.15053763440861,0.0,0.0,0.0,0.0,0.0,0.0,0.0,-1.4834166208902957,0.1076608896255493,2.1163756350049483,completed,
HRF-0219,HRF-0219,2026-05-08,0.0,51.0447,-114.0719,21.89710388183596,20.6953063964844,22.145532226562523,13.063989257812525,22.202014923095728,23.449470520019556,25.526695251464865,-1.5523666381835923,83.54838709677419,0.0,0.0,0.0,0.0,0.0,0.0,0.0,-0.6731545766194245,0.8708000182942044,2.265348034355554,completed,
HRF-0219,HRF-0219,2026-05-15,0.0,51.0447,-114.0719,15.81080017089846,21.814843750000023,22.48255310058596,22.8171325683594,22.202014923095728,23.449470520019556,25.526695251464865,-7.638670349121092,41.18279569892473,0.0,0.0,0.0,0.0,0.0,0.0,0.0,-3.730095926920569,0.1258045434937571,3.031652590600661,completed,
HRF-0219,HRF-0219,2026-05-22,0.0,51.0447,-114.0719,19.52155456542971,17.14222106933596,13.140374755859398,17.116326904296898,22.202014923095728,23.449470520019556,25.526695251464865,-3.9279159545898414,69.46236559139784,0.0,0.0,0.0,0.0,0.0,0.0,0.0,0.1737495422363508,0.6133645771910778,1.0929709591849253,completed,
HRF-0220,HRF-0220,2026-06-08,1.0,21.3867,-158.0092,25.945031738281276,26.019494628906276,25.342446899414085,25.609475708007835,27.70807037353518,27.912324523925804,28.148205566406272,-1.9672927856445312,9.444444444444445,0.0,0.0,0.0,0.0,0.0,0.0,0.0,19.60598716735842,2.4948747065991483,6.533207308848804,completed,
HRF-0220,HRF-0220,2026-06-01,0.0,21.3867,-158.0092,26.37976989746096,26.3376403808594,25.801385498046898,25.363320922851585,27.70807037353518,27.912324523925804,28.148205566406272,-1.5325546264648438,22.0,0.0,0.0,0.0,0.0,0.0,0.0,0.0,19.27170651753744,1.1204570531830882,4.688885559385824,completed,
HRF-0220,HRF-0220,2026-06-15,0.0,21.3867,-158.0092,26.860772705078148,26.216714477539085,26.712060546875023,26.677636718750023,27.70807037353518,27.912324523925804,28.148205566406272,-1.0515518188476562,46.77777777777778,0.0,0.0,0.0,0.0,0.0,0.0,0.0,18.884803390502952,2.3078978056219057,4.997642154566552,completed,
HRF-0220,HRF-0220,2026-06-22,0.0,21.3867,-158.0092,27.963525390625023,28.34266052246096,28.359963989257835,28.277246093750023,27.70807037353518,27.912324523925804,28.148205566406272,0.0512008666992187,91.44444444444444,0.0,0.0,0.0,0.0,0.0,0.0,1.0,19.30787429809573,0.4428803919722668,4.540507294370047,completed,
HRF-0220,HRF-0220,2026-06-29,0.0,21.3867,-158.0092,26.978417968750023,27.228128051757835,27.207360839843773,27.329217529296898,27.70807037353518,27.912324523925804,28.148205566406272,-0.9339065551757812,54.55555555555556,0.0,0.0,0.0,0.0,0.0,0.0,0.0,19.539165115356468,0.6207824492889813,7.014613218840672,completed,
HRF-0221,HRF-0221,2026-06-09,1.0,49.8951,-97.1384,30.35300598144533,31.380578613281276,32.61463317871096,30.425439453125023,27.202272796630883,28.046986389160185,29.302629089355488,2.3060195922851534,96.55555555555554,1.0,1.0,1.0,1.0,1.0,1.0,1.0,10.023543294270835,0.2260599503642879,2.9266559844658087,completed,
HRF-0221,HRF-0221,2026-06-02,0.0,49.8951,-97.1384,29.142663574218773,28.12586364746096,29.490930175781276,28.531121826171898,27.202272796630883,28.046986389160185,29.302629089355488,1.095677185058591,94.2222222222222,0.0,0.0,0.0,0.0,0.0,0.0,1.0,15.64314676920577,1.9151151179812589,3.422626214324496,completed,
HRF-0221,HRF-0221,2026-06-16,0.0,49.8951,-97.1384,23.0253845214844,20.769860839843773,21.16626892089846,15.231591796875025,27.202272796630883,28.046986389160185,29.302629089355488,-5.021601867675784,50.44444444444445,0.0,0.0,0.0,0.0,0.0,0.0,0.0,6.113756434122763,0.0212103129797469,2.0493887561751905,completed,
HRF-0221,HRF-0221,2026-06-23,0.0,49.8951,-97.1384,20.352899169921898,20.875894165039085,19.018457031250023,17.24250183105471,27.202272796630883,28.046986389160185,29.302629089355488,-7.694087219238284,29.444444444444446,0.0,0.0,0.0,0.0,0.0,0.0,0.0,11.613466517130576,12.077257037105936,2.634841549044088,completed,
HRF-0221,HRF-0221,2026-06-30,0.0,49.8951,-97.1384,25.596719360351585,27.94873962402346,22.067071533203148,24.092568969726585,27.202272796630883,28.046986389160185,29.302629089355488,-2.4502670288085966,73.0,0.0,0.0,0.0,0.0,0.0,0.0,0.0,15.555242156982445,3.668025135141306,6.646194649426215,completed,
HRF-0222,HRF-0222,2026-06-18,1.0,14.676,121.0437,33.26418457031252,32.727456665039085,32.54584655761721,31.19968566894533,32.00795898437502,32.5202102661133,33.10173034667971,0.7439743041992202,96.11111111111111,1.0,1.0,1.0,1.0,0.0,0.0,1.0,24.91092770894369,3.526975021202361,0.8405197878971714,completed,
HRF-0222,HRF-0222,2026-06-04,0.0,14.676,121.0437,29.5346618652344,29.38111267089846,29.99268493652346,30.580484008789085,32.00795898437502,32.5202102661133,33.10173034667971,-2.985548400878905,26.444444444444443,0.0,0.0,0.0,0.0,0.0,0.0,0.0,25.00887959798177,4.082280397312843,2.5549742625313616,completed,
HRF-0222,HRF-0222,2026-06-11,0.0,14.676,121.0437,31.719842529296898,31.465478515625023,30.832192993164085,30.443261718750023,32.00795898437502,32.5202102661133,33.10173034667971,-0.8003677368164048,81.0,0.0,0.0,0.0,0.0,0.0,0.0,0.0,25.430066680908222,3.7108927964482064,1.3882977698611276,completed,
HRF-0222,HRF-0222,2026-06-25,0.0,14.676,121.0437,30.182733154296898,28.9245544433594,30.432977294921898,31.401971435546898,32.00795898437502,32.5202102661133,33.10173034667971,-2.337477111816405,38.44444444444444,0.0,0.0,0.0,0.0,0.0,0.0,0.0,24.84246152242025,19.57586407661438,3.2964664610925287,completed,
HRF-0223,HRF-0223,2026-06-26,1.0,41.8781,-87.6298,20.5964294433594,22.372033691406276,21.488198852539085,17.53132019042971,28.647262573242205,29.472138977050804,30.378094482421897,-8.875709533691406,19.0,0.0,0.0,0.0,0.0,0.0,0.0,0.0,15.017164484659872,0.4593431949615478,4.015913499723178,completed,
HRF-0223,HRF-0223,2026-06-05,0.0,41.8781,-87.6298,25.664163208007835,26.207482910156276,21.569146728515648,17.185876464843773,28.647262573242205,29.472138977050804,30.378094482421897,-3.8079757690429688,57.55555555555556,0.0,0.0,0.0,0.0,0.0,0.0,0.0,15.426618830362996,4.806730151074135,5.78185504372444,completed,
HRF-0223,HRF-0223,2026-06-12,0.0,41.8781,-87.6298,25.308709716796898,26.28766784667971,28.2018981933594,26.374185180664085,28.647262573242205,29.472138977050804,30.378094482421897,-4.163429260253906,54.333333333333336,0.0,0.0,0.0,0.0,0.0,0.0,0.0,15.042087173461937,4.123979806895051,5.344288665862099,completed,
HRF-0223,HRF-0223,2026-06-19,0.0,41.8781,-87.6298,20.896386718750023,20.49958190917971,19.373590087890648,22.028115844726585,28.647262573242205,29.472138977050804,30.378094482421897,-8.575752258300781,20.33333333333333,0.0,0.0,0.0,0.0,0.0,0.0,0.0,12.64268519083663,0.0006109476089477,2.218765227904156,completed,
HRF-0224,HRF-0224,2026-06-28,1.0,51.5074,-0.1278,24.127282714843773,27.719171142578148,32.44043884277346,28.882165527343773,22.766117858886737,23.67629852294925,25.304141235351583,0.450984191894527,91.44444444444444,0.0,0.0,0.0,0.0,0.0,0.0,1.0,12.890627797444663,0.1590907568242983,4.217783458302881,completed,
HRF-0224,HRF-0224,2026-06-07,0.0,51.5074,-0.1278,18.72583923339846,16.32758483886721,17.771264648437523,17.824441528320335,22.766117858886737,23.67629852294925,25.304141235351583,-4.9504592895507855,43.66666666666666,0.0,0.0,0.0,0.0,0.0,0.0,0.0,9.877772903442406,1.942455768585205,4.785440546632068,completed,
HRF-0224,HRF-0224,2026-06-14,0.0,51.5074,-0.1278,19.69605407714846,20.12317810058596,19.911981201171898,15.33014831542971,22.766117858886737,23.67629852294925,25.304141235351583,-3.9802444458007855,56.66666666666666,0.0,0.0,0.0,0.0,0.0,0.0,0.0,8.629996871948265,0.0692307949066162,1.959036085970442,completed,
HRF-0224,HRF-0224,2026-06-21,0.0,51.5074,-0.1278,26.743463134765648,24.45261535644533,26.659844970703148,23.451760864257835,22.766117858886737,23.67629852294925,25.304141235351583,3.067164611816402,97.2222222222222,0.0,0.0,0.0,0.0,0.0,0.0,1.0,16.988219833374046,0.0162744451017715,1.4765296965684889,completed,
HRF-0225,HRF-0225,2026-07-01,1.0,51.2194,4.4025,24.105340576171898,22.863153076171898,24.51020202636721,27.006692504882835,26.73132934570315,28.082705688476587,29.96780319213869,-3.977365112304689,66.98924731182797,0.0,0.0,0.0,0.0,0.0,0.0,0.0,14.131593958536826,0.563889741897583,2.5508587443569355,completed,
HRF-0225,HRF-0225,2026-07-08,0.0,51.2194,4.4025,26.715875244140648,26.332803344726585,28.4184509277344,22.64011535644533,26.73132934570315,28.082705688476587,29.96780319213869,-1.366830444335939,84.83870967741936,0.0,0.0,0.0,0.0,0.0,0.0,0.0,14.6008125305176,0.0377148389816284,2.60572832741681,completed,
HRF-0225,HRF-0225,2026-07-15,0.0,51.2194,4.4025,29.20746765136721,30.152932739257835,29.325967407226585,30.027871704101585,26.73132934570315,28.082705688476587,29.96780319213869,1.1247619628906236,93.2258064516129,0.0,0.0,0.0,0.0,0.0,0.0,1.0,12.262247339884482,0.0017195939108205,3.827850345697613,completed,
HRF-0225,HRF-0225,2026-07-22,0.0,51.2194,4.4025,20.965493774414085,23.500329589843773,20.692468261718773,21.22507629394533,26.73132934570315,28.082705688476587,29.96780319213869,-7.117211914062501,40.64516129032258,0.0,0.0,0.0,0.0,0.0,0.0,0.0,11.961253102620446,0.6021797656963201,3.41306464173406,completed,
HRF-0225,HRF-0225,2026-07-29,0.0,51.2194,4.4025,33.24207458496096,28.196801757812523,21.602334594726585,22.05896911621096,26.73132934570315,28.082705688476587,29.96780319213869,5.159368896484374,99.13978494623656,0.0,0.0,0.0,0.0,0.0,0.0,0.0,14.06349652608236,0.0008615081554808,1.785245993575074,completed,
HRF-0226,HRF-0226,2026-07-14,1.0,50.8503,4.3517,29.920510864257835,29.282998657226585,30.334512329101585,30.037438964843773,26.79888153076174,27.858862304687527,29.92508239746096,2.061648559570308,94.9462365591398,0.0,0.0,0.0,0.0,0.0,0.0,1.0,14.756272888183616,0.0103652477214666,3.3607764745763635,completed,
HRF-0226,HRF-0226,2026-07-07,0.0,50.8503,4.3517,27.00501403808596,28.6957946777344,22.79245910644533,25.078698730468773,26.79888153076174,27.858862304687527,29.92508239746096,-0.8538482666015668,86.7741935483871,0.0,0.0,0.0,0.0,0.0,0.0,0.0,11.2459706624349,0.000882148697201,3.066554200106382,completed,
HRF-0226,HRF-0226,2026-07-21,0.0,50.8503,4.3517,23.62207946777346,20.419030761718773,21.12937316894533,21.01062927246096,26.79888153076174,27.858862304687527,29.92508239746096,-4.236782836914067,63.44086021505376,0.0,0.0,0.0,0.0,0.0,0.0,0.0,9.29971593221029,0.0025779008865356,2.5934086308483986,completed,
HRF-0226,HRF-0226,2026-07-28,0.0,50.8503,4.3517,28.071801757812523,21.781396484375023,22.664346313476585,27.162637329101585,26.79888153076174,27.858862304687527,29.92508239746096,0.2129394531249957,91.29032258064515,0.0,0.0,0.0,0.0,0.0,0.0,0.0,12.341438547770224,0.0017201826949531,1.6762187047642156,completed,
HRF-0227,HRF-0227,2026-07-16,1.0,-17.8252,31.0335,21.66623840332033,21.65271911621096,21.58130798339846,21.38703308105471,22.819573211669947,23.42831726074221,24.268206024169945,-1.7620788574218764,71.29032258064515,0.0,0.0,0.0,0.0,0.0,0.0,0.0,0.5972139994303802,0.0,2.919462466711377,completed,
HRF-0227,HRF-0227,2026-07-02,0.0,-17.8252,31.0335,22.150781250000023,20.50989685058596,21.304559326171898,20.519586181640648,22.819573211669947,23.42831726074221,24.268206024169945,-1.277536010742189,77.31182795698925,0.0,0.0,0.0,0.0,0.0,0.0,0.0,4.694930648803734,0.0025808794816839,0.5160314608371315,completed,
HRF-0227,HRF-0227,2026-07-09,0.0,-17.8252,31.0335,19.683862304687523,18.587457275390648,19.985147094726585,20.549432373046898,22.819573211669947,23.42831726074221,24.268206024169945,-3.744454956054689,40.215053763440864,0.0,0.0,0.0,0.0,0.0,0.0,0.0,4.708989715576195,0.0008523463179699,1.2925563271735676,completed,
HRF-0227,HRF-0227,2026-07-23,0.0,-17.8252,31.0335,22.591638183593773,23.133462524414085,24.46775207519533,25.170220947265648,22.819573211669947,23.42831726074221,24.268206024169945,-0.8366790771484389,82.04301075268818,0.0,0.0,0.0,0.0,0.0,0.0,0.0,1.7837584177653412,0.0,2.2469587287873094,completed,
HRF-0227,HRF-0227,2026-07-30,0.0,-17.8252,31.0335,22.1286560058594,20.905786132812523,21.46018371582033,20.026162719726585,22.819573211669947,23.42831726074221,24.268206024169945,-1.299661254882814,77.09677419354838,0.0,0.0,0.0,0.0,0.0,0.0,0.0,1.6937824249267803,0.0004261732087229,1.40753769175187,completed,
HRF-0228,HRF-0228,2026-07-17,1.0,42.3601,-71.0589,29.407510375976585,31.3339782714844,34.14385375976565,35.510720825195335,31.492046356201197,32.37827911376955,33.76898193359377,-2.970768737792966,66.88172043010752,0.0,0.0,0.0,0.0,0.0,0.0,0.0,9.780789947509788,0.0008702277227712,2.368759371173869,completed,
HRF-0228,HRF-0228,2026-07-03,0.0,42.3601,-71.0589,36.38302001953127,37.05965576171877,33.821145629882835,30.400476074218773,31.492046356201197,32.37827911376955,33.76898193359377,4.004740905761722,99.247311827957,1.0,1.0,1.0,1.0,0.0,1.0,1.0,19.41763903299972,0.0018925124045665,2.621830081461055,completed,
HRF-0228,HRF-0228,2026-07-10,0.0,42.3601,-71.0589,30.758111572265648,32.025613403320335,26.654824829101585,20.437554931640648,31.492046356201197,32.37827911376955,33.76898193359377,-1.6201675415039034,77.95698924731182,0.0,0.0,0.0,0.0,0.0,0.0,0.0,20.209061559041345,0.0196695327758789,1.55661722814228,completed,
HRF-0228,HRF-0228,2026-07-24,0.0,42.3601,-71.0589,27.64743957519533,26.387506103515648,28.859704589843773,26.094354248046898,31.492046356201197,32.37827911376955,33.76898193359377,-4.730839538574216,49.03225806451613,0.0,0.0,0.0,0.0,0.0,0.0,0.0,12.7862322489421,0.0,1.419152480558103,completed,
HRF-0228,HRF-0228,2026-07-31,0.0,42.3601,-71.0589,25.086389160156276,22.682962036132835,23.013055419921898,29.447854614257835,31.492046356201197,32.37827911376955,33.76898193359377,-7.291889953613278,24.086021505376344,0.0,0.0,0.0,0.0,0.0,0.0,0.0,18.15971781412765,1.182767748787228,0.6220060033554764,completed,
HRF-0229,HRF-0229,2026-07-17,1.0,40.7128,-74.006,30.398248291015648,33.43226013183596,35.71932373046877,33.76606140136721,32.59031677246096,33.19182281494143,34.51456756591799,-2.793574523925784,69.13978494623656,0.0,0.0,0.0,0.0,0.0,0.0,0.0,15.153592681884788,0.0008702277227712,1.6801335521865748,completed,
HRF-0229,HRF-0229,2026-07-03,0.0,40.7128,-74.006,38.3488708496094,39.07442626953127,34.55726013183596,31.39374694824221,32.59031677246096,33.19182281494143,34.51456756591799,5.157048034667966,99.67741935483872,1.0,1.0,1.0,1.0,0.0,1.0,1.0,20.33202705383303,1.8830300026770883,2.8009490974943136,completed,
HRF-0229,HRF-0229,2026-07-10,0.0,40.7128,-74.006,30.158502197265648,28.71506652832033,29.086465454101585,22.630578613281276,32.59031677246096,33.19182281494143,34.51456756591799,-3.033320617675784,66.77419354838709,0.0,0.0,0.0,0.0,0.0,0.0,0.0,21.427811559041345,1.1400282382965088,2.1106236147609545,completed,
HRF-0229,HRF-0229,2026-07-24,0.0,40.7128,-74.006,27.036889648437523,26.569177246093773,29.675149536132835,25.31934509277346,32.59031677246096,33.19182281494143,34.51456756591799,-6.154933166503909,29.89247311827957,0.0,0.0,0.0,0.0,0.0,0.0,0.0,14.7259295145671,0.0,1.2031965417964503,completed,
HRF-0229,HRF-0229,2026-07-31,0.0,40.7128,-74.006,28.48285827636721,25.122583007812523,27.35984191894533,26.933129882812523,32.59031677246096,33.19182281494143,34.51456756591799,-4.708964538574222,47.204301075268816,0.0,0.0,0.0,0.0,0.0,0.0,0.0,19.39197692871096,2.907085418655697,1.3426758614819037,completed,
HRF-0231,HRF-0231,2026-08-04,1.0,43.6532,-79.3832,25.07929382324221,25.1994567871094,22.190148925781276,25.39167175292971,27.72990493774417,28.34199371337893,29.691426086425803,-3.2626998901367195,51.82795698924731,0.0,0.0,0.0,0.0,0.0,0.0,0.0,13.863016382853232,0.000846385830755,0.7265547323955117,completed,
HRF-0231,HRF-0231,2026-08-11,0.0,43.6532,-79.3832,26.610406494140648,27.296044921875023,25.593316650390648,26.589227294921898,27.72990493774417,28.34199371337893,29.691426086425803,-1.731587219238282,72.68817204301075,0.0,0.0,0.0,0.0,0.0,0.0,0.0,15.92041676839193,0.0114166244742364,2.4656871055354195,completed,
HRF-0231,HRF-0231,2026-08-18,0.0,43.6532,-79.3832,25.297219848632835,25.806604003906276,23.04700622558596,24.01093444824221,27.72990493774417,28.34199371337893,29.691426086425803,-3.0447738647460945,54.623655913978496,0.0,0.0,0.0,0.0,0.0,0.0,0.0,14.485793050130212,0.0018388032572147,2.125442756527516,completed,
HRF-0232,HRF-0232,2026-08-04,1.0,43.6532,-79.3832,25.07929382324221,25.1994567871094,22.190148925781276,25.39167175292971,27.72990493774417,28.34199371337893,29.691426086425803,-3.2626998901367195,51.82795698924731,0.0,0.0,0.0,0.0,0.0,0.0,0.0,13.863016382853232,0.000846385830755,0.7265547323955117,completed,
HRF-0232,HRF-0232,2026-08-11,0.0,43.6532,-79.3832,26.610406494140648,27.296044921875023,25.593316650390648,26.589227294921898,27.72990493774417,28.34199371337893,29.691426086425803,-1.731587219238282,72.68817204301075,0.0,0.0,0.0,0.0,0.0,0.0,0.0,15.92041676839193,0.0114166244742364,2.4656871055354195,completed,
HRF-0232,HRF-0232,2026-08-18,0.0,43.6532,-79.3832,25.297219848632835,25.806604003906276,23.04700622558596,24.01093444824221,27.72990493774417,28.34199371337893,29.691426086425803,-3.0447738647460945,54.623655913978496,0.0,0.0,0.0,0.0,0.0,0.0,0.0,14.485793050130212,0.0018388032572147,2.125442756527516,completed,
HRF-0233,HRF-0233,2026-08-04,1.0,43.6532,-79.3832,25.07929382324221,25.1994567871094,22.190148925781276,25.39167175292971,27.72990493774417,28.34199371337893,29.691426086425803,-3.2626998901367195,51.82795698924731,0.0,0.0,0.0,0.0,0.0,0.0,0.0,13.863016382853232,0.000846385830755,0.7265547323955117,completed,
HRF-0233,HRF-0233,2026-08-11,0.0,43.6532,-79.3832,26.610406494140648,27.296044921875023,25.593316650390648,26.589227294921898,27.72990493774417,28.34199371337893,29.691426086425803,-1.731587219238282,72.68817204301075,0.0,0.0,0.0,0.0,0.0,0.0,0.0,15.92041676839193,0.0114166244742364,2.4656871055354195,completed,
HRF-0233,HRF-0233,2026-08-18,0.0,43.6532,-79.3832,25.297219848632835,25.806604003906276,23.04700622558596,24.01093444824221,27.72990493774417,28.34199371337893,29.691426086425803,-3.0447738647460945,54.623655913978496,0.0,0.0,0.0,0.0,0.0,0.0,0.0,14.485793050130212,0.0018388032572147,2.125442756527516,completed,
HRF-0234,HRF-0234,2026-08-05,1.0,43.6532,-79.3832,25.448281860351585,25.07929382324221,25.1994567871094,22.190148925781276,27.72990493774417,28.34199371337893,29.691426086425803,-2.8937118530273445,56.88172043010753,0.0,0.0,0.0,0.0,0.0,0.0,0.0,17.305976486206077,0.0026315447030356,1.3300799037603486,completed,
HRF-0234,HRF-0234,2026-08-12,0.0,43.6532,-79.3832,24.78559265136721,26.610406494140648,27.296044921875023,25.593316650390648,27.72990493774417,28.34199371337893,29.691426086425803,-3.5564010620117195,47.096774193548384,0.0,0.0,0.0,0.0,0.0,0.0,0.0,17.07998110453292,1.2326180934891795,1.0883822479463403,completed,
HRF-0234,HRF-0234,2026-08-19,0.0,43.6532,-79.3832,25.047647094726585,25.297219848632835,25.806604003906276,23.04700622558596,27.72990493774417,28.34199371337893,29.691426086425803,-3.2943466186523445,51.61290322580645,0.0,0.0,0.0,0.0,0.0,0.0,0.0,16.52709032694503,2.566590905189514,3.023434849455895,completed,
HRF-0235,HRF-0235,2026-08-09,1.0,49.8951,-97.1384,22.525964355468773,22.891961669921898,25.008462524414085,28.045693969726585,28.97277832031252,29.954161071777367,31.03902435302737,-7.428196716308594,26.666666666666668,0.0,0.0,0.0,0.0,0.0,0.0,0.0,11.911772028605183,0.1788586378097534,2.412964219223217,completed,
HRF-0235,HRF-0235,2026-08-02,0.0,49.8951,-97.1384,31.47727355957033,26.77906188964846,28.459756469726585,32.40352783203127,28.97277832031252,29.954161071777367,31.03902435302737,1.523112487792968,96.55913978494624,0.0,0.0,0.0,0.0,0.0,0.0,0.0,15.492522176106776,0.0071138143198368,5.221707310878853,completed,
HRF-0235,HRF-0235,2026-08-16,0.0,49.8951,-97.1384,23.257379150390648,20.83558044433596,23.616906738281276,23.98468933105471,28.97277832031252,29.954161071777367,31.03902435302737,-6.69678192138672,33.97849462365591,0.0,0.0,0.0,0.0,0.0,0.0,0.0,14.059746678670251,0.0791817902836555,3.454841736110437,completed,
HRF-0235,HRF-0235,2026-08-23,0.0,49.8951,-97.1384,24.371194458007835,21.391503906250023,24.973687744140648,22.569665527343773,28.97277832031252,29.954161071777367,31.03902435302737,-5.582966613769532,43.655913978494624,0.0,0.0,0.0,0.0,0.0,0.0,0.0,11.60014368693038,0.0012893726193397,2.090217003383987,completed,
HRF-0236,HRF-0236,2026-08-14,1.0,52.52,13.405,31.86890563964846,27.79783020019533,24.704034423828148,20.514688110351585,28.177181243896506,29.517613220214862,31.32323455810549,2.3512924194335945,96.02150537634408,0.0,0.0,0.0,0.0,0.0,0.0,0.0,7.890376027425134,0.0,2.587234779975941,completed,
HRF-0236,HRF-0236,2026-08-07,0.0,52.52,13.405,21.97467956542971,27.232629394531276,32.314675903320335,30.834771728515648,28.177181243896506,29.517613220214862,31.32323455810549,-7.5429336547851555,36.12903225806451,0.0,0.0,0.0,0.0,0.0,0.0,0.0,10.36332219441732,0.1235485075881115,2.592924052453255,completed,
HRF-0236,HRF-0236,2026-08-21,0.0,52.52,13.405,24.671929931640648,23.222268676757835,20.29633483886721,21.13263854980471,28.177181243896506,29.517613220214862,31.32323455810549,-4.845683288574218,61.0752688172043,0.0,0.0,0.0,0.0,0.0,0.0,0.0,11.796670532226583,1.2093663214614023,1.9171107510882293,completed,
HRF-0237,HRF-0237,2026-08-14,1.0,52.52,13.405,31.86890563964846,27.79783020019533,24.704034423828148,20.514688110351585,28.177181243896506,29.517613220214862,31.32323455810549,2.3512924194335945,96.02150537634408,0.0,0.0,0.0,0.0,0.0,0.0,0.0,7.890376027425134,0.0,2.587234779975941,completed,
HRF-0237,HRF-0237,2026-08-07,0.0,52.52,13.405,21.97467956542971,27.232629394531276,32.314675903320335,30.834771728515648,28.177181243896506,29.517613220214862,31.32323455810549,-7.5429336547851555,36.12903225806451,0.0,0.0,0.0,0.0,0.0,0.0,0.0,10.36332219441732,0.1235485075881115,2.592924052453255,completed,
HRF-0237,HRF-0237,2026-08-21,0.0,52.52,13.405,24.671929931640648,23.222268676757835,20.29633483886721,21.13263854980471,28.177181243896506,29.517613220214862,31.32323455810549,-4.845683288574218,61.0752688172043,0.0,0.0,0.0,0.0,0.0,0.0,0.0,11.796670532226583,1.2093663214614023,1.9171107510882293,completed,
HRF-0238,HRF-0238,2026-08-17,1.0,51.5413,9.9158,18.206155395507835,25.5849548339844,31.30701599121096,32.44703063964846,26.09047775268557,27.44516754150393,29.50778732299807,-9.239012145996096,18.172043010752688,0.0,0.0,0.0,0.0,0.0,0.0,0.0,12.025439198811853,2.270978689182357,2.1921867950495697,completed,
HRF-0238,HRF-0238,2026-08-03,0.0,51.5413,9.9158,30.340203857421898,25.359048461914085,22.091165161132835,28.480279541015648,26.09047775268557,27.44516754150393,29.50778732299807,2.8950363159179666,96.88172043010752,0.0,0.0,0.0,0.0,0.0,0.0,0.0,14.073823547363304,0.0034096026979568,2.3388232276283527,completed,
HRF-0238,HRF-0238,2026-08-10,0.0,51.5413,9.9158,28.62153015136721,31.63892517089846,25.158547973632835,20.07428894042971,26.09047775268557,27.44516754150393,29.50778732299807,1.1763626098632791,93.44086021505376,0.0,0.0,0.0,0.0,0.0,0.0,0.0,11.091711298624716,0.013509675333978,2.07897404166956,completed,
HRF-0238,HRF-0238,2026-08-24,0.0,51.5413,9.9158,20.39792785644533,18.090753173828148,18.443719482421898,21.31659851074221,26.09047775268557,27.44516754150393,29.50778732299807,-7.047239685058596,40.0,0.0,0.0,0.0,0.0,0.0,0.0,0.0,8.121290461222372,0.0028103589961858,1.19789722427045,completed,
HRF-0239,HRF-0239,2026-08-23,1.0,38.8816,-77.091,27.73703918457033,24.685388183593773,27.63523254394533,30.715966796875023,32.83709411621096,33.72060089111331,34.83304519653323,-5.983561706542972,30.53763440860215,0.0,0.0,0.0,0.0,0.0,0.0,0.0,18.25704472859701,0.0113476564251868,1.334050908031852,completed,
HRF-0239,HRF-0239,2026-08-02,0.0,38.8816,-77.091,29.014123535156276,30.681756591796898,30.083673095703148,28.313867187500023,32.83709411621096,33.72060089111331,34.83304519653323,-4.706477355957034,44.40860215053763,0.0,0.0,0.0,0.0,0.0,0.0,0.0,21.58749287923177,13.171336054767837,2.9691884256011387,completed,
HRF-0239,HRF-0239,2026-08-09,0.0,38.8816,-77.091,33.63042602539065,33.0786071777344,33.26827392578127,32.63201293945315,32.83709411621096,33.72060089111331,34.83304519653323,-0.090174865722659,89.24731182795699,0.0,1.0,0.0,0.0,0.0,0.0,0.0,21.912992731730185,0.1670420169830322,1.4918209885562403,completed,
HRF-0239,HRF-0239,2026-08-16,0.0,38.8816,-77.091,27.09278259277346,30.385522460937523,28.796594238281276,32.11480102539065,32.83709411621096,33.72060089111331,34.83304519653323,-6.627818298339847,22.1505376344086,0.0,0.0,0.0,0.0,0.0,0.0,0.0,21.62273495992025,19.070607423714137,2.3160380315882803,completed,
HRF-0180,HRF-0180,2025-10-13,1.0,55.8708,12.8302,13.200978471656583,15.915864027845942,14.312877174124367,14.803323393184371,14.892732613369152,15.594830261519679,16.561194429442775,-2.3938517898630955,69.46236559139784,0.0,0.0,0.0,0.0,0.0,0.0,0.0,5.460621783481031,0.03232311500129951,1.9149661884008249,completed,20.0
HRF-0180,HRF-0180,2025-10-06,0.0,55.8708,12.8302,14.192404189267961,14.101129728922842,10.849740412562937,13.353517187037198,14.892732613369152,15.594830261519679,16.561194429442775,-1.4024260722517177,79.78494623655914,0.0,0.0,0.0,0.0,0.0,0.0,0.0,10.113526960496472,0.5328955243321701,3.569760154703414,completed,20.0
HRF-0180,HRF-0180,2025-10-20,0.0,55.8708,12.8302,10.509379498088492,8.92932032002085,8.702601717546656,10.350250085044195,14.892732613369152,15.594830261519679,16.561194429442775,-5.0854507634311865,37.634408602150536,0.0,0.0,0.0,0.0,0.0,0.0,0.0,4.953525698693454,0.027759224780304872,5.300536425381162,completed,20.0
HRF-0180,HRF-0180,2025-10-27,0.0,55.8708,12.8302,10.017775086316988,8.440043763074812,10.147567965973053,11.566135648754539,14.892732613369152,15.594830261519679,16.561194429442775,-5.577055175202691,31.72043010752688,0.0,0.0,0.0,0.0,0.0,0.0,0.0,6.212566541457818,4.205774950144703,3.59838335705758,completed,20.0
HRF-0129,HRF-0129,2021-10-14,1.0,22.61626,120.31333,27.12298629618141,29.231138765113087,30.309834200098294,27.15605089937918,29.321605005645097,29.60919450680482,30.093916922984928,-2.48620821062341,30.86021505376344,0.0,0.0,0.0,0.0,0.0,0.0,0.0,24.08420919895309,11.785498459989062,0.7828290958168272,completed,20.0
HRF-0129,HRF-0129,2021-10-07,0.0,22.61626,120.31333,30.064725763390584,30.976312450321416,30.9030281164126,30.978098273135515,29.321605005645097,29.60919450680482,30.093916922984928,0.45553125658576477,94.73118279569891,1.0,1.0,1.0,1.0,1.0,0.0,1.0,23.687478359506542,4.07053640360739,0.7600425782012021,completed,20.0
HRF-0129,HRF-0129,2021-10-21,0.0,22.61626,120.31333,27.718541630021377,26.99618688695182,27.308061341420967,27.22779864600477,29.321605005645097,29.60919450680482,30.093916922984928,-1.8906528767834416,43.655913978494624,0.0,0.0,0.0,0.0,0.0,0.0,0.0,20.974084069687706,0.02635496343306393,2.960421532108759,completed,20.0
HRF-0129,HRF-0129,2021-10-28,0.0,22.61626,120.31333,26.491578551157033,27.147041407660538,27.470438309169595,27.288927040326996,29.321605005645097,29.60919450680482,30.093916922984928,-3.1176159556477856,18.70967741935484,0.0,0.0,0.0,0.0,0.0,0.0,0.0,20.692802103367285,2.343003716424246,0.2625437220261657,completed,20.0
HRF-0201,HRF-0201,2026-02-28,1.0,26.22787,50.58565,21.650324489353466,20.76583595542644,22.164104050856395,22.65311289967366,21.17119465754585,21.732683056384598,22.59512245871808,-0.08235856703113242,89.74056603773585,0.0,0.0,0.0,0.0,0.0,0.0,0.0,16.65855947907994,0.0008463858875984442,2.151042113305955,completed,20.0
HRF-0201,HRF-0201,2026-02-07,0.0,26.22787,50.58565,19.871544151039416,18.656016935335174,19.99668835193131,21.319702212460413,21.17119465754585,21.732683056384598,22.59512245871808,-1.8611389053451823,62.382075471698116,0.0,0.0,0.0,0.0,0.0,0.0,0.0,16.09074754070292,0.4208213174259747,4.405397106957455,completed,20.0
HRF-0201,HRF-0201,2026-02-14,0.0,26.22787,50.58565,24.399722396743925,22.478835248613734,22.221719403033546,24.111963616217793,21.17119465754585,21.732683056384598,22.59512245871808,2.6670393403593273,98.82075471698113,0.0,0.0,0.0,0.0,0.0,0.0,1.0,15.886936727492753,0.0004351138045421976,4.210421247403012,completed,20.0
HRF-0201,HRF-0201,2026-02-21,0.0,26.22787,50.58565,22.634474640959695,22.285077587207752,21.56418839034501,20.632551500013676,21.17119465754585,21.732683056384598,22.59512245871808,0.901791584575097,95.04716981132076,0.0,0.0,0.0,0.0,0.0,0.0,0.0,16.223114259982196,0.000852346317969932,3.8721700002611397,completed,20.0
HRF-0230,HRF-0230,2026-07-30,1.0,-33.9249,18.4241,17.859200245179807,17.563172456966754,16.79716872102574,15.802935283035595,18.46974295939698,19.63767404035209,20.859705076981108,-1.7784737951722818,80.21505376344086,0.0,0.0,0.0,0.0,0.0,0.0,0.0,9.322227124024721,0.0004261732087229575,2.266198036051335,completed,20.0
HRF-0230,HRF-0230,2026-07-02,0.0,-33.9249,18.4241,13.995253202057881,13.319080700807717,13.675432928877797,12.482553498051175,18.46974295939698,19.63767404035209,20.859705076981108,-5.642420838294207,21.397849462365592,0.0,0.0,0.0,0.0,0.0,0.0,0.0,8.357391396037372,4.986491661391718,5.536298376174211,completed,20.0
HRF-0230,HRF-0230,2026-07-09,0.0,-33.9249,18.4241,15.124490530942296,16.75379571005834,16.393719998157337,15.599130345966216,18.46974295939698,19.63767404035209,20.859705076981108,-4.513183509409792,42.04301075268817,0.0,0.0,0.0,0.0,0.0,0.0,0.0,7.807928660359266,0.000852346317969932,6.26719457823188,completed,20.0
HRF-0230,HRF-0230,2026-07-16,0.0,-33.9249,18.4241,15.571119814028123,15.358429269172632,13.733784961821641,13.822303834015997,18.46974295939698,19.63767404035209,20.859705076981108,-4.066554226323966,50.86021505376343,0.0,0.0,0.0,0.0,0.0,0.0,0.0,11.597234939064606,0.08720101781539723,0.280671494823295,completed,20.0
HRF-0230,HRF-0230,2026-07-23,0.0,-33.9249,18.4241,14.184854125976585,14.716794261423445,15.006329793578686,14.87426424717205,18.46974295939698,19.63767404035209,20.859705076981108,-5.452819914375503,23.978494623655912,0.0,0.0,0.0,0.0,0.0,0.0,0.0,10.0284453862605,6.411428031957739,2.616136820991631,completed,20.0
HRF-0204,HRF-0204,2026-03-08,1.0,29.367,47.97429,24.51414340172647,22.12434945308371,21.74911935111885,23.110556498228846,29.08393711151103,30.11541807043705,32.158140720428506,-5.60127466871058,40.96774193548387,0.0,0.0,0.0,0.0,0.0,0.0,0.0,9.186477369378451,0.7780379032152973,1.5943566967142158,completed,20.0
HRF-0204,HRF-0204,2026-03-01,0.0,29.367,47.97429,23.014705034257815,23.301892310902474,25.98555418716103,23.67297411799325,29.08393711151103,30.11541807043705,32.158140720428506,-7.100713036179236,26.236559139784948,0.0,0.0,0.0,0.0,0.0,0.0,0.0,-1.620449568448464,0.0,7.104793218105895,completed,20.0
HRF-0204,HRF-0204,2026-03-15,0.0,29.367,47.97429,22.36701205694112,22.358380161403886,20.062330643231405,20.987760510449164,29.08393711151103,30.11541807043705,32.158140720428506,-7.748406013495931,20.21505376344086,0.0,0.0,0.0,0.0,0.0,0.0,0.0,15.157310619934549,0.24862141949986868,4.641144806987811,completed,20.0
HRF-0204,HRF-0204,2026-03-22,0.0,29.367,47.97429,24.808653748764414,23.470791890098667,24.684038204218268,24.635022667412045,29.08393711151103,30.11541807043705,32.158140720428506,-5.306764321672638,45.59139784946237,0.0,0.0,0.0,0.0,0.0,0.0,0.0,17.385939436416493,5.25646495674287,4.2480771149150245,completed,20.0
HRF-0204,HRF-0204,2026-03-29,0.0,29.367,47.97429,23.510154886326518,23.633263485496798,21.33258334830026,23.222365153071394,29.08393711151103,30.11541807043705,32.158140720428506,-6.605263184110534,30.752688172043012,0.0,0.0,0.0,0.0,0.0,0.0,0.0,13.147866113733983,0.00044107436991680515,0.6608955031849195,completed,20.0
