event_id,continent,country,location,event_name,event_date,event_summary,source_url,latitude,longitude,fire_type,building_use,building_height_or_floors,affected_floors,building_age_status,deaths,injuries,evacuated,cause,fire_spread,urban_fire_resilience_gap,impact,event_year,source_domain,source_grade,city_label_en,building_use_group,building_height_m_reported,building_storeys_reported,external_trigger,arson_trigger,construction_related,facade_fire,valid_geocode,possible_duplicate,analysis_extended,analysis_core,cohort_reason,source_file_sha256
HRF-0001,亚洲,"中国香港特别行政区 / Hong Kong SAR, China","入境事务大楼，湾仔，香港特别行政区 / Immigration Tower, Wan Chai, Hong Kong SAR",香港入境事务大楼纵火案 / Immigration Tower arson fire,2000-08-02,香港湾仔入境事务大楼13层发生纵火，造成2人死亡、46人受伤。,https://www.yearbook.gov.hk/2000/b5/calendar/aug_content.htm,22.27832,114.17469,高层建筑内部火灾,政府办公楼,181米；火灾发生在13层,13层,大楼1990年启用，事发时约10年，不属老旧楼宇,2.0,46.0,,居留权申索人士在13层办公室泼洒高度易燃稀释剂并点火，属纵火,室内可燃液体造成火球并蔓延至走廊；楼宇喷淋系统最终控制火势,人员密集的办事处内发生蓄意纵火；其余系统失效未检索到,2人死亡、46人受伤，其中23名伤者为入境事务处职员,2000,yearbook.gov.hk,A,Hong Kong,Office/government,181.0,13.0,False,True,False,False,True,False,True,True,core_eligible,386eb556101286e4dce89060d1d60ca105f5f54e97db3d3f297bcc2be6c291e5
HRF-0002,欧洲,Russia,Moscow,Ostankino Tower fire,2000-08-27,Ostankino Tower高层建筑火灾；建筑高度记录为 540.1 m。死亡人数：3。Tallest structure in Europe,https://en.wikipedia.org/wiki/List_of_fires_in_high-rise_buildings,55.75204,37.61781,高层建筑火灾,未检索到,540.1 m,未检索到,未检索到,3.0,,,未检索到/待核实,未检索到/待核实,未检索到/待核实,死亡人数：3。Tallest structure in Europe,2000,en.wikipedia.org,C,Moscow,Unknown/other,540.1,,False,False,False,False,True,False,True,False,compendium_only_source,386eb556101286e4dce89060d1d60ca105f5f54e97db3d3f297bcc2be6c291e5
HRF-0003,北美洲,United States,"World Trade Center site, New York City, New York",September 11 World Trade Center high-rise fires,2001-09-11,"Hijacked aircraft struck 1 and 2 World Trade Center, igniting multi-floor fires; both 110-storey towers collapsed. Debris caused secondary fires and severe damage in 7 World Trade Center, 90 West Street and 130 Cedar Street.",https://ctif.org/sites/default/files/2025-08/CTIF_Report30.pdf,40.7118,-74.0131,high-rise building fire,office / mixed high-rise complex,multiple buildings: 110-storey twin towers; 47-storey 7 WTC; 23-storey 90 West; about 22-storey 130 Cedar,未检索到,completed 1931; older building,,,,Deliberate aircraft impacts during the September 11 attacks; debris-related secondary fires in nearby high-rises,未检索到/待核实,未检索到/待核实,"The twin towers and 7 World Trade Center collapsed. CTIF lists 2,312 deaths for the 1/2 WTC high-rise entry, 2 for 90 West Street, and 0 for 7 WTC and 130 Cedar Street; these are building-entry figures, not the total 9/11 death toll.",2001,ctif.org,C,New York City,Office/government,,,True,False,False,False,True,False,False,False,external_disaster_trigger,386eb556101286e4dce89060d1d60ca105f5f54e97db3d3f297bcc2be6c291e5
HRF-0004,北美洲,United States,"Arlington County, Virginia",The Pentagon fire,2001-09-11,Part of the September 11 attacks. Caused damaged at the southwestern side from one hijacked airliner Flight 77 of the impact and partial collapse.,https://en.wikipedia.org/wiki/List_of_fires_in_high-rise_buildings,,,高层建筑火灾,未检索到,23 m,未检索到,未检索到,125.0,,,未检索到/待核实,未检索到/待核实,未检索到/待核实,Part of the September 11 attacks. Caused damaged at the southwestern side from one hijacked airliner Flight 77 of the impact and partial collapse.,2001,en.wikipedia.org,C,Arlington County,Unknown/other,23.0,,False,False,False,False,False,False,False,False,invalid_or_missing_geocode,386eb556101286e4dce89060d1d60ca105f5f54e97db3d3f297bcc2be6c291e5
HRF-0005,欧洲,Italy,Milan,Pirelli Tower fire,2002-04-18,Pirelli Tower高层建筑火灾；建筑高度记录为 127 m。死亡人数：3。Plane crash,https://en.wikipedia.org/wiki/List_of_fires_in_high-rise_buildings,45.46427,9.18951,高层建筑火灾,未检索到,127 m,未检索到,未检索到,3.0,,,Plane crash,未检索到/待核实,未检索到/待核实,死亡人数：3。Plane crash,2002,en.wikipedia.org,C,Milan,Unknown/other,127.0,,True,False,False,False,True,False,False,False,external_disaster_trigger,386eb556101286e4dce89060d1d60ca105f5f54e97db3d3f297bcc2be6c291e5
HRF-0006,大洋洲,Australia,Fairfield,Tip Top Bakery fire,2002-06-02,Tip Top Bakery高层建筑外立面火灾。死亡 0，受伤 1；表中记录的受影响楼层为 1。,https://www.vic.gov.au/sites/default/files/2024-08/LITERA~1.PDF,-34.89842,148.85272,高层建筑外立面火灾,食品工业厂房,单层；约10000平方米,1,未检索到,0.0,0.0,,燃气加热系统故障引燃玉米粉（polenta flour）,EPS聚苯乙烯夹芯板造成快速隐蔽蔓延并削弱结构；液态酵母泄漏进一步供燃,无自动喷淋；现场供水不足，消防由内攻转为防御,单层约10000平方米工厂大部毁损，估计损失超过1亿澳元；现有专题表的伤员数字与政府综述不一致,2002,vic.gov.au,A,Fairfield,Unknown/other,,,False,False,False,True,True,False,True,True,core_eligible,386eb556101286e4dce89060d1d60ca105f5f54e97db3d3f297bcc2be6c291e5
HRF-0007,北美洲,United States,"Clearwater, Florida",Clearwater condominium high-rise fire,2002-06-28,A condominium high-rise fire in Clearwater listed by CTIF caused fatalities and injuries.,https://ctif.org/sites/default/files/2025-08/CTIF_Report30.pdf,27.9659,-82.8001,high-rise building fire,residential condominium,high-rise; exact building/floor count unresolved,未检索到,unknown,2.0,5.0,,not established in the consulted compendium,未检索到/待核实,未检索到/待核实,CTIF lists 2 deaths and 5 injuries.,2002,ctif.org,C,Clearwater,Residential,,,False,False,False,False,True,False,True,False,compendium_only_source,386eb556101286e4dce89060d1d60ca105f5f54e97db3d3f297bcc2be6c291e5
HRF-0008,非洲,South Africa,Johannesburg,Rand Inn International Hotel fire,2003-03-05,约21层住宅旅馆低层餐厅/厨房起火，烟气通过楼梯间和电梯井充满整栋高层。,https://iol.co.za/news/south-africa/2003-03-05-joburg-fire-victims-leap-to-their-death/,-26.2041,28.0473,high-rise hotel / residential fire,住宅式酒店,20–21层,未检索到,老旧内城住宅式酒店,5.0,61.0,,据同期消防信息，火灾疑从酒店餐厅开始；具体点火机制未公开,浓烟沿约20层建筑上升；恐慌导致人员跳楼，坠落和烟气吸入构成主要伤害,高层烟控与疏散组织承压；现场报道同时称建筑具备规定的灭火器、逃生通道和设施,同期IOL报道5死61伤；另一同期报道为5死67伤，故伤员数字仍有差异,2003,iol.co.za,B,Johannesburg,Residential,,21.0,False,False,False,False,True,False,True,True,core_eligible,386eb556101286e4dce89060d1d60ca105f5f54e97db3d3f297bcc2be6c291e5
HRF-0009,欧洲,United Kingdom,"Paddington, London, England, United Kingdom",Telstar House fire,2003-07-29,伦敦一栋高层办公楼发生大火，火势破坏第7至10层并延至第11层局部。,https://highrisefire.co.uk/cstelstar.html,51.5169,-0.1774,high-rise office fire,office,"13 storeys; floors 7-10 destroyed, part of 11th affected",4,1960s office building,0.0,3.0,,来源页未给出最终起火原因。,未检索到/待核实,未检索到/待核实,约5万平方英尺受火；3人受伤；建筑无法继续使用，后拆除。,2003,highrisefire.co.uk,B,Paddington,Office/government,,13.0,False,False,False,False,True,False,True,True,core_eligible,386eb556101286e4dce89060d1d60ca105f5f54e97db3d3f297bcc2be6c291e5
HRF-0010,北美洲,United States,"Chicago, Illinois",Cook County Administration Building fire,2003-10-17,A fire on the 12th floor of a 35-storey government office building filled stairways with smoke.,https://www.nist.gov/el/fire-research-division-73300/firegov-fire-service/video-cook-county-administration-building-fire,41.8833,-87.6302,high-rise building fire,government office,35 floors,未检索到,completed 1964; older unsprinklered high-rise,6.0,7.0,,Fire began on shelving in a storage room beneath a ceiling light fixture; exact ignition details investigated,未检索到/待核实,未检索到/待核实,6 deaths; several injuries; smoke spread into locked stairways.,2003,nist.gov,A,Chicago,Office/government,,35.0,False,False,False,False,True,False,True,True,core_eligible,386eb556101286e4dce89060d1d60ca105f5f54e97db3d3f297bcc2be6c291e5
HRF-0011,亚洲,Iraq,Baghdad,Al Rasheed Hotel fire,2003-12-26,Al Rasheed Hotel高层建筑火灾；建筑高度记录为 59.4 m。死亡人数：1。Twenty-eight 68 mm and 85 mm Katyusha rockets were fired at and struck the hotel,https://en.wikipedia.org/wiki/List_of_fires_in_high-rise_buildings,33.34058,44.40088,高层建筑火灾,hotel,59.4 m,未检索到,未检索到,1.0,,,Twenty-eight 68 mm and 85 mm Katyusha rockets were fired at and struck the hotel,未检索到/待核实,未检索到/待核实,死亡人数：1。Twenty-eight 68 mm and 85 mm Katyusha rockets were fired at and struck the hotel,2003,en.wikipedia.org,C,Baghdad,Hotel,59.4,,True,False,False,False,True,False,False,False,external_disaster_trigger,386eb556101286e4dce89060d1d60ca105f5f54e97db3d3f297bcc2be6c291e5
HRF-0012,非洲,Egypt,Cairo,Nasr City high-rise fire and collapse,2004-01-26,开罗Nasr City一栋12层住宅商住楼底层商店起火后发生气瓶爆炸并整体坍塌。,https://elpais.com/internacional/2004/01/27/actualidad/1075158001_850215.html,30.056,31.33,high-rise mixed-use fire and collapse,住宅兼底层商业,12层；原许可约5层,未检索到,1981年建；约7层属违法加建,14.0,40.0,,底层电器/塑料商品店或地下储藏区起火；燃气瓶和其他可燃物随后爆炸,底层大量塑料、气瓶等可燃物推动火势并削弱结构,原建筑仅获批约5层，后违法加建约7层；此前曾有拆除/整改决定未落实，结构和监管失效促成坍塌,12层住宅商用楼在灭火期间坍塌；14人死亡，多数为消防员和警察；约40人受伤，相邻两栋楼疏散,2004,elpais.com,B,Cairo,Residential,,12.0,False,False,False,False,True,False,True,True,core_eligible,386eb556101286e4dce89060d1d60ca105f5f54e97db3d3f297bcc2be6c291e5
HRF-0013,南美洲,Venezuela,Caracas,Parque Central East Tower fire,2004-10-17,Fire spread from approximately the 34th to the 50th floors of the 56-storey government office tower.,https://news.bbc.co.uk/2/hi/americas/3751790.stm,10.4983,-66.9022,high-rise building fire,政府办公楼,56层；约225米,17,约1983年完工,0.0,25.0,,最终点火原因未确定；起火点在约34层办公区,火势沿通风/竖向路径从34层蔓延至约50层以上,自动喷淋长期维护不良且未正常工作；消防竖管失效，供水和高层内攻受限,约17层严重烧损，火灾持续超过15小时；无死亡，约25人受伤，经济损失巨大,2004,news.bbc.co.uk,B,Caracas,Office/government,225.0,56.0,False,False,False,False,True,False,True,True,core_eligible,386eb556101286e4dce89060d1d60ca105f5f54e97db3d3f297bcc2be6c291e5
HRF-0014,北美洲,United States,"Chicago, Illinois",LaSalle Bank Building fire,2004-12-07,Fire originated on the 29th floor of a 45-storey downtown office tower.,https://www.cbsnews.com/news/37-hurt-in-chicago-skyscraper-fire/,41.881,-87.632,high-rise building fire,office/bank,45 floors; 163.1 m,未检索到,completed 1934; older high-rise,0.0,25.0,,under investigation in contemporary reports,未检索到/待核实,未检索到/待核实,"No deaths; CTIF lists 25 injuries, while CBS/AP reported 37 hurt.",2004,cbsnews.com,B,Chicago,Office/government,163.1,45.0,False,False,False,False,True,False,True,True,core_eligible,386eb556101286e4dce89060d1d60ca105f5f54e97db3d3f297bcc2be6c291e5
HRF-0015,欧洲,United Kingdom,Hertfordshire,Harrow Court fire,2005-02-02,Harrow Court高层建筑火灾；建筑高度记录为 56.1 m。死亡人数：3。Harrow Court fire,https://en.wikipedia.org/wiki/Harrow_Court_fire,,,高层建筑火灾,未检索到,56.1 m,未检索到,未检索到,3.0,,,未检索到/待核实,未检索到/待核实,未检索到/待核实,死亡人数：3。Harrow Court fire,2005,en.wikipedia.org,C,Hertfordshire,Unknown/other,56.1,,False,False,False,False,False,False,False,False,invalid_or_missing_geocode,386eb556101286e4dce89060d1d60ca105f5f54e97db3d3f297bcc2be6c291e5
HRF-0016,欧洲,Spain,"AZCA, Madrid, Community of Madrid, Spain",Windsor Tower fire,2005-02-12,马德里温莎大厦夜间起火，火势沿高层扩展并造成上部楼层局部坍塌。,https://www.madrid.es/portales/munimadrid/es/Inicio/El-Ayuntamiento/Publicaciones/Listado-de-Publicaciones/Incendio-Windsor-2005/?vgnextchannel=f1aebadb6b997010VgnVCM100000dc0ca8c0RCRD&vgnextfmt=default&vgnextoid=4575bba6308b6210VgnVCM2000000c205a0aRCRD,40.4462,-3.692,high-rise office fire,office,106 m / 32 storeys,32,completed 1979; demolished after fire,0.0,,,官方与工程资料通常认为火灾属意外且可能由电气故障触发；精确电气部件仍待查原始调查全文。,火灾在缺少完整喷淋覆盖的上部楼层跨越防火楼板，并造成大范围结构受热损伤。,高层改造期间的消防分隔、喷淋覆盖和结构耐火连续性成为关键问题。,无死亡；大楼严重焚毁并拆除,2005,madrid.es,B,AZCA,Office/government,106.0,32.0,False,False,False,False,True,False,True,True,core_eligible,386eb556101286e4dce89060d1d60ca105f5f54e97db3d3f297bcc2be6c291e5
HRF-0017,欧洲,Germany,Berlin,Treskowstrasse Pankow Flats fire,2005-04-21,Treskowstrasse Pankow Flats高层建筑外立面火灾。死亡 2，受伤 3；表中记录的受影响楼层为 5。,https://doi.org/10.1007%2F978-1-4939-2898-9_4,52.52437,13.41053,高层建筑外立面火灾,residential,未检索到,5,未检索到,2.0,3.0,,未检索到/待核实,未检索到/待核实,未检索到/待核实,死亡 2，受伤 3；表中记录的受影响楼层为 5。,2005,doi.org,A,Berlin,Residential,,,False,False,False,True,True,False,True,True,core_eligible,386eb556101286e4dce89060d1d60ca105f5f54e97db3d3f297bcc2be6c291e5
HRF-0018,亚洲,Iran,Tehran,Tohid Town Residential fire,2005-12-06,Tohid Town Residential高层建筑火灾；建筑高度记录为 33 m。死亡人数：106。Plane crash: 2005 Iranian Air Force C-130 crash,https://www.aljazeera.com/news/2005/12/6/toll-rises-in-iran-military-aircraft-crash,35.69439,51.42151,高层建筑火灾,residential,10层，约33 m,未检索到,未检索到/待核实,106.0,,,伊朗空军C-130运输机坠撞10层住宅楼后引发火灾，属于外部航空事故触发，并非建筑内部起火,航空燃油及撞击导致爆炸和建筑火灾,不适用于一般建筑火灾致因分析；建筑消防系统信息未检索到,106人死亡，其中94人在机上、12人在地面；住宅楼约250名居民受到威胁,2005,aljazeera.com,B,Tehran,Residential,33.0,10.0,True,False,False,False,True,False,False,False,external_disaster_trigger,386eb556101286e4dce89060d1d60ca105f5f54e97db3d3f297bcc2be6c291e5
HRF-0019,亚洲,Kazakhstan,Astana,Transport Tower fire,2006-05-30,Transport Tower高层建筑火灾；建筑高度记录为 112.2 m。死亡人数：0。Fire destroyed upper floors of 34-story government building,https://en.wikipedia.org/wiki/List_of_fires_in_high-rise_buildings,51.1801,71.44598,高层建筑火灾,未检索到,112.2 m,未检索到,未检索到,0.0,,,未检索到/待核实,未检索到/待核实,未检索到/待核实,死亡人数：0。Fire destroyed upper floors of 34-story government building,2006,en.wikipedia.org,C,Astana,Unknown/other,112.2,,False,False,False,False,True,False,True,False,compendium_only_source,386eb556101286e4dce89060d1d60ca105f5f54e97db3d3f297bcc2be6c291e5
HRF-0020,北美洲,United States,"New York City, New York",Belaire Apartments aircraft-impact fire,2006-10-11,A small aircraft struck the 50-storey residential tower and ignited a fire.,https://ctif.org/sites/default/files/2025-08/CTIF_Report30.pdf,40.7684,-73.9557,high-rise building fire,residential,50 floors; 156 m,未检索到,completed 1988,2.0,21.0,,small aircraft collision,未检索到/待核实,未检索到/待核实,2 deaths and 21 injuries listed by CTIF.,2006,ctif.org,C,New York City,Residential,156.0,50.0,True,False,False,False,True,False,False,False,external_disaster_trigger,386eb556101286e4dce89060d1d60ca105f5f54e97db3d3f297bcc2be6c291e5
HRF-0021,亚洲,United Arab Emirates,Dubai,Fortune Tower fire,2007-01-18,"Fortune Tower高层建筑火灾；建筑高度记录为 未列明。死亡人数：4。Occurred during construction, 57 injured",https://gulfnews.com/uae/flame-welding-blamed-for-deadly-tower-blaze-1.159706,25.07725,55.30927,高层建筑火灾,未检索到,在建高层；起火点10层，建筑总层数待核实,未检索到,在建建筑，不适用楼龄,4.0,57.0,,施工人员未获热作许可，在10层使用火焰焊接；燃烧物落到含木材的脚手架并起火,脚手架木材及竖向管井/施工空间促进火势发展,无热作许可证、现场未按热作要求配置灭火器；在建工程管理失效,4人死亡、57人受伤,2007,gulfnews.com,B,Dubai,Unknown/other,,10.0,False,False,True,False,True,False,True,True,core_eligible,386eb556101286e4dce89060d1d60ca105f5f54e97db3d3f297bcc2be6c291e5
HRF-0022,亚洲,中国 / China,"上海环球金融中心，浦东新区，上海市 / Shanghai World Financial Center, Pudong New Area, Shanghai",上海环球金融中心在建工程火灾 / Shanghai World Financial Center construction fire,2007-08-14,在建上海环球金融中心40层附近电梯井起火，无人员伤亡。,https://www.chinanews.com.cn/sh/news/2007/08-14/1002088.shtml,31.22222,121.45806,在建高层建筑火灾,在建超高层综合楼,设计高度492米、101层；起火点在40层附近电梯井,40层附近电梯井,未检索到,0.0,0.0,,施工电焊引燃40层附近电梯井内杂物；报道注明为初步勘查结论,在建超高层内部电梯井及施工杂物形成燃烧条件,在建超高层的临时消防与高空扑救条件增加处置难度,无人员伤亡；施工人员全部疏散,2007,chinanews.com.cn,B,Shanghai,Mixed use,492.0,101.0,False,False,True,False,True,False,True,True,core_eligible,386eb556101286e4dce89060d1d60ca105f5f54e97db3d3f297bcc2be6c291e5
HRF-0023,北美洲,United States,"New York City, New York",Deutsche Bank Building fire,2007-08-18,Fire occurred in a damaged office high-rise while it was being dismantled after 9/11 damage.,https://ctif.org/sites/default/files/2025-08/CTIF_Report30.pdf,40.7108,-74.0138,high-rise building fire,former office; under deconstruction,about 39-41 floors; 157.6 m,未检索到,completed 1974; severely damaged and being dismantled,2.0,115.0,,smoking materials were identified in investigations,未检索到/待核实,未检索到/待核实,2 firefighter deaths; CTIF lists 115 injuries.,2007,ctif.org,C,New York City,Office/government,157.6,41.0,False,False,False,False,True,False,True,False,compendium_only_source,386eb556101286e4dce89060d1d60ca105f5f54e97db3d3f297bcc2be6c291e5
HRF-0024,北美洲,United States,"Atlantic City, New Jersey",Water Club Tower construction fire,2007-09-23,A facade/construction fire affected the 44-storey hotel tower while it was being built.,https://ctif.org/sites/default/files/2025-08/CTIF_Report30.pdf,39.3786,-74.4351,high-rise building fire,hotel; under construction,44 floors; 125.4 m,39,under construction,0.0,0.0,,construction-related ignition; exact cause needs primary report,未检索到/待核实,未检索到/待核实,No deaths; facade-fire list records no injuries.,2007,ctif.org,C,Atlantic City,Hotel,125.4,44.0,False,False,True,True,True,False,True,False,compendium_only_source,386eb556101286e4dce89060d1d60ca105f5f54e97db3d3f297bcc2be6c291e5
HRF-0025,北美洲,United States,"Las Vegas, Nevada",Monte Carlo Resort and Casino facade fire,2008-01-25,Exterior fire affected upper floors of the 32-storey hotel-casino tower.,https://ctif.org/sites/default/files/2025-08/CTIF_Report30.pdf,36.1031,-115.1765,high-rise building fire,hotel/casino,32 floors; about 110 m,4,opened 1996,0.0,13.0,,welding operations were reported as the likely ignition source,未检索到/待核实,未检索到/待核实,No deaths; CTIF lists 13 injuries.,2008,ctif.org,C,Las Vegas,Hotel,110.0,32.0,False,False,False,True,True,False,True,False,compendium_only_source,386eb556101286e4dce89060d1d60ca105f5f54e97db3d3f297bcc2be6c291e5
HRF-0026,欧洲,The Netherlands,Delft,TU Delft Faculteitsgebouw Bouwkunde fire,2008-04-13,"TU Delft Faculteitsgebouw Bouwkunde高层建筑火灾；建筑高度记录为 56 m。死亡人数：0。A broken water pipe on the 8th floor caused a short circuit in a coffee machine a floor below, resulting in a fire. The building was demolished afterwards.",https://architectenweb.nl/nieuws/artikel.aspx?ID=14108,52.00667,4.35556,高层建筑火灾,education,56 m,未检索到,未检索到,0.0,,,"A broken water pipe on the 8th floor caused a short circuit in a coffee machine a floor below, resulting in a fire.",未检索到/待核实,未检索到/待核实,"死亡人数：0。A broken water pipe on the 8th floor caused a short circuit in a coffee machine a floor below, resulting in a fire. The building was demolished afterwards.",2008,architectenweb.nl,B,Delft,Unknown/other,56.0,,False,False,False,False,True,False,True,True,core_eligible,386eb556101286e4dce89060d1d60ca105f5f54e97db3d3f297bcc2be6c291e5
HRF-0027,欧洲,Netherlands,De Punt,De Punt fire,2008-05-09,De Punt fire高层建筑外立面火灾。死亡 3，受伤 0；表中记录的受影响楼层为 1。,https://en.wikipedia.org/wiki/De_Punt_fire,,,高层建筑外立面火灾,未检索到,未检索到,1,未检索到,3.0,0.0,,未检索到/待核实,未检索到/待核实,未检索到/待核实,死亡 3，受伤 0；表中记录的受影响楼层为 1。,2008,en.wikipedia.org,C,De Punt,Unknown/other,,,False,False,False,True,False,False,False,False,invalid_or_missing_geocode,386eb556101286e4dce89060d1d60ca105f5f54e97db3d3f297bcc2be6c291e5
HRF-0028,亚洲,Saudi Arabia,Mecca,Abraj Al Bait Towers fire,2008-10-28,Abraj Al Bait Towers高层建筑火灾；建筑高度记录为 601 m。死亡人数：0。Occurred during construction; fire consumed nine floors,https://en.wikipedia.org/wiki/List_of_fires_in_high-rise_buildings,21.42664,39.82563,高层建筑火灾,未检索到,601 m,未检索到,未检索到,0.0,,,未检索到/待核实,未检索到/待核实,未检索到/待核实,死亡人数：0。Occurred during construction; fire consumed nine floors,2008,en.wikipedia.org,C,Mecca,Unknown/other,601.0,,False,False,True,False,True,False,True,False,compendium_only_source,386eb556101286e4dce89060d1d60ca105f5f54e97db3d3f297bcc2be6c291e5
HRF-0029,亚洲,中国 / China,"央视新址配楼电视文化中心，朝阳区，北京市 / Beijing Television Cultural Center, Chaoyang District, Beijing",北京央视新址配楼电视文化中心火灾 / Beijing Television Cultural Center fire,2009-02-09,北京央视新址配楼电视文化中心发生外立面火灾，造成1名消防员死亡、7人受伤。,https://news.cctv.com/china/20090210/101207.shtml,39.9075,116.39723,高层建筑外立面火灾,未检索到,约159 m，30层；在建,多层外立面；具体受影响楼层数待核实,在建建筑，不适用楼龄,1.0,,,建设单位违规燃放大型烟花，烟花落入在建电视文化中心并引燃,外墙保温/装饰材料与强风等促进外立面快速蔓延,建设单位无视劝阻违规燃放烟花；在建高层外墙材料风险,1名消防员死亡，另有7人受伤（6名消防员和1名工地人员）,2009,news.cctv.com,A,Beijing,Unknown/other,159.0,30.0,False,False,True,True,True,False,True,True,core_eligible,386eb556101286e4dce89060d1d60ca105f5f54e97db3d3f297bcc2be6c291e5
HRF-0030,亚洲,Bangladesh,Dhaka,Bashundhara City Tower fire,2009-03-13,Bashundhara City Tower高层建筑火灾；建筑高度记录为 62.7 m。死亡人数：4。,https://dhakamirror.com/source-cause-of-fire-not-known/,23.7104,90.40744,高层建筑火灾,未检索到,20层；起火约在17/18层并影响多个上部楼层,未检索到,商场2004年开业，事发约5年，不属老旧楼宇,7.0,20.0,,政府调查委员会未能确定起火源和起火原因,火从上部办公楼层向上下多层蔓延；管井、缝隙等竖向通道被研究认为促进蔓延,报警约延迟1小时；消防水池缺水、自动消防系统失效或管理不到位,7人死亡、20人受伤；原表4人死亡应修正,2009,dhakamirror.com,B,Dhaka,Unknown/other,,20.0,False,False,False,False,True,False,True,True,core_eligible,386eb556101286e4dce89060d1d60ca105f5f54e97db3d3f297bcc2be6c291e5
HRF-0031,亚洲,Saudi Arabia,Mecca,Abraj Al Bait Towers fire,2009-05-01,Abraj Al Bait Towers高层建筑火灾；建筑高度记录为 未列明。死亡人数：0。Occurred during construction,https://en.wikipedia.org/wiki/List_of_fires_in_high-rise_buildings,21.42664,39.82563,高层建筑火灾,未检索到,未检索到,未检索到,未检索到,0.0,,,未检索到/待核实,未检索到/待核实,未检索到/待核实,死亡人数：0。Occurred during construction,2009,en.wikipedia.org,C,Mecca,Unknown/other,,,False,False,True,False,True,False,True,False,compendium_only_source,386eb556101286e4dce89060d1d60ca105f5f54e97db3d3f297bcc2be6c291e5
HRF-0032,欧洲,United Kingdom,"Camberwell, London, England, United Kingdom",Lakanal House fire,2009-07-03,伦敦Lakanal House高层住宅火灾造成6人死亡，火和烟跨楼层传播。,https://www.lambeth.gov.uk/about-council/transparency-open-data/lakanal-house-coroner-inquest,51.4745,-0.0876,high-rise residential fire,residential,14 storeys,0,completed 1959,6.0,,,9层住宅一台电视机电气故障起火。,不充分的防火分隔、改造形成的隐蔽通道和外墙板件使烟火超出起火单元传播。,建筑改造、风险评估、住户信息和留守原位策略的适用条件存在系统性缺陷。,6人死亡，多人受伤,2009,lambeth.gov.uk,A,Camberwell,Residential,,14.0,False,False,False,False,True,False,True,True,core_eligible,386eb556101286e4dce89060d1d60ca105f5f54e97db3d3f297bcc2be6c291e5
HRF-0033,欧洲,Hungary,"Középszer Street, Miskolc, Borsod-Abaúj-Zemplén, Hungary",Középszer Street panel-building fire,2009-08-15,一栋10层板式住宅6层厨房起火，火焰和烟气沿外立面、管井及楼梯间向上扩散。,https://fireonline.it/wp-content/uploads/2018/07/GF_FireManual_165x235mm_8.9.2017.pdf,48.1035,20.7784,high-rise residential façade fire,residential,basement + ground floor + 10 upper floors,6,industrialized panel building; façade renovated in 2007,3.0,12.0,,6层住宅厨房起火；公开技术资料未进一步确定厨房内具体点火物。,入户门敞开、管井和楼梯烟气传播，以及外墙ETICS系统施工厚度不足（抹面层约2—3毫米而非要求5毫米）促进垂直蔓延。,外墙保温施工质量控制、防火分隔与竖向管井封堵不足。,3人死亡，另有12人烟气中毒。,2009,fireonline.it,B,Miskolc,Residential,,,False,False,False,True,True,False,True,True,core_eligible,386eb556101286e4dce89060d1d60ca105f5f54e97db3d3f297bcc2be6c291e5
HRF-0034,欧洲,Netherlands,Utrecht,Rabobank Bestuurscentrum fire,2010-06-27,Rabobank Bestuurscentrum高层建筑火灾；建筑高度记录为 105 m。死亡人数：0。Occurred on the 25th and 26th floor during the construction. The exact cause of the fire has never been identified.,https://www.trouw.nl/nieuws/explosie-bij-brand-in-rabo-toren-utrecht~bd0429e0,,,高层建筑火灾,office/government,105 m,未检索到,未检索到,0.0,,,The exact cause of the fire has never been identified.,未检索到/待核实,未检索到/待核实,死亡人数：0。Occurred on the 25th and 26th floor during the construction. The exact cause of the fire has never been identified.,2010,trouw.nl,B,Utrecht,Office/government,105.0,,False,False,True,False,False,False,False,False,invalid_or_missing_geocode,386eb556101286e4dce89060d1d60ca105f5f54e97db3d3f297bcc2be6c291e5
HRF-0035,亚洲,United Arab Emirates,Sharjah,Al Kuwait Tower fire,2010-07-06,Al Kuwait Tower高层建筑外立面火灾。死亡 0，受伤 0；表中记录的受影响楼层为 10。,https://doi.org/10.26616%2Fnioshfffacef201711,25.3342,55.41221,高层建筑外立面火灾,未检索到,未检索到,10,未检索到,0.0,0.0,,未检索到/待核实,未检索到/待核实,未检索到/待核实,死亡 0，受伤 0；表中记录的受影响楼层为 10。,2010,doi.org,A,Sharjah,Unknown/other,,,False,False,False,True,True,False,True,True,core_eligible,386eb556101286e4dce89060d1d60ca105f5f54e97db3d3f297bcc2be6c291e5
HRF-0036,亚洲,South Korea,Busan,Wooshin Golden Suites fire,2010-10-01,Wooshin Golden Suites fire高层建筑外立面火灾。死亡 0，受伤 5；表中记录的受影响楼层为 35。,https://www.yna.co.kr/view/AKR20101028076700051,35.10168,129.03004,高层建筑外立面火灾,未检索到,38层，约140 m,35,约2006年建成，事发约4年，不属老旧楼宇,0.0,,,4层非法改作清洁/更衣空间内，多联插座内部短路产生电火花,聚乙烯芯铝复合外墙及保温材料、外立面凹槽烟囱效应和海风使火焰约20分钟蔓延至38层,起火空间违规改造且未设相应消防设施；全楼报警覆盖不足，初期处置存在延迟,5人受伤，无死亡,2010,yna.co.kr,B,Busan,Unknown/other,140.0,38.0,False,False,False,True,True,False,True,True,core_eligible,386eb556101286e4dce89060d1d60ca105f5f54e97db3d3f297bcc2be6c291e5
HRF-0037,欧洲,France,Dijon,Dijon residential complex fire,2010-10-14,Dijon residential complex高层建筑火灾；建筑高度记录为 79.2 m。死亡人数：7。,https://books.google.com/books?id=bbA0CgAAQBAJ&pg=PA37,47.31344,5.01391,高层建筑火灾,residential,79.2 m,未检索到,未检索到,7.0,,,未检索到/待核实,未检索到/待核实,未检索到/待核实,死亡人数：7。,2010,books.google.com,B,Dijon,Residential,79.2,,False,False,False,False,True,False,True,True,core_eligible,386eb556101286e4dce89060d1d60ca105f5f54e97db3d3f297bcc2be6c291e5
HRF-0038,欧洲,France,"Fontaine d'Ouche, Dijon, Bourgogne-Franche-Comté, France",Rue du Lac migrant residence fire,2010-11-14,第戎一栋9层移民工人宿舍附属垃圾房起火，强风将火焰推向外墙并造成大量烟气伤害。,https://www.interieur.gouv.fr/fr/Archives/Archives-des-actualites/2010-Actualites/Incendie-dans-un-foyer-Sonacotra-Adoma,47.322,5.009,multi-storey residential façade fire,residential / migrant workers' residence,9 storeys,1,未检索到,7.0,,,火灾起于建筑底层相邻垃圾房；具体点火机制未确定。,强风使火焰贴近外墙并向住宅楼传播。,9层门槛、高层外墙暴露及疏散问题仍需按项目高层操作口径复核,7人死亡；至少11人重伤，高层汇总表记11伤，但同期媒体报道总受伤逾100；需区分重伤与所有就医者。,2010,interieur.gouv.fr,B,Fontaine d'Ouche,Residential,,9.0,False,False,False,True,True,False,True,True,core_eligible,386eb556101286e4dce89060d1d60ca105f5f54e97db3d3f297bcc2be6c291e5
HRF-0039,亚洲,中国 / China,"胶州路728号静安教师公寓，静安区，上海市 / Jing'an Teachers' Apartment, 728 Jiaozhou Road, Jing'an District, Shanghai",上海静安区胶州路“11·15”特别重大火灾 / 2010 Shanghai Jiaozhou Road high-rise fire,2010-11-15,上海静安区胶州路教师公寓发生特别重大火灾，造成58人死亡、71人受伤。,https://www.shanghai.gov.cn/nw5827/20200905/0001-5827_459493.html,31.22222,121.45806,高层建筑外立面火灾,residential,28层，约85 m,9层脚手架平台附近起火，火势沿外立面蔓延并影响多层住宅,楼龄未检索到/待核实；事发时正在节能改造,58.0,71.0,,10层外脚手架违规电焊，熔融金属引燃9层脚手架平台上的聚氨酯保温材料碎屑,聚氨酯保温材料、脚手架及可燃防护材料使火势沿外立面迅速蔓延,无证/违规热作、工程违法分包与施工安全监管失效,"58人死亡、71人受伤；过火面积约12,000 m²",2010,shanghai.gov.cn,A,Shanghai,Residential,85.0,28.0,False,False,True,True,True,False,True,True,core_eligible,386eb556101286e4dce89060d1d60ca105f5f54e97db3d3f297bcc2be6c291e5
HRF-0040,亚洲,中国 / China,"皇朝万鑫酒店，和平区，沈阳市，辽宁省 / Dynasty Wanxin Hotel, Heping District, Shenyang, Liaoning",沈阳皇朝万鑫酒店“2·3”火灾 / 2011 Shenyang Dynasty Wanxin complex fire,2011-02-03,沈阳皇朝万鑫酒店B座11层室外平台起火，火势沿外立面向高层蔓延，无人员伤亡。,https://gongbao.court.gov.cn/Details/8e8741512b285233bada67f7b6b334.html,41.79222,123.43278,高层建筑外立面火灾,hotel,塔楼约219–267 m；起火平台在11层,B座11层室外平台起火，外立面向上蔓延至高层,较新建成酒店综合体，具体竣工年待复核,0.0,0.0,,住店客人燃放组合烟花，落入B座11层室外平台并引燃塑料草坪,外墙装饰保温材料燃烧，火势沿高层外立面扩展至相邻塔楼,节庆烟花管理、可燃外墙保温和高层外立面防火薄弱,"无人员死亡或受伤；外立面严重损毁，过火面积约10,000 m²",2011,gongbao.court.gov.cn,A,Shenyang,Hotel,267.0,11.0,False,False,False,True,True,False,True,True,core_eligible,386eb556101286e4dce89060d1d60ca105f5f54e97db3d3f297bcc2be6c291e5
HRF-0041,亚洲,Vietnam,Hanoi,EVN Headquarters Tower 1 fire,2011-12-15,"EVN Headquarters Tower 1高层建筑火灾；建筑高度记录为 147 m。死亡人数：0。Fire occurred during construction, 11 workers injured.",https://www.evn.com.vn/d6/news/Khong-co-nguoi-thiet-mang-trong-su-co-chay-toa-nha-EVN-6-12-2746.aspx,21.0245,105.84117,高层建筑火灾,office/government,147 m,未检索到,未检索到,0.0,,,官方企业通报称原因仍由主管机关核查；焊接火花只是媒体提出的可能性。,火灾从在建双塔的地下区域发生并一度复燃，具体传播路径未公开确认。,在建工程火源控制和复燃监测需要复核，公开材料不足以确认具体失效。,无人死亡；EVN称部分工人轻伤或吸入烟气，未确认专题汇编中的11人受伤。,2011,evn.com.vn,B,Hanoi,Office/government,147.0,,False,False,True,False,True,False,True,True,core_eligible,386eb556101286e4dce89060d1d60ca105f5f54e97db3d3f297bcc2be6c291e5
HRF-0042,亚洲,Malaysia,Kuala Lumpur,Uncompleted high rise block fire,2012-01-18,Uncompleted high rise block高层建筑火灾；建筑高度记录为 未列明。死亡人数：0。,https://www.thestar.com.my/news/nation/2012/01/20/unsupervised-rubbish-burning-led-to-brickfields-fire,3.1412,101.68653,高层建筑火灾,under construction,未检索到,未检索到,未检索到,0.0,,,工人前一晚焚烧建筑垃圾后无人看守，余火/火星在强风作用下引发火灾。,强风将火星吹向高层可燃建筑材料，30—31层迅速燃烧。,湿式立管无水、无楼层接口和消防水带，消防员需从地面接长水带，延误约1小时。,无人死亡或受伤；33层在建楼的上部楼层受损。,2012,thestar.com.my,B,Kuala Lumpur,Unknown/other,,,False,False,False,False,True,False,True,True,core_eligible,386eb556101286e4dce89060d1d60ca105f5f54e97db3d3f297bcc2be6c291e5
HRF-0043,亚洲,United Arab Emirates,Sharjah,Al Baker Tower fire,2012-01-18,Al Baker Tower高层建筑外立面火灾。死亡 0，受伤 0；表中记录的受影响楼层为 1。,https://gulfnews.com/uae/tossed-lighted-cigarette-caused-fire-in-al-baker-tower-1.1012778,25.3342,55.41221,高层建筑外立面火灾,未检索到,未检索到,1,未检索到,0.0,0.0,,未检索到/待核实,未检索到/待核实,未检索到/待核实,死亡 0，受伤 0；表中记录的受影响楼层为 1。,2012,gulfnews.com,B,Sharjah,Unknown/other,,,False,False,False,True,True,False,True,True,core_eligible,386eb556101286e4dce89060d1d60ca105f5f54e97db3d3f297bcc2be6c291e5
HRF-0044,亚洲,Thailand,Bangkok,Fico Place fire,2012-03-03,Fico Place高层建筑火灾；建筑高度记录为 未列明。死亡人数：0。Two firemen injured,https://www.bangkokpost.com/thailand/politics/282699/fire-at-asok-building,13.75398,100.50144,高层建筑火灾,未检索到,未检索到,未检索到,未检索到,0.0,,,疑似7层电气短路；报道同时明确主管官员称原因仍在调查。,火势从7层蔓延至上部多个楼层。,门禁卡系统妨碍消防员进入，楼内水带不足，首批云梯高度不够。,Bangkok Post称无人受伤，与专题汇编‘2名消防员受伤’冲突，需进一步核对。,2012,bangkokpost.com,B,Bangkok,Unknown/other,,,False,False,False,False,True,False,True,True,core_eligible,386eb556101286e4dce89060d1d60ca105f5f54e97db3d3f297bcc2be6c291e5
HRF-0045,欧洲,Russia,Moscow,Federation Tower (East Tower) fire,2012-04-02,Federation Tower (East Tower)高层建筑火灾；建筑高度记录为 450 m。死亡人数：0。Occurred while the building was under construction,https://en.wikipedia.org/wiki/List_of_fires_in_high-rise_buildings,55.75204,37.61781,高层建筑火灾,under construction,450 m,未检索到,未检索到,0.0,,,未检索到/待核实,未检索到/待核实,未检索到/待核实,死亡人数：0。Occurred while the building was under construction,2012,en.wikipedia.org,C,Moscow,Unknown/other,450.0,,False,False,True,False,True,False,True,False,compendium_only_source,386eb556101286e4dce89060d1d60ca105f5f54e97db3d3f297bcc2be6c291e5
HRF-0046,亚洲,United Arab Emirates,Sharjah,Al Tayer Tower fire,2012-04-28,Al Tayer Tower高层建筑外立面火灾。死亡 0，受伤 0；表中记录的受影响楼层为 1。,https://doi.org/10.1007%2F978-1-4939-2898-9_4,25.3342,55.41221,高层建筑外立面火灾,未检索到,未检索到,1,未检索到,0.0,0.0,,未检索到/待核实,未检索到/待核实,未检索到/待核实,死亡 0，受伤 0；表中记录的受影响楼层为 1。,2012,doi.org,A,Sharjah,Unknown/other,,,False,False,False,True,True,False,True,True,core_eligible,386eb556101286e4dce89060d1d60ca105f5f54e97db3d3f297bcc2be6c291e5
HRF-0047,欧洲,France,"Roubaix, Hauts-de-France, France",Mermoz Tower fire,2012-05-14,18层社会住宅一层阳台起火后，火焰沿可燃外墙系统快速蔓延至高层。,https://douai.cour-administrative-appel.fr/decisions-de-justice/dernieres-decisions/incendie-de-la-tour-mermoz-a-roubaix-la-cour-censure-le-jugement-du-tribunal-administratif-de-lille-et-rejette-la-demande-de-lille-metropole-ha,50.6927,3.1746,high-rise residential façade fire,residential / social housing,18 storeys,17,façade refurbished before fire,1.0,10.0,250.0,一层阳台堆放的过量可燃物可能被烟头点燃；火经Alucobond PE外墙系统向上扩展。,未检索到/待核实,未检索到/待核实,1人死亡；同期报道8至10人受伤，约250人疏散并需安置。,2012,douai.cour-administrative-appel.fr,B,Roubaix,Residential,,18.0,False,False,False,True,True,False,True,True,core_eligible,386eb556101286e4dce89060d1d60ca105f5f54e97db3d3f297bcc2be6c291e5
HRF-0048,亚洲,Turkey,Istanbul,Polat Tower Residence fire,2012-07-17,Polat Tower Residence高层建筑火灾；建筑高度记录为 140 m。死亡人数：0。,https://www.bbc.co.uk/news/world-europe-18867266,41.01384,28.94966,高层建筑火灾,未检索到,140 m,1,未检索到,0.0,0.0,,未检索到/待核实,未检索到/待核实,未检索到/待核实,死亡人数：0。,2012,bbc.co.uk,B,Istanbul,Unknown/other,140.0,,False,False,False,False,True,False,True,True,core_eligible,386eb556101286e4dce89060d1d60ca105f5f54e97db3d3f297bcc2be6c291e5
HRF-0049,大洋洲,Australia,Bankstown,Bankstown Tower B apartment fire,2012-09-06,1人跳楼死亡、另1人重伤并长期住院；约40–50人从上层获救或疏散，多人因烟气吸入接受处置,https://coroners.nsw.gov.au/documents/findings/2015/Zhang%20findings%2018%2009%2015%20FINAL.pdf,-33.9173,151.0359,高层建筑火灾,住宅塔楼,有效高度专家测算27.69米；火点在5层,未检索到,2009年取得最终入住证,1.0,,40.0,验尸官确认起火源位于5层53号单元阳台，但证据不足以判定具体点火原因；烟头不是已证实结论,强风穿堂效应、阳台门和入户门敞开、四居室高火荷载使火快速贯穿单元并污染中庭和上层,建筑无喷淋；消防栓流量远低于规范要求且已知缺陷未整改；监管、认证和业主跟进失效,1人跳楼死亡、另1人重伤并长期住院；约40–50人从上层获救或疏散，多人因烟气吸入接受处置,2012,coroners.nsw.gov.au,A,Bankstown,Residential,27.69,5.0,False,False,False,False,True,False,True,True,core_eligible,386eb556101286e4dce89060d1d60ca105f5f54e97db3d3f297bcc2be6c291e5
HRF-0050,亚洲,United Arab Emirates,Dubai,Saif Belhasa Building fire,2012-10-06,Saif Belhasa Building高层建筑外立面火灾。死亡 0，受伤 2+；表中记录的受影响楼层为 9。,https://doi.org/10.1007%2F978-1-4939-2898-9_4,25.07725,55.30927,高层建筑外立面火灾,未检索到,未检索到,9,未检索到,0.0,2.0,,未检索到/待核实,未检索到/待核实,未检索到/待核实,死亡 0，受伤 2+；表中记录的受影响楼层为 9。,2012,doi.org,A,Dubai,Unknown/other,,,False,False,False,True,True,False,True,True,core_eligible,386eb556101286e4dce89060d1d60ca105f5f54e97db3d3f297bcc2be6c291e5
HRF-0051,亚洲,United Arab Emirates,Dubai,Tamweel Tower fire,2012-11-18,Tamweel Tower高层建筑外立面火灾。死亡 0，受伤 0；表中记录的受影响楼层为 1。,https://www.thenationalnews.com/uae/tamweel-tower-fire-started-by-cigarette-butt-say-dubai-police-1.437519,25.07725,55.30927,高层建筑外立面火灾,未检索到,35层，约160 m,1,2009年建成，事发约3年，不属老旧楼宇,0.0,0.0,,高层住户丢弃的烟头点燃塔基室外通道内施工垃圾,铝面复合板可燃芯材使火势从塔基沿外立面蔓延至屋顶，并产生燃烧坠落物,施工垃圾堆积、吸烟行为管理及可燃外墙体系风险,无人员死亡或受伤；大范围住宅单元无法居住,2012,thenationalnews.com,B,Dubai,Unknown/other,160.0,35.0,False,False,True,True,True,False,True,True,core_eligible,386eb556101286e4dce89060d1d60ca105f5f54e97db3d3f297bcc2be6c291e5
HRF-0052,欧洲,Russia,Moscow,Oko Tower 1 fire,2013-01-25,"Oko Tower 1高层建筑火灾；建筑高度记录为 354.1 m。死亡人数：0。Fire occurred on 24th floor during construction, one worker was injured.",https://www.reuters.com/article/uk-russia-skyscraper-fire-idUSLNE90O02B20130125,55.75204,37.61781,高层建筑火灾,未检索到,354.1 m,未检索到,未检索到,0.0,,,未检索到/待核实,未检索到/待核实,未检索到/待核实,"死亡人数：0。Fire occurred on 24th floor during construction, one worker was injured.",2013,reuters.com,B,Moscow,Unknown/other,354.1,,False,False,True,False,True,False,True,True,core_eligible,386eb556101286e4dce89060d1d60ca105f5f54e97db3d3f297bcc2be6c291e5
HRF-0053,北美洲,Mexico,"Mexico City, Mexico City",Torre Ejecutiva Pemex explosion and fire,2013-01-31,An explosion and fire damaged the 14-storey annex of the 54-storey Pemex headquarters complex.,https://ctif.org/sites/default/files/2025-08/CTIF_Report30.pdf,19.438,-99.174,high-rise building fire,office/headquarters,54-storey main tower; 214 m; 14-storey annex affected,未检索到,completed 1984,37.0,121.0,,gas accumulation/explosion reported by investigation,未检索到/待核实,未检索到/待核实,CTIF lists 37 deaths and 121 injuries; substantial annex damage.,2013,ctif.org,C,Mexico City,Office/government,214.0,,False,False,False,False,True,False,True,False,compendium_only_source,386eb556101286e4dce89060d1d60ca105f5f54e97db3d3f297bcc2be6c291e5
HRF-0054,欧洲,Russia,"Grozny City, Grozny, Chechen Republic, Russia",Grozny-City Olimp Tower fire,2013-04-03,Grozny-City综合体40层住宅塔楼外立面大面积燃烧。,https://www.themoscowtimes.com/2013/04/04/short-circuit-blamed-for-blaze-at-groznys-tallest-building-a22947,43.3169,45.6981,high-rise residential façade fire,"residential tower, under completion / not occupied",40 storeys,40,new / not yet occupied,0.0,0.0,0.0,官方初步判断为短路，起火于4层或5层附近。,未检索到/待核实,未检索到/待核实,外立面几乎贯穿全高燃烧；无死亡或受伤报道。,2013,themoscowtimes.com,B,Grozny City,Residential,,40.0,False,False,False,True,True,False,True,True,core_eligible,386eb556101286e4dce89060d1d60ca105f5f54e97db3d3f297bcc2be6c291e5
HRF-0055,亚洲,United Arab Emirates,Sharjah,Al Hafeet Tower 2 fire,2013-04-22,Al Hafeet Tower 2高层建筑外立面火灾。死亡 0，受伤 0；表中记录的受影响楼层为 10。,https://www.emirates247.com/news/emirates/sharjah-al-hafeet-tower-fire-three-arrested-2013-04-23-1.503726,25.3342,55.41221,高层建筑外立面火灾,未检索到,未检索到,10,未检索到,0.0,0.0,,未检索到/待核实,未检索到/待核实,未检索到/待核实,死亡 0，受伤 0；表中记录的受影响楼层为 10。,2013,emirates247.com,B,Sharjah,Unknown/other,,,False,False,False,True,True,False,True,True,core_eligible,386eb556101286e4dce89060d1d60ca105f5f54e97db3d3f297bcc2be6c291e5
HRF-0056,非洲,Nigeria,Lagos,Great Nigeria House fire,2013-11-04,25层商业大楼低层起火并持续燃烧约24小时，影响1至3层及夹层。,https://www.channelstv.com/2013/11/04/great-nigeria-building-on-fire-in-lagos/,6.454,3.392,high-rise commercial fire,商业、办公及仓储,约22–25层；不同同期报道层数有差异,未检索到,2013年时已超过30年,0.0,3.0,200.0,消防部门在同期报道中称最终原因尚未确定；电气故障仅为早期推测,火从一层向数层扩展，楼内大量仓储商品增加火荷载,高层周边通道狭窄、消防车辆接近受阻；灭火持续约24小时，事后需结构稳定性检测,无死亡；约2–3人受伤的报道需继续核对，超过200名商户及大量商品受影响,2013,channelstv.com,B,Lagos,Office/government,,25.0,False,False,False,False,True,False,True,True,core_eligible,386eb556101286e4dce89060d1d60ca105f5f54e97db3d3f297bcc2be6c291e5
HRF-0057,南美洲,Venezuela,Caracas,Parque Central West Tower fire,2013-11-12,A separate fire occurred in the West Tower of the Parque Central high-rise complex.,https://www.diariorepublica.com/sucesos/reportan-incendio-en-torre-oeste-de-parque-central-en-caracas,10.498,-66.9017,high-rise building fire,政府办公楼,约56层；约225米,未检索到,约1983年完工,0.0,0.0,420.0,消防人员初步判断火源位于垃圾管道，随后影响11层档案区域,垃圾管道构成竖向烟火传播路径,需大规模高层疏散；34个消防单元出动，15人从高层获救,420人疏散、15人获救，34人接受吸氧；无死亡、无正式伤者记录,2013,diariorepublica.com,B,Caracas,Office/government,225.0,56.0,False,False,False,False,True,False,True,True,core_eligible,386eb556101286e4dce89060d1d60ca105f5f54e97db3d3f297bcc2be6c291e5
HRF-0058,亚洲,中国 / China,"建业大厦，广州市，广东省 / Jianye Building, Guangzhou, Guangdong",广州建业大厦火灾 / Guangzhou Jianye Building fire,2013-12-15,Guangzhou Jianye Building Fire高层建筑火灾；建筑高度记录为 未列明。死亡人数：0。,https://www.chinadaily.com.cn/china/2013-12/20/content_17188157.htm,23.11667,113.25,高层建筑火灾,未检索到,未检索到,未检索到,未检索到,0.0,0.0,,电工未按规程维修/安装主电源线路，短路后引燃一层附近可燃物。,烂尾楼被违规用作鞋材、木板等仓储，火荷载高；消防系统和基础设施不完整。,长期违规经营、消防管理和电气安装不合规，多部门监管职责落实不足。,无人员死亡或受伤；直接经济损失约4066万元。,2013,chinadaily.com.cn,B,Guangzhou,Unknown/other,,,False,False,False,False,True,False,True,True,core_eligible,386eb556101286e4dce89060d1d60ca105f5f54e97db3d3f297bcc2be6c291e5
HRF-0059,北美洲,United States,"New York City, New York",The Strand condominium fire,2014-01-05,A three-alarm fire began in a 20th-floor apartment of the 41-storey condominium.,https://www.cbsnews.com/newyork/news/3-alarm-blaze-breaks-out-on-west-side/,40.7603,-73.9954,high-rise building fire,residential condominium,41 floors,未检索到,completed 1989,1.0,1.0,,ruled accidental; exact ignition item not established in consulted source,未检索到/待核实,未检索到/待核实,1 death and at least 1 critical injury.,2014,cbsnews.com,B,New York City,Residential,,41.0,False,False,False,False,True,False,True,True,core_eligible,386eb556101286e4dce89060d1d60ca105f5f54e97db3d3f297bcc2be6c291e5
HRF-0060,北美洲,United States,New York City,One57 fire,2014-03-14,"One57高层建筑火灾；建筑高度记录为 306 m。死亡人数：0。Fire broke out in the loading dock, then spread to the courtyard and a neighboring property.",https://www.dnainfo.com/new-york/20140316/midtown/fire-breaks-out-at-problematic-one57-construction-site,40.71427,-74.00597,高层建筑火灾,未检索到,306 m,未检索到,未检索到,0.0,,,未检索到/待核实,未检索到/待核实,未检索到/待核实,"死亡人数：0。Fire broke out in the loading dock, then spread to the courtyard and a neighboring property.",2014,dnainfo.com,B,New York City,Unknown/other,306.0,,False,False,False,False,True,False,True,True,core_eligible,386eb556101286e4dce89060d1d60ca105f5f54e97db3d3f297bcc2be6c291e5
HRF-0061,北美洲,United States,"New York City, New York",One57 loading-dock fire,2014-03-15,A fire at the base/loading area of the 75-storey tower spread into a courtyard and adjacent property.,https://ctif.org/sites/default/files/2025-08/CTIF_Report30.pdf,40.7653,-73.9792,high-rise building fire,residential tower; construction-phase context,75 floors; 306 m,未检索到,completed 2014,0.0,,,not established in the consulted compendium,未检索到/待核实,未检索到/待核实,No deaths listed by CTIF.,2014,ctif.org,C,New York City,Residential,306.0,75.0,False,False,False,False,True,False,True,False,compendium_only_source,386eb556101286e4dce89060d1d60ca105f5f54e97db3d3f297bcc2be6c291e5
HRF-0062,亚洲,India,Mumbai,Lotus Park building fire,2014-07-18,Lotus Park building高层建筑火灾；建筑高度记录为 未列明。死亡人数：1。,https://www.panvelcorporation.com/Panvel_Backend/public/assets/uploads/adhiniyam/1750671514_858_16.09.2015_Circular-MFS-Regarding_Fire_Audit_-16.09.2015.pdf,19.07283,72.88261,高层建筑火灾,未检索到,未检索到,未检索到,未检索到,1.0,,,中央服务器机房电气短路。,火灾在高层办公室复燃并扩大；高处、风和玻璃幕墙条件增加扑救困难。,主动与被动消防系统存在多项缺陷，违反消防无异议证书条件。,马哈拉施特拉邦官方通报为1名消防员死亡、3人受伤；Indian Express报道1死20伤，伤者口径需说明。,2014,panvelcorporation.com,B,Mumbai,Unknown/other,,,False,False,False,False,True,False,True,True,core_eligible,386eb556101286e4dce89060d1d60ca105f5f54e97db3d3f297bcc2be6c291e5
HRF-0063,欧洲,Russia,Krasnoyarsk,Krasnoyarsk Apartments fire,2014-09-21,Krasnoyarsk Apartments高层建筑外立面火灾。死亡 0，受伤 0；表中记录的受影响楼层为 25。,https://www.fontanka.ru/2014/09/22/68815228/,56.03742,92.93136,高层建筑外立面火灾,residential,未检索到,25,未检索到,0.0,0.0,,住户在阳台密封维修中违规使用焊接设备，点燃外部材料；报道将其称为初步/调查结论。,火势沿通风外墙覆层蔓延至25层并影响多面立面。,住户热作业安全控制与可燃通风幕墙系统风险；相比之下，自动火灾报警及时动作有助于疏散。,无人死亡或受伤；约90套公寓受损，219人需要安置。,2014,fontanka.ru,B,Krasnoyarsk,Residential,,,False,False,True,True,True,False,True,True,core_eligible,386eb556101286e4dce89060d1d60ca105f5f54e97db3d3f297bcc2be6c291e5
HRF-0064,大洋洲,Australia,Melbourne,Lacrosse Apartments fire,2014-11-25,Lacrosse Apartments高层建筑火灾；建筑高度记录为 未列明。死亡人数：0。Fire started on an 8th floor balcony and rapidly spread up the facade cladding.,https://news.cfa.vic.gov.au/news/docklands-high-rise-fire-2014---case-study,-37.814,144.96332,高层建筑火灾,住宅为主的混合用途建筑,23层；有效高度约56.7–58.7米,16,2012年6月获入住许可,0.0,0.0,450.0,8层阳台上未熄灭烟头引燃塑料容器和阳台可燃物,含聚乙烯芯的铝复合板、泡沫保温和PVC构件造成快速竖向外立面蔓延，火由约6层延至21层,外墙材料不符合规范；部分单元过度居住，消防应急广播在受影响楼层受损；但室内喷淋和消防竖管有效限制内部蔓延,约450–500人疏散，无死亡和严重伤害；多层受火、烟、水影响，损失超过1200万澳元索赔规模,2014,news.cfa.vic.gov.au,A,Melbourne,Residential,58.7,23.0,False,False,False,True,True,False,True,True,core_eligible,386eb556101286e4dce89060d1d60ca105f5f54e97db3d3f297bcc2be6c291e5
HRF-0065,北美洲,United States,"Castle Hills, Texas",The Wedgwood senior-apartment fire,2014-12-28,A fire in an 11-storey senior living high-rise caused extensive smoke spread.,https://ctif.org/sites/default/files/2025-08/CTIF_Report30.pdf,29.5252,-98.5148,high-rise building fire,senior residential,11 floors; about 30 m,未检索到,older building; built in the 1960s,5.0,,,not established in consulted source,未检索到/待核实,未检索到/待核实,5 deaths; injury count unresolved.,2014,ctif.org,C,Castle Hills,Residential,30.0,11.0,False,False,False,False,True,False,True,False,compendium_only_source,386eb556101286e4dce89060d1d60ca105f5f54e97db3d3f297bcc2be6c291e5
HRF-0066,亚洲,United Arab Emirates,Dubai,The Marina Torch fire,2015-02-21,The Marina Torch高层建筑外立面火灾。死亡 0，受伤 7；表中记录的受影响楼层为 60。,https://www.thenationalnews.com/uae/flat-where-dubai-marina-torch-fire-started-identified-1.32390,25.07725,55.30927,高层建筑外立面火灾,未检索到,79/86层口径并存，约336–352 m；应在主表保留来源口径,60,2011年建成，事发约4年，不属老旧楼宇,0.0,7.0,,51层外部阳台受热源点燃；技术资料认为可能与吸烟材料有关，但公开可访问的最终警察结论未完全确认具体物件,可燃外墙、强风和燃烧坠落物使火势由约51层向上扩散，并在较低楼层形成第二火点,阳台火源管理与可燃外立面体系风险；内部疏散总体有效,无死亡，7人因轻度吸入烟气接受治疗；数百户疏散,2015,thenationalnews.com,B,Dubai,Unknown/other,352.0,86.0,False,False,False,True,True,False,True,True,core_eligible,386eb556101286e4dce89060d1d60ca105f5f54e97db3d3f297bcc2be6c291e5
HRF-0067,亚洲,Indonesia,Jakarta,Wisma Kosgoro fire,2015-03-10,Wisma Kosgoro高层建筑火灾；建筑高度记录为 未列明。死亡人数：0。Fire destroyed floors 16–20.,https://www.thejakartapost.com/news/2015/03/10/wisma-kosgoro-fire-subdued-short-circuiting-possible-cause.html,-6.21462,106.84513,高层建筑火灾,未检索到,未检索到,未检索到,未检索到,0.0,,,未检索到/待核实,未检索到/待核实,未检索到/待核实,死亡人数：0。Fire destroyed floors 16–20.,2015,thejakartapost.com,B,Jakarta,Unknown/other,,,False,False,False,False,True,False,True,True,core_eligible,386eb556101286e4dce89060d1d60ca105f5f54e97db3d3f297bcc2be6c291e5
HRF-0068,欧洲,France,"Puteaux, Paris","Franklin Tower, 100-101 Terr. Boieldieu, Tower A fire",2015-03-17,"Franklin Tower, 100-101 Terr. Boieldieu, Tower A高层建筑火灾；建筑高度记录为 120 m。死亡人数：0。Unstated cause, ignition on 40th flr in technical room, contained by 30 firefighters via internal wet column (a pressurized vertical pipe).",https://m.youtube.com/watch?v=8R1dmAakaUc,48.88341,2.23894,高层建筑火灾,office,120 m,2,未检索到,0.0,,,"Unstated cause, ignition on 40th flr in technical room, contained by 30 firefighters via internal wet column (a pressurized vertical pipe).",未检索到/待核实,未检索到/待核实,"死亡人数：0。Unstated cause, ignition on 40th flr in technical room, contained by 30 firefighters via internal wet column (a pressurized vertical pipe).",2015,m.youtube.com,B,Puteaux,Office/government,120.0,,False,False,False,False,True,False,True,True,core_eligible,386eb556101286e4dce89060d1d60ca105f5f54e97db3d3f297bcc2be6c291e5
HRF-0069,非洲,Nigeria,Lagos,Mamman Kontagora House fire,2015-04-15,拉各斯Marina一栋高层办公楼发电机房起火，火势向上影响至约7层。,https://ndic.gov.ng/fire-incident-at-mamman-kontagora-house-lagos/,6.448,3.397,high-rise office fire,政府及金融办公楼,至少11层；也有17或22层数据库记录，需建筑档案最终确认,未检索到,未检索到,0.0,,,3层发电机房起火，燃油系统/柴油储存随即参与燃烧；电涌或设备泄漏为同期初步解释,柴油罐、油桶、电缆和其他可燃物使火势从3层扩展至约7层,空中举高设备可达高度有限；多机构供水和协同灭火后控制；机构被迫临时迁址,无人员死亡；多家政府和金融机构办公室受损，NDIC等临时迁出,2015,ndic.gov.ng,A,Lagos,Office/government,,11.0,False,False,False,False,True,False,True,True,core_eligible,386eb556101286e4dce89060d1d60ca105f5f54e97db3d3f297bcc2be6c291e5
HRF-0070,亚洲,Azerbaijan,Baku,2015 Baku residence high-rise fire,2015-05-19,Unnamed Highrise高层建筑火灾；建筑高度记录为 未列明。死亡人数：16。See 2015 Baku residence building fire,https://president.az/en/articles/view/15197,40.37767,49.89201,高层建筑火灾,residential,16层住宅楼,1,苏联时期住宅楼，事发时已属老旧建筑并经过外墙翻新,15.0,63.0,,公开调查材料未确认最初点火源；低质量聚氨酯外墙材料不是可确认的初始点火原因,翻新安装的可燃聚氨酯外墙材料使火势迅速覆盖16层立面并产生有毒烟气,外墙材料认证、施工验收和消防安全监管存在严重缺陷,官方确认15人死亡、63人受伤；原表16人死亡应修正为15,2015,president.az,B,Baku,Residential,,16.0,False,False,False,True,True,False,True,True,core_eligible,386eb556101286e4dce89060d1d60ca105f5f54e97db3d3f297bcc2be6c291e5
HRF-0071,北美洲,United States,"Las Vegas, Nevada",Cosmopolitan of Las Vegas pool-deck fire,2015-07-25,Cabanas and artificial vegetation burned on a high outdoor pool deck of the hotel tower.,https://ctif.org/sites/default/files/2025-08/CTIF_Report30.pdf,36.1099,-115.1745,high-rise building fire,hotel/casino,52 floors; about 184 m,未检索到,opened 2010,0.0,2.0,,unknown/undetermined in consulted sources,未检索到/待核实,未检索到/待核实,No deaths; 2 smoke-inhalation injuries listed by CTIF.,2015,ctif.org,C,Las Vegas,Hotel,184.0,52.0,False,False,False,False,True,False,True,False,compendium_only_source,386eb556101286e4dce89060d1d60ca105f5f54e97db3d3f297bcc2be6c291e5
HRF-0072,亚洲,United Arab Emirates,Sharjah,Al Nasser Tower fire,2015-10-01,Al Nasser Tower高层建筑外立面火灾。死亡 0，受伤 40；表中记录的受影响楼层为 26。,https://www.thenationalnews.com/uae/fire-at-high-rise-residential-tower-in-sharjah-city-centre-1.28357,25.3342,55.41221,高层建筑外立面火灾,residential,未检索到,26,未检索到,0.0,19.0,,未检索到/待核实,火焰沿32层住宅塔楼外立面向上蔓延。,公开来源不足以确认具体消防系统失效；建议保留为待核实。,无人重伤或死亡；19人因呼吸困难接受治疗，约200户家庭暂时失去住所。专题汇编40伤需复核。,2015,thenationalnews.com,B,Sharjah,Residential,,,False,False,False,True,True,False,True,True,core_eligible,386eb556101286e4dce89060d1d60ca105f5f54e97db3d3f297bcc2be6c291e5
HRF-0073,北美洲,United States,"Chicago, Illinois",John Hancock Center 50th-floor fire,2015-11-21,A two-alarm fire broke out on the 50th floor of the 100-storey mixed-use tower.,https://ctif.org/sites/default/files/2025-08/CTIF_Report30.pdf,41.8988,-87.623,high-rise building fire,mixed office/residential/observation,100 floors; 344 m roof / 457 m antenna,未检索到,completed 1969,0.0,5.0,,not established in consulted source,未检索到/待核实,未检索到/待核实,No deaths; CTIF lists 5 injuries.,2015,ctif.org,C,Chicago,Residential,344.0,100.0,False,False,False,False,True,False,True,False,compendium_only_source,386eb556101286e4dce89060d1d60ca105f5f54e97db3d3f297bcc2be6c291e5
HRF-0074,非洲,Nigeria,Lagos,NECOM House top-floor fire,2015-12-08,NECOM House最高层发生电气火灾，被工作人员和消防部门迅速扑灭。,https://www.vanguardngr.com/2015/12/nitel-building-fire-caused-by-electrical-sparks/,6.449,3.398,skyscraper office fire,办公及通信设施,32层；约160米,未检索到,1979年完工,0.0,0.0,,切换至公共电源后，顶层电缆故障产生电火花,顶层堆放的废旧可燃物加剧火势,高层消防只能沿楼梯接近起火层，但火灾在较短时间内受控,无人员伤亡；顶层局部受损，消防部门称无严重结构损坏,2015,vanguardngr.com,B,Lagos,Office/government,160.0,32.0,False,False,False,False,True,False,True,True,core_eligible,386eb556101286e4dce89060d1d60ca105f5f54e97db3d3f297bcc2be6c291e5
HRF-0075,亚洲,United Arab Emirates,Dubai,Address Downtown Hotel fire,2015-12-31,Address Downtown Hotel高层建筑外立面火灾。死亡 0，受伤 15；表中记录的受影响楼层为 1。,https://gulfnews.com/uae/crime/short-circuit-caused-address-hotel-fire-say-dubai-police-1.1657190,25.07725,55.30927,高层建筑外立面火灾,hotel,63层，约306 m,1,2008年建成，事发约7年，不属老旧楼宇,0.0,15.0,,14至15层之间建筑景观射灯电线短路,可燃外墙体系使火势沿63层酒店外立面迅速纵向蔓延,外墙材料防火性能和立面电气设备维护风险；疏散与消防响应避免了死亡,无死亡，约15人受伤/接受治疗；大楼疏散,2015,gulfnews.com,B,Dubai,Hotel,306.0,63.0,False,False,False,True,True,False,True,True,core_eligible,386eb556101286e4dce89060d1d60ca105f5f54e97db3d3f297bcc2be6c291e5
HRF-0076,欧洲,France,Paris,Tour Anvers (in Les Olympiades residential complex) fire,2016-01-12,"Tour Anvers (in Les Olympiades residential complex)高层建筑火灾；建筑高度记录为 104 m。死亡人数：1。16th of 31 flrs, contained to apt without spreading, 1 killed, 31-year-old woman with muscle disability.",https://www.leparisien.fr/paris-75/paris-75013/paris-incendie-mortel-dans-une-tour-des-olympiades-12-01-2016-5444163.php,48.85341,2.3488,高层建筑火灾,residential,104 m,未检索到,未检索到,1.0,,,未检索到/待核实,未检索到/待核实,未检索到/待核实,"死亡人数：1。16th of 31 flrs, contained to apt without spreading, 1 killed, 31-year-old woman with muscle disability.",2016,leparisien.fr,B,Paris,Residential,104.0,,False,False,False,False,True,False,True,True,core_eligible,386eb556101286e4dce89060d1d60ca105f5f54e97db3d3f297bcc2be6c291e5
HRF-0077,欧洲,France,Saint-Denis,Avenue Romain-Rolland apartment-tower fire,2016-01-13,An unidentified tower on avenue Romain-Rolland高层建筑火灾；建筑高度记录为 33 m。死亡人数：1。,https://www.leparisien.fr/seine-saint-denis-93/saint-denis-93200/saint-denis-une-femme-meurt-dans-un-incendie-13-01-2016-5447941.php,48.93564,2.35387,高层建筑火灾,未检索到,33 m,未检索到,未检索到,1.0,,,公开报道未查明原因。,火灾位于11层住宅楼1层，烟气经楼梯间向上扩散。,未检索到消防系统或管理失效的独立证据。,1名90岁女性死亡，另有3人轻度吸入烟气。,2016,leparisien.fr,B,Saint-Denis,Unknown/other,33.0,,False,False,False,False,True,False,True,True,core_eligible,386eb556101286e4dce89060d1d60ca105f5f54e97db3d3f297bcc2be6c291e5
HRF-0078,亚洲,United Arab Emirates,Ajman,Ajman One Complex fire,2016-03-28,Ajman One Complex高层建筑外立面火灾。死亡 0，受伤 0；表中记录的受影响楼层为 1。,https://www.bbc.com/news/world-middle-east-35913988,25.40177,55.47878,高层建筑外立面火灾,未检索到,未检索到,1,未检索到,0.0,0.0,,未检索到/待核实,未检索到/待核实,未检索到/待核实,死亡 0，受伤 0；表中记录的受影响楼层为 1。,2016,bbc.com,B,Ajman,Unknown/other,,,False,False,False,True,True,False,True,True,core_eligible,386eb556101286e4dce89060d1d60ca105f5f54e97db3d3f297bcc2be6c291e5
HRF-0079,亚洲,中国 / China,"隆盛大厦，洪武路23号，秦淮区，南京市，江苏省 / Longsheng Building, 23 Hongwu Road, Qinhuai District, Nanjing, Jiangsu",南京隆盛大厦火灾 / Nanjing Longsheng Building fire,2016-05-03,南京隆盛大厦6层空调机组故障引燃外立面，火势沿外墙蔓延至高层，无人员伤亡。,https://news.voc.com.cn/mobile/news/201605/25612402.html,32.06167,118.77778,高层建筑外立面火灾,办公楼/写字楼,28层；火灾由6层外墙蔓延至26层附近,6至26层外立面,未检索到,0.0,0.0,,6层平台中央空调机组故障，引燃楼体南侧部分铝皮外立面,火势在大风条件下沿外立面由6层快速蔓延至26层附近,外立面竖向快速蔓延，楼下约20辆汽车受损,无人员伤亡；明火约30分钟后扑灭,2016,news.voc.com.cn,B,Nanjing,Office/government,,28.0,False,False,False,True,True,False,True,True,core_eligible,386eb556101286e4dce89060d1d60ca105f5f54e97db3d3f297bcc2be6c291e5
HRF-0080,欧洲,France,Paris 20e,158 bd Davout fire,2016-06-01,"158 bd Davout高层建筑火灾；建筑高度记录为 21 m。死亡人数：1。3rd through 7th of 7 flrs, 8 injured.",https://www.leparisien.fr/paris-75/paris-75020/paris-xxe-un-mort-et-deux-blesses-graves-dans-l-incendie-d-un-immeuble-01-06-2016-5846939.php,48.8646,2.3984,高层建筑火灾,未检索到,21 m,未检索到,未检索到,1.0,8.0,,未检索到/待核实,未检索到/待核实,未检索到/待核实,"死亡人数：1。3rd through 7th of 7 flrs, 8 injured.",2016,leparisien.fr,B,Paris 20e,Unknown/other,21.0,,False,False,False,False,True,False,True,True,core_eligible,386eb556101286e4dce89060d1d60ca105f5f54e97db3d3f297bcc2be6c291e5
HRF-0081,亚洲,United Arab Emirates,Dubai,Sulafa Tower fire,2016-07-20,Sulafa Tower高层建筑外立面火灾。死亡 0，受伤 0；表中记录的受影响楼层为 30。,https://www.bbc.com/news/world-middle-east-36848521,25.07725,55.30927,高层建筑外立面火灾,未检索到,288 m,30,未检索到,0.0,,,未检索到/待核实,未检索到/待核实,未检索到/待核实,死亡 0，受伤 0；表中记录的受影响楼层为 30。,2016,bbc.com,B,Dubai,Unknown/other,288.0,,False,False,False,True,True,False,True,True,core_eligible,386eb556101286e4dce89060d1d60ca105f5f54e97db3d3f297bcc2be6c291e5
HRF-0082,欧洲,United Kingdom,London,Shepherds Court fire,2016-08-19,Shepherds Court高层建筑外立面火灾。死亡 0，受伤 1；表中记录的受影响楼层为 3。,https://www.theguardian.com/uk-news/2016/aug/19/fire-crews-tackle-blaze-at-shepherds-bush-tower-block-london,51.5053,-0.2269,高层建筑外立面火灾,residential,未检索到,3,未检索到,0.0,1.0,,未核实。,未检索到/待核实,未检索到/待核实,死亡 0，受伤 1；表中记录的受影响楼层为 3。,2016,theguardian.com,B,London,Residential,,,False,False,False,True,True,False,True,True,core_eligible,386eb556101286e4dce89060d1d60ca105f5f54e97db3d3f297bcc2be6c291e5
HRF-0083,亚洲,Indonesia,Jakarta,Neo Soho Project fire,2016-11-09,Neo Soho Project高层建筑外立面火灾。死亡 0，受伤 0；表中记录的受影响楼层为 7。,https://apfmag.mdmpublishing.com/a-perspective-on-high-rise-building-fires-involving-the-facade/,-6.21462,106.84513,高层建筑外立面火灾,未检索到,未检索到,7,未检索到,0.0,0.0,,未检索到/待核实,未检索到/待核实,未检索到/待核实,死亡 0，受伤 0；表中记录的受影响楼层为 7。,2016,apfmag.mdmpublishing.com,B,Jakarta,Unknown/other,,,False,False,False,True,True,False,True,True,core_eligible,386eb556101286e4dce89060d1d60ca105f5f54e97db3d3f297bcc2be6c291e5
HRF-0084,亚洲,United Arab Emirates,Sharjah,Al Bandary Tower B fire,2016-12-01,Al Bandary Tower B高层建筑外立面火灾。死亡 0，受伤 4；表中记录的受影响楼层为 1。,https://gulfnews.com/uae/sharjah-fire-tenants-move-into-tower-a-1.1938866,25.3342,55.41221,高层建筑外立面火灾,未检索到,未检索到,1,未检索到,0.0,4.0,,未检索到/待核实,未检索到/待核实,未检索到/待核实,死亡 0，受伤 4；表中记录的受影响楼层为 1。,2016,gulfnews.com,B,Sharjah,Unknown/other,,,False,False,False,True,True,False,True,True,core_eligible,386eb556101286e4dce89060d1d60ca105f5f54e97db3d3f297bcc2be6c291e5
HRF-0085,亚洲,United Arab Emirates,Dubai,Oceana Adriatic Building fire,2016-12-13,Oceana Adriatic Building高层建筑外立面火灾。死亡 0，受伤 0；表中记录的受影响楼层为 1。,https://www.khaleejtimes.com/nation/dubai/update-fire-put-out-at-dubais-palm-jumeirah-building,25.07725,55.30927,高层建筑外立面火灾,未检索到,未检索到,1,未检索到,0.0,0.0,,未检索到/待核实,未检索到/待核实,未检索到/待核实,死亡 0，受伤 0；表中记录的受影响楼层为 1。,2016,khaleejtimes.com,B,Dubai,Unknown/other,,,False,False,False,True,True,False,True,True,core_eligible,386eb556101286e4dce89060d1d60ca105f5f54e97db3d3f297bcc2be6c291e5
HRF-0086,亚洲,Iran,Tehran,Plasco Building fire,2017-01-19,Plasco Building高层建筑火灾；建筑高度记录为 42 m。死亡人数：21。The 17-story building collapsed after a fire started on the ninth floor. Seventy injured.,https://www.fcaj.gr.jp/ifcaa/jp/Disaster_Report_2009-2017.pdf,35.69439,51.42151,高层建筑火灾,未检索到,约17层，约42 m,未检索到,1962年建成，事发约55年，明确老旧高层,21.0,,,The 17-story building collapsed after a fire started on the ninth floor.,楼内大量纺织品等高火荷载及长时间燃烧造成结构失稳，最终整体坍塌,多年消防安全警告未落实；老旧高层缺乏有效喷淋/报警和疏散管理，监管与业主管理失效,21人死亡（含16名消防员）、约70人受伤；建筑完全坍塌,2017,fcaj.gr.jp,B,Tehran,Unknown/other,42.0,17.0,False,False,False,False,True,False,True,True,core_eligible,386eb556101286e4dce89060d1d60ca105f5f54e97db3d3f297bcc2be6c291e5
HRF-0087,亚洲,United Arab Emirates,Dubai,Address Residences Fountain Views fire,2017-03-02,Address Residences Fountain Views高层建筑外立面火灾。死亡 0，受伤 0；表中记录的受影响楼层为 3。,https://www.telegraph.co.uk/news/2017/04/02/dramatic-scenes-fire-engulfs-skyscraper-downtown-dubai/,25.07725,55.30927,高层建筑外立面火灾,未检索到,未检索到,3,未检索到,0.0,0.0,,未检索到/待核实,未检索到/待核实,未检索到/待核实,死亡 0，受伤 0；表中记录的受影响楼层为 3。,2017,telegraph.co.uk,B,Dubai,Unknown/other,,,False,False,False,True,True,False,True,True,core_eligible,386eb556101286e4dce89060d1d60ca105f5f54e97db3d3f297bcc2be6c291e5
HRF-0088,亚洲,Iran,Tehran,Pamchal Chitgar Building fire,2017-06-14,Pamchal Chitgar Building高层建筑火灾；建筑高度记录为 66 m。死亡人数：0。The residential 20-storey tower – four injured,https://en.wikipedia.org/wiki/List_of_fires_in_high-rise_buildings,35.69439,51.42151,高层建筑火灾,residential,66 m,未检索到,未检索到,0.0,,,未检索到/待核实,未检索到/待核实,未检索到/待核实,死亡人数：0。The residential 20-storey tower – four injured,2017,en.wikipedia.org,C,Tehran,Residential,66.0,,False,False,False,False,True,False,True,False,compendium_only_source,386eb556101286e4dce89060d1d60ca105f5f54e97db3d3f297bcc2be6c291e5
HRF-0089,欧洲,United Kingdom,"North Kensington, London, England, United Kingdom",Grenfell Tower fire,2017-06-14,24层社会住宅冰箱起火后突破窗户并经可燃外墙系统迅速包覆整栋塔楼。,https://assets.publishing.service.gov.uk/media/66d817aa701781e1b341dbd3/CCS0923434692-004_GTI_Phase_2_Volume_1_BOOKMARKED.pdf,51.5131,-0.2159,high-rise residential façade fire,residential / social housing,24 storeys,24,completed 1974; refurbished 2015-2016,72.0,,,4层住宅冰箱冷藏冷冻机的电气故障起火。,可燃雨幕板、聚异氰脲酸酯保温层及外墙空腔使火焰绕过防火分隔并迅速包围大楼。,外墙产品测试与认证、建筑法规和监管、业主管理、消防响应及疏散策略存在多层系统性失效。,72人死亡，建筑毁损并引发全国建筑安全改革,2017,assets.publishing.service.gov.uk,A,North Kensington,Residential,,24.0,False,False,False,True,True,False,True,True,core_eligible,386eb556101286e4dce89060d1d60ca105f5f54e97db3d3f297bcc2be6c291e5
HRF-0090,北美洲,United States,"Honolulu, Hawaii",Marco Polo condominium fire,2017-07-14,Fire started on the 26th floor of a 36-storey condominium and spread to additional floors.,https://en.wikipedia.org/wiki/Marco_Polo_condo_fire,21.2883,-157.826,high-rise building fire,residential condominium,36 floors; 118.8 m,未检索到,completed 1971; older unsprinklered high-rise,4.0,13.0,,undetermined,未检索到/待核实,未检索到/待核实,"4 deaths, 13 injuries and more than 200 units damaged or affected.",2017,en.wikipedia.org,C,Honolulu,Residential,118.8,36.0,False,False,False,False,True,False,True,False,compendium_only_source,386eb556101286e4dce89060d1d60ca105f5f54e97db3d3f297bcc2be6c291e5
HRF-0091,亚洲,Iran,Mashhad,Rotana Hotel Building fire,2017-07-22,Rotana Hotel Building高层建筑火灾；建筑高度记录为 66 m。死亡人数：0。Under construction 20-storey hotel,https://en.wikipedia.org/wiki/List_of_fires_in_high-rise_buildings,36.29807,59.60567,高层建筑火灾,hotel,66 m,未检索到,未检索到,0.0,,,未检索到/待核实,未检索到/待核实,未检索到/待核实,死亡人数：0。Under construction 20-storey hotel,2017,en.wikipedia.org,C,Mashhad,Hotel,66.0,,False,False,True,False,True,False,True,False,compendium_only_source,386eb556101286e4dce89060d1d60ca105f5f54e97db3d3f297bcc2be6c291e5
HRF-0092,亚洲,United Arab Emirates,Dubai,The Marina Torch fire,2017-08-04,The Marina Torch高层建筑外立面火灾。死亡 0，受伤 0；表中记录的受影响楼层为 64/87。,https://www.bbc.com/news/world-middle-east-40822269,25.07725,55.30927,高层建筑外立面火灾,未检索到,336.8 m,64/87,未检索到,0.0,0.0,,未检索到/待核实,未检索到/待核实,未检索到/待核实,死亡 0，受伤 0；表中记录的受影响楼层为 64/87。,2017,bbc.com,B,Dubai,Unknown/other,336.8,,False,False,False,True,True,False,True,True,core_eligible,386eb556101286e4dce89060d1d60ca105f5f54e97db3d3f297bcc2be6c291e5
HRF-0093,欧洲,United Kingdom,"Northern Quarter, Manchester, England, United Kingdom",Lighthouse Apartments fire,2017-12-30,12层住宅楼9层起火，火焰通过木质阳台向10至11层传播。,https://ctif.org/sites/default/files/2025-08/CTIF_Report30.pdf,53.4843,-2.235,high-rise residential exterior fire,residential,12 storeys; floors 9-11 affected,未检索到,未检索到,0.0,4.0,,来源未给出最终起火原因；木质阳台促进竖向传播。,未检索到/待核实,未检索到/待核实,3人接受烟气吸入治疗，1人送院；无死亡。,2017,ctif.org,C,Northern Quarter,Residential,,12.0,False,False,False,True,True,False,True,False,compendium_only_source,386eb556101286e4dce89060d1d60ca105f5f54e97db3d3f297bcc2be6c291e5
HRF-0094,亚洲,中国 / China,"绿地原盛国际3号楼C座，郑东新区，郑州市，河南省 / Greenland Yuansheng International Building 3C, Zhengdong New Area, Zhengzhou, Henan",郑州绿地原盛国际3号楼C座火灾 / Zhengzhou Greenland Yuansheng International Building 3C fire,2018-02-01,郑州绿地原盛国际3号楼C座外墙保温材料起火，无人员伤亡，疏散300余人。,https://www.henan100.com/news/2018/762138.shtml,34.75778,113.64861,高层建筑外立面火灾,办公楼,地上20层、地下2层，高约60米,南侧及东侧外墙，过火约2000平方米,未检索到,0.0,0.0,300.0,具体起火原因未查明,外墙保温与装饰材料发生大面积竖向燃烧,外立面约2000平方米受损；高层外墙扑救和坠落物风险突出,无人员伤亡；疏散300余人、搜救30余人,2018,henan100.com,B,Zhengzhou,Office/government,60.0,20.0,False,False,False,True,True,False,True,True,core_eligible,386eb556101286e4dce89060d1d60ca105f5f54e97db3d3f297bcc2be6c291e5
HRF-0095,北美洲,United States,"Chicago, Illinois",John Hancock Center parking-garage fire,2018-02-11,A vehicle burned on the 7th-floor garage level of the 100-storey mixed-use tower; sprinklers held the fire.,https://www.cbsnews.com/chicago/news/john-hancock-center-parking-garage-car-fire/,41.8988,-87.623,high-rise building fire,mixed-use tower parking garage,100 floors; 344 m roof / 457 m antenna,未检索到,completed 1969,0.0,0.0,,vehicle fire; detailed ignition cause not stated,未检索到/待核实,未检索到/待核实,No injuries; about 150 firefighters responded.,2018,cbsnews.com,B,Chicago,Mixed use,344.0,100.0,False,False,False,False,True,False,True,True,core_eligible,386eb556101286e4dce89060d1d60ca105f5f54e97db3d3f297bcc2be6c291e5
HRF-0096,亚洲,Turkey,Istanbul,Taksim Ilk Yardim Hospital fire,2018-04-05,Taksim Ilk Yardim Hospital高层建筑外立面火灾。死亡 0，受伤 0；表中记录的受影响楼层为 14。,http://www.middleeasteye.net/news/istanbuls-grenfell-hospital-fire-brings-city-safety-stark-relief,41.01384,28.94966,高层建筑外立面火灾,healthcare/care,未检索到,14,未检索到,0.0,0.0,,未检索到/待核实,未检索到/待核实,未检索到/待核实,死亡 0，受伤 0；表中记录的受影响楼层为 14。,2018,middleeasteye.net,B,Istanbul,Healthcare,,,False,False,False,True,True,False,True,True,core_eligible,386eb556101286e4dce89060d1d60ca105f5f54e97db3d3f297bcc2be6c291e5
HRF-0097,北美洲,United States,"New York City, New York",Trump Tower apartment fire,2018-04-07,A residential-unit fire occurred high in the 58-storey mixed-use tower.,https://ctif.org/sites/default/files/2025-08/CTIF_Report30.pdf,40.7624,-73.9738,high-rise building fire,mixed office/residential,58 floors; 202 m,未检索到,completed 1983,1.0,6.0,,electrical fire reported; exact initiating failure unresolved,未检索到/待核实,未检索到/待核实,1 civilian death and 6 firefighter injuries.,2018,ctif.org,C,New York City,Residential,202.0,58.0,False,False,False,False,True,False,True,False,compendium_only_source,386eb556101286e4dce89060d1d60ca105f5f54e97db3d3f297bcc2be6c291e5
HRF-0098,亚洲,Azerbaijan,Baku,Trump International Hotel and Tower (Baku) fire,2018-04-30,Trump International Hotel and Tower (Baku)高层建筑火灾；建筑高度记录为 108.9 m。死亡人数：0。Involved two separate fires the same day,https://en.wikipedia.org/wiki/List_of_fires_in_high-rise_buildings,40.37767,49.89201,高层建筑火灾,hotel,108.9 m,未检索到,未检索到,0.0,,,未检索到/待核实,未检索到/待核实,未检索到/待核实,死亡人数：0。Involved two separate fires the same day,2018,en.wikipedia.org,C,Baku,Hotel,108.9,,False,False,False,False,True,False,True,False,compendium_only_source,386eb556101286e4dce89060d1d60ca105f5f54e97db3d3f297bcc2be6c291e5
HRF-0099,亚洲,United Arab Emirates,Dubai,Almas Tower fire,2018-04-30,Almas Tower高层建筑火灾；建筑高度记录为 360 m。死亡人数：0。,https://en.wikipedia.org/wiki/List_of_fires_in_high-rise_buildings,25.07725,55.30927,高层建筑火灾,未检索到,360 m,未检索到,未检索到,0.0,,,未检索到/待核实,未检索到/待核实,未检索到/待核实,死亡人数：0。,2018,en.wikipedia.org,C,Dubai,Unknown/other,360.0,,False,False,False,False,True,False,True,False,compendium_only_source,386eb556101286e4dce89060d1d60ca105f5f54e97db3d3f297bcc2be6c291e5
HRF-0100,南美洲,Brazil,São Paulo,Wilton Paes de Almeida Building fire and collapse,2018-05-01,"Fire engulfed the occupied former office high-rise, which collapsed during the blaze.",https://www.al.sp.gov.br/repositorio/ementario/anexos/20180629-154048-ID_SESSAO%3D13272.htm,-23.5421,-46.6364,high-rise building fire,原办公楼，后为非正规居住,24层；约79.2米,未检索到,约1968年完工；长期失修和非正规占用,7.0,,,5层临时居住单元的一处插座过载短路；同一插座连接电视、微波炉和冰箱,建筑内大量可燃物、临时隔间和无序电气布线使火势快速贯通多层,长期废弃和非正规占用、缺乏维护及消防设备，监管与住房治理失效；火灾后约80分钟整楼坍塌,24层建筑完全坍塌；最终常用统计为7人死亡，另有失踪口径；约142户、372名居民受影响,2018,al.sp.gov.br,A,São Paulo,Office/government,79.2,24.0,False,False,False,False,True,False,True,True,core_eligible,386eb556101286e4dce89060d1d60ca105f5f54e97db3d3f297bcc2be6c291e5
HRF-0101,亚洲,United Arab Emirates,Dubai,Zen Tower fire,2018-05-13,Zen Tower高层建筑外立面火灾。死亡 0，受伤 0；表中记录的受影响楼层为 15。,https://www.thenationalnews.com/uae/dubai-zen-tower-fire-actually-caused-by-electrical-fault-1.741716,25.07725,55.30927,高层建筑外立面火灾,未检索到,未检索到,15,未检索到,0.0,0.0,100.0,警方鉴证报告将起火定位于104号单元家具附近；电路/照明或加热设备故障被视为最可能原因，但报道也保留未熄烟头的替代可能。,易燃家具及强风使火势迅速扩展至上层和外部。,公开材料未确认自动消防系统失效；不作推断。,100余名住户疏散，无伤亡；约15层受影响，16套住宅烧毁。,2018,thenationalnews.com,B,Dubai,Unknown/other,,,False,False,False,True,True,False,True,True,core_eligible,386eb556101286e4dce89060d1d60ca105f5f54e97db3d3f297bcc2be6c291e5
HRF-0102,亚洲,Iran,Tehran,Paramis Building fire,2018-07-22,Paramis Building高层建筑火灾；建筑高度记录为 69.3 m。死亡人数：0。21-storey residential building,https://en.wikipedia.org/wiki/List_of_fires_in_high-rise_buildings,35.69439,51.42151,高层建筑火灾,residential,69.3 m,未检索到,未检索到,0.0,,,未检索到/待核实,未检索到/待核实,未检索到/待核实,死亡人数：0。21-storey residential building,2018,en.wikipedia.org,C,Tehran,Residential,69.3,,False,False,False,False,True,False,True,False,compendium_only_source,386eb556101286e4dce89060d1d60ca105f5f54e97db3d3f297bcc2be6c291e5
HRF-0103,非洲,South Africa,Johannesburg,Bank of Lisbon Building fire,2018-09-05,约23层政府办公高楼持续燃烧三天，三名消防员死亡，建筑随后因不安全被爆破拆除。,https://www.gov.za/news/media-statements/labour-conducts-own-investigation-sites-after-two-fatal-incidents-13-sep-2018,-26.205,28.043,high-rise office fire,政府办公楼,23层；约101米,未检索到,老旧办公楼,3.0,8.0,,最终点火原因未公开确定,办公物料和高层竖向空间造成持续燃烧；具体扩散机制待调查报告公开,建筑消防合规和结构安全存在严重问题并触发多项独立调查；事故后建筑被判定无法安全修复并拆除,3名消防员死亡、8人受伤；23层政府办公楼严重烧损，2019年实施爆破拆除,2018,gov.za,A,Johannesburg,Office/government,101.0,23.0,False,False,False,False,True,False,True,True,core_eligible,386eb556101286e4dce89060d1d60ca105f5f54e97db3d3f297bcc2be6c291e5
HRF-0104,欧洲,France,Paris,The Boulangerie Hubert (later renamed the Mumbai Cafe),2019-01-12,The Boulangerie Hubert (later renamed the Mumbai Cafe)高层建筑外立面火灾。死亡 4，受伤 47；表中记录的受影响楼层为 1st of 7。,https://en.wikipedia.org/wiki/2019_Paris_explosion,48.85341,2.3488,高层建筑外立面火灾,未检索到,未检索到,1st of 7,未检索到,4.0,47.0,,未检索到/待核实,未检索到/待核实,未检索到/待核实,死亡 4，受伤 47；表中记录的受影响楼层为 1st of 7。,2019,en.wikipedia.org,C,Paris,Unknown/other,,,False,False,False,True,True,False,True,False,compendium_only_source,386eb556101286e4dce89060d1d60ca105f5f54e97db3d3f297bcc2be6c291e5
HRF-0105,大洋洲,Australia,Melbourne,Neo 200 fire,2019-02-04,Neo 200高层建筑外立面火灾。死亡 0，受伤 0；表中记录的受影响楼层为 6。,https://www.planning.vic.gov.au/__data/assets/pdf_file/0028/505855/ACP-technical-report-by-CSIRO.pdf,-37.814,144.96332,高层建筑外立面火灾,住宅公寓,42层；371套住宅,6,2007年完工,0.0,0.0,200.0,22层阳台上未熄灭烟头引燃阳台可燃物,ACP-PE可燃铝复合板形成竖向带状蔓延，火从22层扩至27层；阳台无喷淋,此前审计已识别可燃覆层但风险曾被评为低至中等；消防预案、额外探测预警和加强响应降低了后果,至少200人疏散，无死亡或重大伤害；31套公寓因火、水损坏一度无法居住,2019,planning.vic.gov.au,A,Melbourne,Residential,,42.0,False,False,False,True,True,False,True,True,core_eligible,386eb556101286e4dce89060d1d60ca105f5f54e97db3d3f297bcc2be6c291e5
HRF-0106,欧洲,France,"16th arrondissement, Paris, Île-de-France, France",17 bis rue Erlanger apartment fire,2019-02-05,巴黎一栋9层住宅楼遭纵火，火与烟影响3至9层。,https://en.wikipedia.org/wiki/List_of_high-rise_fa%C3%A7ade_fires,48.847,2.263,multi-storey residential / arson fire,residential,9 storeys; floors 3-9 affected,3rd through 9th,older Paris apartment building,10.0,36.0,,邻里纠纷后人为纵火。,未检索到/待核实,未检索到/待核实,10人死亡、36人受伤；3至9层受影响。,2019,en.wikipedia.org,C,16th arrondissement,Residential,,9.0,False,True,False,False,True,False,True,False,compendium_only_source,386eb556101286e4dce89060d1d60ca105f5f54e97db3d3f297bcc2be6c291e5
HRF-0107,亚洲,中国 / China,"元宏锦江小区，禹王台区，开封市，河南省 / Yuanhong Jinjiang Residential Community, Yuwangtai District, Kaifeng, Henan",开封元宏锦江小区高层住宅火灾 / Kaifeng Yuanhong Jinjiang residential high-rise fire,2019-03-14,开封元宏锦江小区高层住宅外墙起火，未报告人员伤亡。,https://www.sohu.com/a/302027813_796783,34.7986,114.30742,高层建筑外立面火灾,住宅,高层住宅；原专题汇编记为17层,外墙保温层；原专题汇编称17层,未检索到,0.0,0.0,,未检索到/待核实,外墙保温层快速竖向蔓延,公开材料主要为消防通报转引，建筑具体楼层仍需补充独立资料,未报告人员伤亡,2019,sohu.com,B,Yuanhong Jinjiang Residential Community,Residential,,17.0,False,False,False,True,True,False,True,True,core_eligible,386eb556101286e4dce89060d1d60ca105f5f54e97db3d3f297bcc2be6c291e5
HRF-0108,亚洲,Bangladesh,Dhaka,FR Tower fire,2019-03-28,FR Tower高层建筑火灾；建筑高度记录为 未列明。死亡人数：25。FR Tower fire,https://bdnews24.com/bangladesh/electrical-short-circuit-sparked-fr-tower-fire-home-ministry-probe-finds,23.7104,90.40744,高层建筑火灾,未检索到,22/23层口径并存；政府调查报道多称23层,未检索到,建成年份未检索到/待核实；并非以楼龄作为主要风险证据,26.0,70.0,,政府调查组认定7层办公空间发生电气短路,办公空间大量可燃物使火迅速扩至8、9层并产生浓烟,消防设备不足或失效、部分紧急出口被锁/堵塞、楼梯狭窄；23层建筑仅获批18层，存在违法加层,26人死亡（25人当日死亡，1名伤者后续死亡）、70余人受伤；原表25人为早期口径,2019,bdnews24.com,B,Dhaka,Unknown/other,,23.0,False,False,False,False,True,False,True,True,core_eligible,386eb556101286e4dce89060d1d60ca105f5f54e97db3d3f297bcc2be6c291e5
HRF-0109,亚洲,中国 / China,"金鹰中心A座，汉中路89号，秦淮区，南京市，江苏省 / Golden Eagle Center Tower A, 89 Hanzhong Road, Qinhuai District, Nanjing, Jiangsu",南京金鹰中心A座“5·24”火灾 / Nanjing Golden Eagle Center Tower A fire,2019-05-24,南京金鹰中心A座9层装修改造工程违规动火引发外墙火灾，无人员伤亡。,https://news.cctv.com/2019/06/30/ARTINy327UWYQ0NcVJjdBdX4190630.shtml,32.06167,118.77778,高层建筑外立面火灾,购物中心与办公综合楼,高层综合楼；起火位于9层露台，火势沿外墙蔓延至27层附近,9层露台起火，外墙蔓延至27层附近,未检索到,0.0,0.0,,9层露台施工人员违规动火，切割火花引燃油烟净化设备内油垢,火势扩大并蔓延至主楼西北侧外墙装饰材料,违规动火、作业人员被替换及报警延误等施工管理问题放大后果,无人员伤亡；过火面积约260平方米,2019,news.cctv.com,A,Nanjing,Office/government,,9.0,False,False,True,True,True,False,True,True,core_eligible,386eb556101286e4dce89060d1d60ca105f5f54e97db3d3f297bcc2be6c291e5
HRF-0110,亚洲,中国 / China,"亚威金港商务大厦，九都路与芳林路交叉口，洛阳市，河南省 / Yawei Jingang Business Building, Jiudu Road–Fanglin Road intersection, Luoyang, Henan",洛阳亚威金港商务大厦火灾 / Luoyang Yawei Jingang Business Building fire,2019-05-29,洛阳亚威金港商务大厦外墙由3层向楼顶蔓延起火，无人员伤亡。,https://hn.ifeng.com/a/20190530/7449325_0.shtml,34.67345,112.43684,高层建筑外立面火灾,办公楼/商务大厦,层数待核实；火势由3层外部蔓延至楼顶,3层外部至楼顶,未检索到,0.0,0.0,,未检索到/待核实,火势由3层外部沿外立面蔓延至楼顶,楼层总数与最终事故调查结论尚未检索到,无人员被困，无人员伤亡,2019,hn.ifeng.com,B,Luoyang,Office/government,,3.0,False,False,False,True,True,False,True,True,core_eligible,386eb556101286e4dce89060d1d60ca105f5f54e97db3d3f297bcc2be6c291e5
HRF-0111,欧洲,Poland,"Wola, Warsaw, Masovian Voivodeship, Poland",Warsaw Hub construction fire,2019-06-07,在建31层Warsaw Hub上部楼层发生大火，周边封锁但结构未被认为有坍塌危险。,https://ctif.org/sites/default/files/2025-08/CTIF_Report30.pdf,52.229,20.9847,high-rise construction fire,office / mixed-use under construction,31 storeys,未检索到,under construction,0.0,0.0,,未核实。,未检索到/待核实,未检索到/待核实,无伤亡报道；上部楼层受损，周边道路和区域临时封锁。,2019,ctif.org,C,Wola,Office/government,,31.0,False,False,True,False,True,False,True,False,compendium_only_source,386eb556101286e4dce89060d1d60ca105f5f54e97db3d3f297bcc2be6c291e5
HRF-0112,北美洲,United States,"New York City, New York",AXA Equitable Center helicopter-impact fire,2019-06-10,A helicopter crashed on the roof of the 54-storey office tower and ignited a fire.,https://ctif.org/sites/default/files/2025-08/CTIF_Report30.pdf,40.7616,-73.9825,high-rise building fire,office,54 floors; 229.3 m,未检索到,completed 1985,1.0,0.0,,helicopter crash,未检索到/待核实,未检索到/待核实,Pilot killed; no other injuries listed by CTIF.,2019,ctif.org,C,New York City,Office/government,229.3,54.0,False,False,False,False,True,False,True,False,compendium_only_source,386eb556101286e4dce89060d1d60ca105f5f54e97db3d3f297bcc2be6c291e5
HRF-0113,欧洲,Poland,Warsaw,Residential Flats fire,2019-08-14,Residential Flats高层建筑外立面火灾。死亡 0，受伤 0；表中记录的受影响楼层为 10。,https://tvn24.pl/tvnwarszawa/najnowsze/spalona-elewacja-zniszczone-okna-od-parteru-az-po-sam-dach-652130,52.22977,21.01178,高层建筑外立面火灾,residential,未检索到,10,未检索到,0.0,0.0,,未检索到/待核实,未检索到/待核实,未检索到/待核实,死亡 0，受伤 0；表中记录的受影响楼层为 10。,2019,tvn24.pl,B,Warsaw,Residential,,,False,False,False,True,True,False,True,True,core_eligible,386eb556101286e4dce89060d1d60ca105f5f54e97db3d3f297bcc2be6c291e5
HRF-0114,欧洲,France,Paris,Seine Tower fire,2019-11-14,Seine Tower高层建筑外立面火灾。死亡 0，受伤 2；表中记录的受影响楼层为 1。,https://doi.org/10.1007%2F978-1-4939-2898-9_4,48.8566,2.3522,高层建筑外立面火灾,未检索到,high-rise; 1 floor affected; total floors to verify,1,未检索到,0.0,2.0,,未核实。,未检索到/待核实,未检索到/待核实,死亡 0，受伤 2；表中记录的受影响楼层为 1。,2019,doi.org,A,Paris,Unknown/other,,1.0,False,False,False,True,True,False,True,True,core_eligible,386eb556101286e4dce89060d1d60ca105f5f54e97db3d3f297bcc2be6c291e5
HRF-0115,欧洲,United Kingdom,Bolton,The Cube Student Housing fire,2019-11-16,The Cube Student Housing高层建筑外立面火灾。死亡 0，受伤 2；表中记录的受影响楼层为 1。,https://manchesterfire.gov.uk/about-us/organisational-learning/the-cube-fire,53.578,-2.429,高层建筑外立面火灾,student housing,7 storeys / under 18 m,1,recently built student accommodation,0.0,0.0,217.0,消防调查认定为意外，起因为被丢弃的香烟。,火势沿外墙快速蔓延，建筑未按预期限制火灾发展。,消防及时改为全楼疏散并救出两名被困住户；外墙和建筑性能问题需与点火原因分开。,217名住户全部确认安全，无死亡或严重伤害,2019,manchesterfire.gov.uk,A,Bolton,Residential,18.0,7.0,False,False,False,True,True,False,True,True,core_eligible,386eb556101286e4dce89060d1d60ca105f5f54e97db3d3f297bcc2be6c291e5
HRF-0116,大洋洲,Australia,Sydney,Waterloo 13th-floor apartment fire,2019-11-27,约60名居民疏散；两名被困住户获搜救，官方年报未列明死亡或具体伤员数,https://www.fire.nsw.gov.au/gallery/files/pdf/annual_reports/annual_report_2019_20.pdf,-33.9005,151.2073,高层建筑火灾,住宅高层,火点位于13层；官方明确称高层建筑,未检索到,未检索到,,,60.0,未公布；火源位于13层住宅单元,火焰由窗户和阳台外逸，但被控制在起火单元,两名住户一度被困；消防同时使用举高车和内部消防楼梯进攻，警方协助疏散,约60名居民疏散；两名被困住户获搜救，官方年报未列明死亡或具体伤员数,2019,fire.nsw.gov.au,A,Sydney,Residential,,13.0,False,False,False,False,True,False,True,True,core_eligible,386eb556101286e4dce89060d1d60ca105f5f54e97db3d3f297bcc2be6c291e5
HRF-0117,欧洲,Slovakia,Prešov,Unnamed Highrise fire,2019-12-06,"Unnamed Highrise高层建筑火灾；建筑高度记录为 47.9 m。死亡人数：8。Natural gas explosion, 40 injuries",https://www.teraz.sk/regiony/vybuch-plynu-hasici-hasia-poziar-byt/434333-clanok.html,48.99923,21.2355,高层建筑火灾,未检索到,47.9 m,未检索到,未检索到,8.0,40.0,,"Natural gas explosion, 40 injuries",未检索到/待核实,未检索到/待核实,"死亡人数：8。Natural gas explosion, 40 injuries",2019,teraz.sk,B,Prešov,Unknown/other,47.9,,False,False,False,False,True,False,True,True,core_eligible,386eb556101286e4dce89060d1d60ca105f5f54e97db3d3f297bcc2be6c291e5
HRF-0118,亚洲,United Arab Emirates,Sharjah,Abbco Tower fire,2020-05-05,"Abbco Tower高层建筑火灾；建筑高度记录为 190 m。死亡人数：1。25 injuries, likely started by a discarded cigarette or shisha coals",https://gulfnews.com/uae/sharjah-fire-probable-cause-found-150-buildings-to-have-cladding-changed-1.71423621,25.3342,55.41221,高层建筑火灾,未检索到,约48/49层，约190 m,48,2005年建成，事发约15年，不属典型老旧楼宇,0.0,12.0,,较高楼层丢下的烟头或水烟炭等灼热物落到1层室外服务通道并点燃废物；警方称可能性约90%,被禁用的可燃外墙材料使火势快速沿立面向上蔓延,废物管理、吸烟/灼热物抛掷控制与既有可燃外墙整改滞后,无死亡，12人轻伤；约250个家庭需要临时安置；原表死亡1人应修正为0,2020,gulfnews.com,B,Sharjah,Unknown/other,190.0,49.0,False,False,False,False,True,False,True,True,core_eligible,386eb556101286e4dce89060d1d60ca105f5f54e97db3d3f297bcc2be6c291e5
HRF-0119,非洲,Nigeria,Abuja,Abuja World Trade Centre fire,2020-07-13,Abuja世界贸易中心上部楼层发生小范围火灾，建筑自动高压喷淋系统将其扑灭。,https://www.thisdaylive.com/2020/07/14/world-trade-centre-intact-safe-says-mgt/,9.0579,7.4951,high-rise office fire,办公/混合用途塔楼,24层；约120米,未检索到,较新的高层综合体,0.0,0.0,,上部楼层靠近设备竖井的小区域起火；最终点火机制未公布,竖井附近产生明显烟气，但火未形成大范围蔓延,自动高压喷淋、消防泵和楼宇管理系统及时启动并在数分钟内控制火势，显示主动系统有效,无人员伤亡；局部损坏，建筑保持结构完整和安全,2020,thisdaylive.com,B,Abuja,Office/government,120.0,24.0,False,False,False,False,True,False,True,True,core_eligible,386eb556101286e4dce89060d1d60ca105f5f54e97db3d3f297bcc2be6c291e5
HRF-0120,亚洲,Turkey,Ankara,Business Centre fire,2020-07-27,Business Centre高层建筑外立面火灾。死亡 0，受伤 0；表中记录的受影响楼层为 1。,https://www.dailysabah.com/turkey/fire-breaks-out-in-business-center-in-turkish-capital-ankara/news,39.91987,32.85427,高层建筑外立面火灾,未检索到,未检索到,1,未检索到,0.0,0.0,,未检索到/待核实,未检索到/待核实,未检索到/待核实,死亡 0，受伤 0；表中记录的受影响楼层为 1。,2020,dailysabah.com,B,Ankara,Unknown/other,,,False,False,False,True,True,False,True,True,core_eligible,386eb556101286e4dce89060d1d60ca105f5f54e97db3d3f297bcc2be6c291e5
HRF-0121,欧洲,Czech Republic,Czech Republic,2020 Bohumín high-rise arson fire,2020-08-08,Tower block at 1158 Nerudova street高层建筑火灾；建筑高度记录为 42.9 m。死亡人数：11。Bohumín arson attack,https://en.wikipedia.org/wiki/Bohumín_arson_attack,,,高层建筑火灾,residential,42.9 m,未检索到,未检索到,11.0,,,Bohumín arson attack,未检索到/待核实,未检索到/待核实,死亡人数：11。Bohumín arson attack,2020,en.wikipedia.org,C,Czech Republic,Residential,42.9,,False,True,False,False,False,False,False,False,invalid_or_missing_geocode,386eb556101286e4dce89060d1d60ca105f5f54e97db3d3f297bcc2be6c291e5
HRF-0122,欧洲,Spain,Madrid,Madrid Tower Block fire,2020-08-29,Madrid Tower Block高层建筑外立面火灾。死亡 0，受伤 0；表中记录的受影响楼层为 3。,https://www.euroweeklynews.com/2020/08/30/high-rise-on-fire-in-madrid/,40.4168,-3.7038,高层建筑外立面火灾,residential,未检索到,3,未检索到,0.0,0.0,,未核实。,未检索到/待核实,未检索到/待核实,死亡 0，受伤 0；表中记录的受影响楼层为 3。,2020,euroweeklynews.com,B,Madrid,Residential,,,False,False,False,True,True,False,True,True,core_eligible,386eb556101286e4dce89060d1d60ca105f5f54e97db3d3f297bcc2be6c291e5
HRF-0123,亚洲,South Korea,South Korea,Ulsan Samhwan Art Nouveau Fire,2020-10-08,Ulsan Samhwan Art Nouveau apartment building高层建筑火灾；建筑高度记录为 108.9 m。死亡人数：0。92 residents and 1 firefighter injured. Ulsan Samhwan Art Nouveau Fire [ko],https://www.yna.co.kr/view/AKR20201011045600057,36.5,127.75,高层建筑火灾,residential,108.9 m,33,未检索到,0.0,93.0,,多机构联合勘查确认起点在3层室外露台木平台，但长期调查未能确定点火原因；电气和空调外机被排除。,铝复合外墙板和强风促使火焰沿建筑外立面快速蔓延。,高层外立面材料风险及高风条件下外部灭火能力构成韧性薄弱点；未证实喷淋系统整体失效。,无人死亡；93人（含1名消防员）送医，77人从屋顶等处获救。,2020,yna.co.kr,B,South Korea,Residential,108.9,,False,False,False,False,True,False,True,True,core_eligible,386eb556101286e4dce89060d1d60ca105f5f54e97db3d3f297bcc2be6c291e5
HRF-0124,南美洲,Brazil,Sobral,Sobral 25-storey residential tower balcony fire,2020-11-12,无人受伤；火灾局限在17层阳台局部,https://www.bombeiros.ce.gov.br/2020/11/13/1acia-3obbm-debela-incendio-em-apartamento-do-predio-mais-alto-de-sobral/,-3.6896,-40.3482,高层建筑火灾,住宅,25层；77.20米；84套住宅,未检索到,未检索到,0.0,0.0,,具体点火机制未公布；17层阳台空调外机区域起火,空调外机、椅子及阳台防护网参与燃烧，烟气影响同层其他住户,建筑按消防部门批准方案配置ABC干粉灭火器，3具灭火器即将火扑灭,无人受伤；火灾局限在17层阳台局部,2020,bombeiros.ce.gov.br,A,Sobral,Residential,77.2,25.0,False,False,False,False,True,False,True,True,core_eligible,386eb556101286e4dce89060d1d60ca105f5f54e97db3d3f297bcc2be6c291e5
HRF-0125,大洋洲,Australia,Melbourne,Melbourne CBD 54th-floor lift-shaft fire,2020-11-18,建筑疏散，1人交由急救人员评估/处置；无死亡,https://www.frv.vic.gov.au/fire-melbourne-cbd-lift-shaft,-37.8136,144.9631,高层建筑火灾,施工中高层建筑,火点位于54层,未检索到,施工中,0.0,1.0,,消防部门判定为意外起火；具体机制未公布,电梯井区域烟气扩散至其他楼层,施工期高层疏散与排烟持续约1小时；火警控制盘及时报警,建筑疏散，1人交由急救人员评估/处置；无死亡,2020,frv.vic.gov.au,A,Melbourne,Unknown/other,,54.0,False,False,False,False,True,False,True,True,core_eligible,386eb556101286e4dce89060d1d60ca105f5f54e97db3d3f297bcc2be6c291e5
HRF-0126,亚洲,中国 / China,"众鑫大厦，建设大街与范西路交叉口，长安区，石家庄市，河北省 / Zhongxin Building, Jianshe Street–Fanxi Road intersection, Chang'an District, Shijiazhuang, Hebei",石家庄众鑫大厦火灾 / Shijiazhuang Zhongxin Building fire,2021-03-09,石家庄众鑫大厦外墙保温材料起火，人员安全撤离，无人员伤亡。,https://m.news.cctv.com/2021/03/09/ARTIkv1nn738loGZrG2o3wrK210309.shtml,38.04139,114.47861,高层建筑外立面火灾,办公楼/写字楼,26层，高111.6米,外墙由低层蔓延至20层以上及楼顶,2003年建成,0.0,0.0,,未检索到/待核实,外墙保温材料由低层迅速向20层以上蔓延,高层外墙扑救高度受限，一度使用101米举高平台作业车,楼内人员及附近7栋居民楼居民安全撤离，无人员伤亡,2021,m.news.cctv.com,A,Shijiazhuang,Office/government,111.6,26.0,False,False,False,True,True,False,True,True,core_eligible,386eb556101286e4dce89060d1d60ca105f5f54e97db3d3f297bcc2be6c291e5
HRF-0127,欧洲,France,Paris,"Helsinki Tower, 50 rue du Disque fire",2021-08-13,"Helsinki Tower, 50 rue du Disque高层建筑火灾；建筑高度记录为 ~100 m。死亡人数：1。18th of 33 flrs, apt possibly linked to Diogenes syndrome (hoarding), spread prevented via compartmentation, contained after 2 hrs, ~70 firefighters, 2 hoses, 1 killed (carbonized body), 4 injured (2 were firefighters with heatstroke).",https://www.bfmtv.com/paris/paris-un-mort-et-quatre-blesses-dans-un-incendie-quartier-olympiades_AN-202108130293.html,48.85341,2.3488,高层建筑火灾,未检索到,~100 m,未检索到,未检索到,1.0,4.0,,未检索到/待核实,未检索到/待核实,未检索到/待核实,"死亡人数：1。18th of 33 flrs, apt possibly linked to Diogenes syndrome (hoarding), spread prevented via compartmentation, contained after 2 hrs, ~70 firefighters, 2 hoses, 1 killed (carbonized body), 4 injured (2 were firefighters with heatstroke).",2021,bfmtv.com,B,Paris,Unknown/other,100.0,,False,False,False,False,True,False,True,True,core_eligible,386eb556101286e4dce89060d1d60ca105f5f54e97db3d3f297bcc2be6c291e5
HRF-0128,欧洲,Italy,"Via Antonini, Milan, Lombardy, Italy",Torre dei Moro fire,2021-08-29,米兰18层住宅塔楼外墙构件在短时间内几乎全高燃烧。,https://www.senato.it/show-doc?id=1348602&leg=18&tipodoc=Sindispr,45.4376,9.1805,high-rise residential façade fire,residential,19 storeys,20,completed around 2011,0.0,0.0,,最终起火原因需查意大利调查结论；外墙覆层促进快速蔓延。,外墙覆层使火势在约19层住宅楼立面迅速蔓延，2026年法院已就面板对传播的作用作出责任判决。,外墙材料合规、产品责任及建筑消防设计是主要韧性问题；事故中居民全部疏散且无死亡。,无人死亡；建筑外立面严重烧损,2021,senato.it,B,Via Antonini,Residential,,19.0,False,False,False,True,True,False,True,True,core_eligible,386eb556101286e4dce89060d1d60ca105f5f54e97db3d3f297bcc2be6c291e5
HRF-0129,亚洲,"中国台湾 / Taiwan, China","城中城大楼，高雄市盐埕区 / Cheng Chung Cheng Building, Yancheng District, Kaohsiung",高雄城中城大楼火灾 / 2021 Kaohsiung Cheng Chung Cheng Building fire,2021-10-14,Cheng Chung Cheng Building高层建筑火灾；建筑高度记录为 未列明。死亡人数：46。2021 Kaohsiung tower fire,https://www.ksc.moj.gov.tw/296352/296356/296398/950533/post,22.61626,120.31333,高层建筑火灾,未检索到,13层，另有2层地下空间,未检索到,约1981年建成，事发约40年，明确老旧高层,46.0,41.0,,检方认定被告故意点燃1层物品，按纵火及杀人罪起诉,1层停放的大量摩托车助燃，部分防火门被拆除，杂物与烟气沿废弃商业空间扩散,老旧混合用途大楼部分楼层废弃、消防与工务机关主动管理不足、防火分隔和疏散条件薄弱,46人死亡、41人受伤,2021,ksc.moj.gov.tw,A,Kaohsiung,Unknown/other,,13.0,False,True,False,False,True,False,True,True,core_eligible,386eb556101286e4dce89060d1d60ca105f5f54e97db3d3f297bcc2be6c291e5
HRF-0130,亚洲,"中国香港特别行政区 / Hong Kong SAR, China","世贸中心，铜锣湾，香港特别行政区 / World Trade Centre, Causeway Bay, Hong Kong SAR",香港铜锣湾世贸中心三级火 / World Trade Centre Hong Kong fire,2021-12-15,香港铜锣湾世贸中心发生三级火警，13人送院，超过300人一度被困天台。,https://www.chinanews.com.cn/m/ga/2021/12-15/9630604.shtml,22.27832,114.17469,高层建筑内部火灾,商业综合楼,39层天台曾有人员被困；建筑总层数待统一,1至2楼电表房起火，烟气影响多层,未检索到,0.0,13.0,,未检索到/待核实,翻新工程期间电表房浓烟经商场扩散,低层消防系统关闭及翻新施工状态增加疏散和搜救难度,13人不适送院，一度有超过300人被困天台后获救,2021,chinanews.com.cn,B,Hong Kong,Commercial,,39.0,False,False,False,False,True,False,True,True,core_eligible,386eb556101286e4dce89060d1d60ca105f5f54e97db3d3f297bcc2be6c291e5
HRF-0131,北美洲,United States,"New York City, New York",Twin Parks North West apartment fire,2022-01-09,A fire in a third-floor duplex of a 19-storey apartment building spread lethal smoke through open doors and stairs.,https://en.wikipedia.org/wiki/2022_Bronx_apartment_fire,40.8532,-73.8897,high-rise building fire,residential,19 floors,未检索到,completed 1972; older high-rise,17.0,44.0,,electric space heater ignited a mattress,未检索到/待核实,未检索到/待核实,17 deaths and 44 injuries.,2022,en.wikipedia.org,C,New York City,Residential,,19.0,False,False,False,False,True,False,True,False,compendium_only_source,386eb556101286e4dce89060d1d60ca105f5f54e97db3d3f297bcc2be6c291e5
HRF-0132,亚洲,中国 / China,"中国电信荷花园大院第二长途电信枢纽楼，芙蓉区，长沙市，湖南省 / China Telecom Lotus Garden Second Long-distance Telecom Hub, Furong District, Changsha, Hunan",长沙中国电信荷花园第二长途电信枢纽楼“9·16”火灾 / Changsha China Telecom Lotus Garden Building fire,2022-09-16,长沙中国电信荷花园第二长途电信枢纽楼外立面发生大面积火灾，无人员伤亡。,https://www.fire114.cn/index/article/detail?i=122464,28.19874,112.97087,高层建筑外立面火灾,office/government,218 m,外立面由低层向楼顶大范围蔓延；逐层受影响范围待核实,未检索到,0.0,,,未熄灭烟头引燃7层室外平台的纸板、朽木、碎木和竹夹板。,平台可燃物继而引燃建筑外墙铝塑板，造成外立面快速燃烧。,火源和可燃物管理不善，企业安全生产主体责任及隐患治理不足。,无人员伤亡；调查报告转引材料称直接经济损失约791.36万元。,2022,fire114.cn,B,China Telecom Lotus Garden Second Long-distance Telecom Hub,Office/government,218.0,,False,False,False,True,True,False,True,True,core_eligible,386eb556101286e4dce89060d1d60ca105f5f54e97db3d3f297bcc2be6c291e5
HRF-0133,亚洲,"中国香港特别行政区 / Hong Kong SAR, China","海员之家重建地盘，中间道11号，尖沙咀，九龙，香港特别行政区 / Mariner's Club redevelopment site, 11 Middle Road, Tsim Sha Tsui, Kowloon, Hong Kong SAR",香港尖沙咀海员之家重建地盘棚架火灾 / Tsim Sha Tsui Mariner's Club redevelopment-site scaffolding fire,2022-09-21,香港尖沙咀海员之家重建地盘8楼棚架起火，约50名工人疏散。,https://www.info.gov.hk/gia/general/202404/10/P2024041000382.htm,22.27832,114.17469,在建高层建筑火灾,在建酒店及海员会所综合楼,规划约42层；起火位置为8楼棚架,8楼棚架,未检索到,0.0,0.0,50.0,有报道指弃置烟蒂留下火种，尚待直接官方调查原文核实,8楼棚架起火,同一地盘在2023年3月再次发生更严重的四级火，必须作为两个独立事件区分,约50名工人疏散，无人员伤亡,2022,info.gov.hk,A,Hong Kong,Hotel,,42.0,False,False,True,False,True,False,True,True,core_eligible,386eb556101286e4dce89060d1d60ca105f5f54e97db3d3f297bcc2be6c291e5
HRF-0134,亚洲,Pakistan,Islamabad,2022 The Centaurus Mall Fire Incident,2022-10-09,The Centaurus高层建筑火灾；建筑高度记录为 110 m。死亡人数：0。2022 The Centaurus Mall Fire Incident,https://tribune.com.pk/story/2381606/probe-fails-to-find-cause-of-mall-fire?amp=1,33.72148,73.04329,高层建筑火灾,commercial/retail,110 m,未检索到,未检索到,0.0,,,最终公开调查报道未发现明确点火原因；火灾起自餐饮区，但不应把食用油或可燃物本身写成点火源。,餐饮区存放大量可燃物，厨房材料、线路和设备不符合安全要求，烟气向上部楼层聚集。,自动消防装置有缺陷，缺少消防安全NOC/正式使用批准，未配备训练有素的内部消防人员，长期整改通知未落实。,现场人员全部获救，无死亡或受伤报告。,2022,tribune.com.pk,B,Islamabad,Commercial,110.0,,False,False,False,False,True,False,True,True,core_eligible,386eb556101286e4dce89060d1d60ca105f5f54e97db3d3f297bcc2be6c291e5
HRF-0135,亚洲,Turkey,İstanbul,Elite Concept fire,2022-10-15,Elite Concept高层建筑火灾；建筑高度记录为 80 m。死亡人数：0。Originated from external cladding.,https://en.wikipedia.org/wiki/List_of_fires_in_high-rise_buildings,41.01384,28.94966,高层建筑火灾,未检索到,80 m,未检索到,未检索到,,,,Originated from external cladding.,专题汇编仅称火灾在外墙区域发展；外墙究竟是起火部位还是扩散路径仍缺独立来源。,未检索到/待核实,死亡人数：0。Originated from external cladding.,2022,en.wikipedia.org,C,İstanbul,Unknown/other,80.0,,False,False,False,True,True,False,True,False,compendium_only_source,386eb556101286e4dce89060d1d60ca105f5f54e97db3d3f297bcc2be6c291e5
HRF-0136,北美洲,United States,"New York City, New York",RiverCourt lithium-ion battery fire,2022-11-05,A lithium-ion battery fire in the RiverCourt high-rise required a rope rescue from an upper-floor window.,https://ctif.org/sites/default/files/2025-08/CTIF_Report30.pdf,40.7548,-73.9651,high-rise building fire,residential,about 38 floors; 108.1 m,未检索到,older residential tower,0.0,38.0,,lithium-ion battery in an electric bicycle/scooter,未检索到/待核实,未检索到/待核实,"No deaths; 38 injuries, including critical and serious cases.",2022,ctif.org,C,New York City,Residential,108.1,38.0,False,False,False,False,True,False,True,False,compendium_only_source,386eb556101286e4dce89060d1d60ca105f5f54e97db3d3f297bcc2be6c291e5
HRF-0137,亚洲,United Arab Emirates,Dubai,2022 8 Boulevard Walk high-rise fire,2022-11-07,8 Boulevard Walk高层建筑火灾；建筑高度记录为 123 m。死亡人数：0。,https://gulfnews.com/uae/uae-downtown-dubai-high-rise-fire-put-out-successfully-1.91799606,25.07725,55.30927,高层建筑火灾,residential,123 m,35,未检索到,0.0,0.0,,公开来源未披露最终点火原因。,中等强度火灾影响高层建筑外立面。,公开报道未确认消防系统失效；消防队接报约5分钟到场并完成疏散。,所有住户安全疏散，无人员伤亡。,2022,gulfnews.com,B,Dubai,Residential,123.0,,False,False,False,False,True,False,True,True,core_eligible,386eb556101286e4dce89060d1d60ca105f5f54e97db3d3f297bcc2be6c291e5
HRF-0138,亚洲,中国 / China,"吉祥苑小区，天山区，乌鲁木齐市，新疆维吾尔自治区 / Jixiangyuan Community, Tianshan District, Ürümqi, Xinjiang",乌鲁木齐吉祥苑小区“11·24”高层住宅火灾 / 2022 Ürümqi Jixiangyuan high-rise fire,2022-11-24,Jixiangyuan community高层建筑火灾；建筑高度记录为 ~60 m (21 floors) m。死亡人数：11。2022 Ürümqi fire,https://www.xinjiang.gov.cn/xinjiang/xwfb/202301/28b1863558ba4eff8608863c1eee46e1.shtml,43.80096,87.60046,高层建筑火灾,residential,21层，约60 m；起火在15层,未检索到,建成年份未检索到/待核实,10.0,9.0,514.0,初步判定1502室卧室插线板/电器线路故障起火；官方说明具体原因仍在进一步调查。,火由15层蔓延至17层，烟气扩散至21层,小区通道狭窄且路侧停车影响大型消防车进入和作业；其他争议因素未采用未经证实网络说法,10人死亡、9人受伤；原表日期2022-11-26和死亡11人均应更正,2022,xinjiang.gov.cn,A,Jixiangyuan Community,Residential,60.0,21.0,False,False,False,False,True,False,True,True,core_eligible,386eb556101286e4dce89060d1d60ca105f5f54e97db3d3f297bcc2be6c291e5
HRF-0139,亚洲,"中国香港特别行政区 / Hong Kong SAR, China","海员之家重建地盘，中间道11号，尖沙咀，九龙，香港特别行政区 / Mariner's Club redevelopment site, 11 Middle Road, Tsim Sha Tsui, Kowloon, Hong Kong SAR",香港尖沙咀海员之家重建地盘四级火 / 2023 Tsim Sha Tsui Mariner's Club redevelopment-site fire,2023-03-02,香港尖沙咀海员之家重建地盘发生四级火，火势波及多层棚架和邻近建筑。,https://www.info.gov.hk/gia/general/202303/03/P2023030300171.htm,22.27832,114.17469,在建高层建筑火灾,在建酒店及海员会所综合楼,约42至48层；公开报道口径存在差异,多层棚架和外立面,未检索到,0.0,2.0,170.0,最终起火原因未公布,干燥大风和外墙棚架物料促使火势波及多层及邻近建筑,在建高层消防装置尚未启用，增加灭火难度,香港政府早间通报称当时未接获伤亡；其他媒体后续伤者数字存在2至3人的差异,2023,info.gov.hk,A,Hong Kong,Hotel,,48.0,False,False,True,False,True,False,True,True,core_eligible,386eb556101286e4dce89060d1d60ca105f5f54e97db3d3f297bcc2be6c291e5
HRF-0140,大洋洲,Australia,Sydney,Darlinghurst 15th-floor apartment fire,2023-04-09,无居民死亡；1名消防员送医观察，两名老年住户经评估无碍,https://www.fire.nsw.gov.au/media/news/2023/20230409-fire-and-rescue-nsw-crews-extinguish-fire-in-high-rise-building,-33.879,151.219,高层建筑火灾,住宅高层,火点位于15层；官方明确称高层建筑,未检索到,未检索到,0.0,1.0,,消防通报时原因未知，后续调查结果未检索到,烟气广泛进入公共区域，其他楼层住户被要求留在单元内避烟,自动火警先报警；消防快速控制单元火，邻近住户由消防员护送撤离,无居民死亡；1名消防员送医观察，两名老年住户经评估无碍,2023,fire.nsw.gov.au,A,Sydney,Residential,,15.0,False,False,False,False,True,False,True,True,core_eligible,386eb556101286e4dce89060d1d60ca105f5f54e97db3d3f297bcc2be6c291e5
HRF-0141,亚洲,Vietnam,Hanoi,2023 Hanoi high-rise apartment fire,2023-09-12,Unnamed Apartment Block高层建筑火灾；建筑高度记录为 未列明。死亡人数：56。2023 Hanoi building fire,https://vkshanoi.gov.vn/Tin-t%E1%BB%A9c/Ho%E1%BA%A1t-%C4%91%E1%BB%99ng-%C4%91o%C3%A0n-th%E1%BB%83/truy-t%E1%BB%91-08-b%E1%BB%8B-can-trong-v%E1%BB%A5-ch225y-chung-c%C6%B0-mini-l224m-56-ng%C6%B0%E1%BB%9Di-ch%E1%BA%BFt-%E1%BB%9F-h224-n%E1%BB%99i,21.0245,105.84117,高层建筑火灾,residential,9层主体加阁楼/10层口径；应在主表注明口径,未检索到,约2015年前后取得低层许可后违规加建，事发约8年；并非老旧但属治理脆弱建筑,56.0,44.0,,一层停车区一辆燃油摩托车蓄电池附近电线短路起火,停车区大量摩托车与可燃物产生浓烟；单一狭窄通道和封闭式建筑使烟气困住住户,违法加建/超许可层数、缺少第二疏散出口、狭窄街巷阻碍消防车接近，消防审批与基层监管薄弱,56人死亡、44人受伤（后续检察机关起诉口径）,2023,vkshanoi.gov.vn,A,Hanoi,Residential,,9.0,False,False,False,False,True,False,True,True,core_eligible,386eb556101286e4dce89060d1d60ca105f5f54e97db3d3f297bcc2be6c291e5
HRF-0142,非洲,Sudan,Khartoum,Greater Nile Petroleum Oil Company Tower fire,2023-09-17,Greater Nile Petroleum Oil Company Tower高层建筑火灾；建筑高度记录为 65.72 m。死亡人数：?。Occurred during War in Sudan (2023),https://apnews.com/article/0576e4fa145222a60f448af3cd88ab64,15.55177,32.53241,高层建筑火灾,石油公司办公总部,18层；约65.7米,未检索到,2011年前石油繁荣期建成,,,,建筑在苏丹军方与快速支援部队激战期间起火；现有可靠来源无法确定由哪一方、何种武器或机制点燃,玻璃幕墙高层在战斗环境中大范围燃烧，无法获得常规消防处置条件,持续城市战争使消防、供水、疏散和现场调查能力失效；具体建筑系统表现无可靠资料,18层石油公司总部塔楼被严重焚毁、成为冒烟残骸；人员伤亡无法从事件级来源确认,2023,apnews.com,B,Khartoum,Office/government,65.7,18.0,False,False,False,False,True,False,True,True,core_eligible,386eb556101286e4dce89060d1d60ca105f5f54e97db3d3f297bcc2be6c291e5
HRF-0143,欧洲,Spain,València,2024 València Campanar residential-complex fire,2024-02-22,2024 València residential complex fire,https://www.rtve.es/noticias/20250530/juzgado-archiva-causa-incendio-campanar/16603890.shtml,39.47391,-0.37966,高层建筑火灾,residential,14 storeys,14,modern residential complex,10.0,,,司法程序将火灾认定为意外，起源为住宅冰箱制冷剂泄漏；具体点火火花机制仍不能完全确定。,铝板聚乙烯芯外墙、阳台构型和约60公里/小时强风使外立面在极短时间内全面燃烧，并从外部突破防火分隔。,‘留守原位’策略依赖的分隔被外墙火灾破坏；火势发展速度超过常规疏散和救援能力。,10人死亡、15人受伤。,2024,rtve.es,B,València,Residential,,14.0,False,False,False,False,True,False,True,True,core_eligible,386eb556101286e4dce89060d1d60ca105f5f54e97db3d3f297bcc2be6c291e5
HRF-0144,亚洲,中国 / China,"明尚西苑6号楼2单元，雨花台区，南京市，江苏省 / Building 6, Mingshang Xiyuan, Yuhuatai District, Nanjing, Jiangsu",南京雨花台区明尚西苑“2·23”重大火灾 / 2024 Nanjing Yuhuatai high-rise fire,2024-02-23,Unnamed Highrise高层建筑火灾；建筑高度记录为 未列明。死亡人数：15。2024 Nanjing building fire,https://js.119.gov.cn/202412/a86ec2cee62446249eae11176947ceee_c_f2f4ef2bfc6448109e82.html,32.06167,118.77778,高层建筑火灾,未检索到,34层住宅楼,未检索到,约2013年底交付，事发约10年，不属典型老旧楼宇,15.0,44.0,,住户违规改装电动自行车使用的超标大容量锂离子电池热失控，在6号楼2单元东侧架空层起火,引燃周边电动自行车及天井内违建和堆放可燃物；烟囱效应使火焰和有毒烟气突破多层外窗进入室内,物业消防设施维护不到位、未及时发现与疏散、消防控制室值守处置不规范；监管对电动自行车聚合风险认识和整治不足,15人死亡、2人重伤、42人轻伤或轻微伤；直接经济损失3300余万元,2024,js.119.gov.cn,A,Mingshang Xiyuan,Unknown/other,,34.0,False,False,False,False,True,False,True,True,core_eligible,386eb556101286e4dce89060d1d60ca105f5f54e97db3d3f297bcc2be6c291e5
HRF-0145,亚洲,Bangladesh,Dhaka,2024 Dhaka Bailey Road fire,2024-02-29,Green Cozy Cottage Shopping Mall高层建筑火灾；建筑高度记录为 未列明。死亡人数：46。2024 Dhaka Bailey Road fire,https://bdnews24.com/bangladesh/ebf0sp6iql,23.7104,90.40744,高层建筑火灾,commercial/retail,约7层（另有屋顶违规改造），不满足许多标准下的高层阈值,未检索到,楼龄未检索到/待核实,46.0,20.0,,消防调查认定地面层茶饮店电热水壶短路起火,泄漏的液化石油气/燃气瓶、易燃装修材料和密集餐饮负荷使火势及烟气迅速扩散,无有效消防出口、楼梯和出口被燃气瓶等阻塞、违规餐饮用途及部分出口上锁，通风不足,46人死亡，其中43人主要死于窒息、3人死于烧伤；20余人重伤/受伤,2024,bdnews24.com,B,Dhaka,Commercial,,7.0,False,False,False,False,True,False,True,True,core_eligible,386eb556101286e4dce89060d1d60ca105f5f54e97db3d3f297bcc2be6c291e5
HRF-0146,欧洲,Russia,Tver,fire,2024-03-14,高层建筑火灾；建筑高度记录为 未列明。死亡人数：0。Occurred during construction,https://en.wikipedia.org/wiki/List_of_fires_in_high-rise_buildings,56.85836,35.90057,高层建筑火灾,未检索到,未检索到,未检索到,未检索到,0.0,,,未检索到/待核实,未检索到/待核实,未检索到/待核实,死亡人数：0。Occurred during construction,2024,en.wikipedia.org,C,Tver,Unknown/other,,,False,False,True,False,True,False,True,False,compendium_only_source,386eb556101286e4dce89060d1d60ca105f5f54e97db3d3f297bcc2be6c291e5
HRF-0147,南美洲,Brazil,Recife,Botanik Torre Flora construction fire,2024-03-28,A large fire affected the upper portion/roof of the high-rise residential building while under construction.,https://www.creape.org.br/crea-pe-acompanha-andamento-das-investigacoes-e-ensaios-tecnicos-do-predio-incendiado-no-recife/,-8.0476,-34.905,high-rise building fire,在建住宅,28层,未检索到,施工中,0.0,0.0,,Crea-PE称原因仍在调查；伯南布哥州公共安全部门仅提出电气短路可能性，不能作为最终原因。,施工材料和上部未完工外立面使火蔓延至至少7层,施工期固定消防系统未完整投入；消防和民防逐层检查后称无即时坍塌风险,28层在建住宅楼至少7层受火；无人死亡或受伤，周边道路封控,2024,creape.org.br,B,Recife,Residential,,28.0,False,False,True,False,True,False,True,True,core_eligible,386eb556101286e4dce89060d1d60ca105f5f54e97db3d3f297bcc2be6c291e5
HRF-0148,亚洲,United Arab Emirates,未检索到,"4 April – A fire at a 39-story residential apartment building in Sharjah, United Arab Emirates, killed five people and i",2024-04-04,"4 April – A fire at a 39-story residential apartment building in Sharjah, United Arab Emirates, killed five people and injured 44 others.",https://english.alarabiya.net/News/gulf/2024/04/06/sharjah-building-fire-leaves-5-dead-dozens-hospitalized,,,建筑/结构火灾,未检索到,39-story,未检索到,未检索到,,,,未检索到/待核实,未检索到/待核实,未检索到/待核实,"4 April – A fire at a 39-story residential apartment building in Sharjah, United Arab Emirates, killed five people and injured 44 others.",2024,english.alarabiya.net,B,未检索到,Unknown/other,,,False,False,False,False,False,False,False,False,invalid_or_missing_geocode,386eb556101286e4dce89060d1d60ca105f5f54e97db3d3f297bcc2be6c291e5
HRF-0149,欧洲,France,"146 rue de Charonne, Paris, Île-de-France, France",146 rue de Charonne fire,2024-04-07,巴黎一栋12层建筑7层发生火灾。,https://en.wikipedia.org/wiki/List_of_high-rise_fa%C3%A7ade_fires,48.854,2.389,high-rise residential fire,residential / mixed-use to verify,12 storeys; fire on 7th floor,7th of 12,未检索到,3.0,0.0,,未核实。,未检索到/待核实,未检索到/待核实,3人死亡；表中未记录受伤。,2024,en.wikipedia.org,C,146 rue de Charonne,Residential,,12.0,False,False,False,False,True,False,True,False,compendium_only_source,386eb556101286e4dce89060d1d60ca105f5f54e97db3d3f297bcc2be6c291e5
HRF-0150,大洋洲,Australia,Melbourne,Box Hill 30-storey residential complex pump-room fire,2024-05-21,约250人疏散；无人员受伤，无人需接受烟气吸入治疗,https://www.frv.vic.gov.au/sites/default/files/2025-03/fire-rescue-victoria-annual-report-2023-24.pdf,-37.8189,145.1246,高层建筑火灾,住宅高层综合体,30层,未检索到,未检索到,0.0,0.0,250.0,起火于地下室泵房；具体点火机制未公布,烟气进入高层建筑并导致全楼清烟作业,约250人通过楼梯疏散，消防逐层搜索并与警方、急救协同,约250人疏散；无人员受伤，无人需接受烟气吸入治疗,2024,frv.vic.gov.au,A,Melbourne,Residential,,30.0,False,False,False,False,True,False,True,True,core_eligible,386eb556101286e4dce89060d1d60ca105f5f54e97db3d3f297bcc2be6c291e5
HRF-0151,欧洲,France,Paris,"Asia of Ivry (fr, Asie d'Ivry) Wholesaler Chinese Pastry, 50 Av. de la Prte d'Ivry fire",2024-09-17,"Asia of Ivry (fr, Asie d'Ivry) Wholesaler Chinese Pastry, 50 Av. de la Prte d'Ivry高层建筑外立面火灾。死亡 0，受伤 2；表中记录的受影响楼层为 7th (attic)。",https://english.news.cn/europe/20240918/4f5f1d3157c342bba3a376dc712960fe/c.html,48.85341,2.3488,高层建筑外立面火灾,未检索到,21 m,7th (attic),未检索到,0.0,2.0,,未检索到/待核实,未检索到/待核实,未检索到/待核实,死亡 0，受伤 2；表中记录的受影响楼层为 7th (attic)。,2024,english.news.cn,B,Paris,Unknown/other,21.0,,False,False,False,True,True,False,True,True,core_eligible,386eb556101286e4dce89060d1d60ca105f5f54e97db3d3f297bcc2be6c291e5
HRF-0152,欧洲,France,Paris,26 Avenue d'Iéna fire,2024-12-13,26 Avenue d'Iéna高层建筑外立面火灾。死亡 0，受伤 0；表中记录的受影响楼层为 7th。,https://www.sortiraparis.com/en/news/in-paris/articles/322526-fire-in-progress-avenue-d-iena-in-paris-16th-arrondissement,48.85341,2.3488,高层建筑外立面火灾,未检索到,未检索到,7th,未检索到,0.0,0.0,,未检索到/待核实,未检索到/待核实,未检索到/待核实,死亡 0，受伤 0；表中记录的受影响楼层为 7th。,2024,sortiraparis.com,B,Paris,Unknown/other,,,False,False,False,True,True,False,True,True,core_eligible,386eb556101286e4dce89060d1d60ca105f5f54e97db3d3f297bcc2be6c291e5
HRF-0153,欧洲,France,Paris,"GMF Assurances, 1 rue de la Pépinière fire",2024-12-24,"GMF Assurances, 1 rue de la Pépinière高层建筑外立面火灾。死亡 0，受伤 1；表中记录的受影响楼层为 Top flr。",https://www.sortiraparis.com/en/news/in-paris/articles/322834-fire-in-front-of-gare-saint-lazare-building-destroys-paris-8e-avoid-the-area,48.85341,2.3488,高层建筑外立面火灾,未检索到,未检索到,Top flr,未检索到,0.0,1.0,,未检索到/待核实,未检索到/待核实,未检索到/待核实,死亡 0，受伤 1；表中记录的受影响楼层为 Top flr。,2024,sortiraparis.com,B,Paris,Unknown/other,,,False,False,False,True,True,False,True,True,core_eligible,386eb556101286e4dce89060d1d60ca105f5f54e97db3d3f297bcc2be6c291e5
HRF-0154,亚洲,Indonesia,Jakarta,雅加达格洛杜克广场火灾 / Glodok Plaza fire,2025-01-15,9层商场火灾至少发现9名死者，最初14人报失踪，仍有5人未在公开资料中完成最终状态统一,https://bpbd.jakarta.go.id/berita/QS9kSVpiWmZCdzkwZ2R4aGNmRlBUUT09/monitoring-dan-koordinasi-dengan-organisasi-perangkat-daerah-opd-dki,-6.2088,106.8456,高层建筑火灾,商业商场,9层；7–9层受影响,未检索到,老旧商场，具体建成年份待核实,9.0,,,最终起火原因未公布；起火楼层存在7层与9层说法,火势波及7–9层，高温、浓烟及屋顶坍塌妨碍搜救,失踪人员搜寻和遗体识别持续多日,9层商场火灾至少发现9名死者，最初14人报失踪，仍有5人未在公开资料中完成最终状态统一,2025,bpbd.jakarta.go.id,B,Jakarta,Commercial,,9.0,False,False,False,False,True,False,True,True,core_eligible,386eb556101286e4dce89060d1d60ca105f5f54e97db3d3f297bcc2be6c291e5
HRF-0155,亚洲,Turkey,"Kartalkaya, Bolu Province",2025 Kartalkaya hotel fire,2025-01-21,Grand Kartal Hotel高层建筑火灾；建筑高度记录为 43.50 m。死亡人数：79。2025 Kartalkaya hotel fire,https://www.aa.com.tr/tr/gundem/kartalkayadaki-otel-yanginina-iliskin-bilirki%C5%9Fi-raporu-hazirlandi/3517637,40.73583,31.60611,高层建筑火灾,hotel,12层，约43.5 m,未检索到,1978年建成、2015年翻修，事发约47年，属老旧建筑,78.0,133.0,,4层厨房电烤盘火花点燃附近垃圾桶，随后烧熔液化石油气软管并引燃泄漏燃气,大量木质内装、可燃保温材料及门窗开启形成气流；楼梯/竖井成为烟气通道,报警和喷淋系统不工作或不足、员工报警与疏散延误、LPG总阀难以操作、改造封闭楼梯顶部自然排烟,78人死亡、133人受伤；原表79人应修正为78,2025,aa.com.tr,B,Kartalkaya,Hotel,43.5,12.0,False,False,False,False,True,False,True,True,core_eligible,386eb556101286e4dce89060d1d60ca105f5f54e97db3d3f297bcc2be6c291e5
HRF-0156,大洋洲,Australia,Melbourne,墨尔本Footscray公寓塔火灾 / Footscray apartment-tower fire,2025-01-23,28层住宅塔14层起火，约100人疏散；未报告伤亡,https://maribyrnonghobsonsbay.starweekly.com.au/news/fire-forces-footscray-tower-evacuation/,-37.8136,144.9631,高层建筑火灾,住宅,28层；14层起火,未检索到,未检索到,0.0,0.0,100.0,未公布/待核实,火灾发生于28层住宅塔楼14层,约100名住户需夜间疏散,28层住宅塔14层起火，约100人疏散；未报告伤亡,2025,maribyrnonghobsonsbay.starweekly.com.au,B,Melbourne,Residential,,28.0,False,False,False,False,True,False,True,True,core_eligible,386eb556101286e4dce89060d1d60ca105f5f54e97db3d3f297bcc2be6c291e5
HRF-0157,欧洲,France,Paris,The 12th District Town Hall fire,2025-01-27,"The 12th District Town Hall高层建筑火灾；建筑高度记录为 36 m。死亡人数：0。Top flrs, possible electrical short in attic, 150 firefighters saved main structure, tower stabilized after collapse risk.",https://apnews.com/article/paris-town-hall-fire-bell-tower-c6ff46a0f000b28d2a4cffb30ae82f08,48.85341,2.3488,高层建筑火灾,未检索到,36 m,Top flrs,未检索到,0.0,,,"Top flrs, possible electrical short in attic, 150 firefighters saved main structure, tower stabilized after collapse risk.",未检索到/待核实,未检索到/待核实,"死亡人数：0。Top flrs, possible electrical short in attic, 150 firefighters saved main structure, tower stabilized after collapse risk.",2025,apnews.com,B,Paris,Unknown/other,36.0,,False,False,False,False,True,False,True,True,core_eligible,386eb556101286e4dce89060d1d60ca105f5f54e97db3d3f297bcc2be6c291e5
HRF-0158,亚洲,Philippines,Manila,马尼拉Anchor Skysuites公寓火灾 / Anchor Skysuites condominium fire,2025-01-29,56层公寓35层火灾造成2名家政人员死亡；财产损失约450万菲律宾比索,https://newsinfo.inquirer.net/2029269/fwd-bfp-2-dead-after-fire-hits-condo-in-manila-on-chinese-new-year,14.5995,120.9842,高层建筑火灾,住宅公寓,56层；35层起火,未检索到,未检索到,2.0,,,未公布/菲律宾消防局调查中,35层住宅单元起火,超高层住宅搜救和烟气控制,56层公寓35层火灾造成2名家政人员死亡；财产损失约450万菲律宾比索,2025,newsinfo.inquirer.net,B,Manila,Residential,,56.0,False,False,False,False,True,False,True,True,core_eligible,386eb556101286e4dce89060d1d60ca105f5f54e97db3d3f297bcc2be6c291e5
HRF-0159,南美洲,Argentina,Buenos Aires,布宜诺斯艾利斯雷诺阿二号塔火灾 / Torre Renoir II fire,2025-02-11,51层住宅塔约11层机房起火，烟气影响至高层；100余人疏散，约40人接受烟气评估，其中3人送医,https://www.ctif.org/news/ceiling-vents-likely-contributed-rapid-fire-spread-buenos-aires-skyscraper,-34.6037,-58.3816,高层建筑火灾,住宅,51层；约172–175米,未检索到,约2012年完工,0.0,40.0,100.0,初步指向空调设备区域的电气故障，最终原因仍待调查,机房吊顶通风路径可能促使烟火向上扩散,超高层机电空间火灾导致大规模垂直疏散,51层住宅塔约11层机房起火，烟气影响至高层；100余人疏散，约40人接受烟气评估，其中3人送医,2025,ctif.org,C,Buenos Aires,Residential,175.0,51.0,False,False,False,False,True,False,True,False,compendium_only_source,386eb556101286e4dce89060d1d60ca105f5f54e97db3d3f297bcc2be6c291e5
HRF-0160,亚洲,"中国台湾 / Taiwan, China","新光三越台中中港店，西屯区，台中市 / Shin Kong Mitsukoshi Taichung Zhonggang Store, Xitun District, Taichung",台中新光三越中港店气爆火灾 / Shin Kong Mitsukoshi Taichung explosion and fire,2025-02-13,百货12层气爆及火灾造成5人死亡、38人受伤,https://www.cy.gov.tw/News_Content.aspx?n=792&s=35208,24.1477,120.6736,高层建筑火灾,大型商业百货,爆炸位于12层,未检索到,约2000年开业,5.0,38.0,,装修施工期间天然气泄漏并爆炸；检方已就相关人员过失起诉,12层装修区域天然气积聚，爆炸造成楼板、外墙和坠落物破坏,未依法申请室内装修许可及消防防护计划，施工与天然气管理协调失效,百货12层气爆及火灾造成5人死亡、38人受伤,2025,cy.gov.tw,A,Shin Kong Mitsukoshi Taichung Zhonggang Store,Commercial,,12.0,False,False,True,False,True,False,True,True,core_eligible,386eb556101286e4dce89060d1d60ca105f5f54e97db3d3f297bcc2be6c291e5
HRF-0161,北美洲,Canada,Toronto,多伦多Grenoble Drive高层公寓火灾 / Grenoble Drive high-rise fire,2025-03-19,21层住宅发生两级火灾；后续确认1人死亡，另1人重伤,https://toronto.citynews.ca/2025/03/19/man-woman-in-critical-condition-afer-2-alarm-blaze-in-flemingdon-park/,43.6532,-79.3832,高层建筑火灾,住宅,高层住宅；21层单元起火,未检索到,未检索到,1.0,1.0,,未公布/调查中,21层住宅单元内发生严重火灾,高层救援后两名住户一度危重,21层住宅发生两级火灾；后续确认1人死亡，另1人重伤,2025,toronto.citynews.ca,B,Toronto,Residential,,21.0,False,False,False,False,True,False,True,True,core_eligible,386eb556101286e4dce89060d1d60ca105f5f54e97db3d3f297bcc2be6c291e5
HRF-0162,北美洲,Canada,Burnaby,本拿比Kingsway高层公寓火灾 / Burnaby Kingsway high-rise fire,2025-03-20,19层高层住宅4层起火；15人送医，其中3人情况严重；约20人失所,https://vancouver.citynews.ca/2025/03/20/burnaby-apartment-fire-kingsway/,49.2488,-122.9805,高层建筑火灾,住宅,19层；4层起火,未检索到,未检索到,0.0,15.0,20.0,单元内发现锂电池，但是否为首个点火源尚未确定,4层单元火灾产生大量烟气,19层混凝土高层约20名住户失去住所,19层高层住宅4层起火；15人送医，其中3人情况严重；约20人失所,2025,vancouver.citynews.ca,B,Burnaby,Residential,,19.0,False,False,False,False,True,False,True,True,core_eligible,386eb556101286e4dce89060d1d60ca105f5f54e97db3d3f297bcc2be6c291e5
HRF-0163,欧洲,Germany,Nürnberg,纽伦堡Norikus高层住宅火灾 / Norikus high-rise apartment fire,2025-03-21,22层住宅火灾造成1人死亡、11人受伤；多数住户疏散后返家,https://www.polizei.bayern.de/aktuelles/pressemitteilungen/082252/index.html,49.4521,11.0767,高层建筑火灾,住宅,22层；6层起火,未检索到,未检索到,1.0,11.0,,未公布/调查中,22层高层6层起火，烟气波及多层,部分住宅暂不可居,22层住宅火灾造成1人死亡、11人受伤；多数住户疏散后返家,2025,polizei.bayern.de,B,Nürnberg,Residential,,22.0,False,False,False,False,True,False,True,True,core_eligible,386eb556101286e4dce89060d1d60ca105f5f54e97db3d3f297bcc2be6c291e5
HRF-0164,欧洲,United Kingdom,London,伦敦New Providence Wharf高层阳台火灾 / New Providence Wharf balcony fire,2025-05-06,19层住宅13层阳台火灾；约150人疏散，3人送院且均非重伤,https://www.london-fire.gov.uk/incidents/2025/may/flat-fire-poplar/,51.5074,-0.1278,高层建筑火灾,住宅,19层；13层阳台起火,未检索到,未检索到,0.0,3.0,150.0,烟头处置不当，意外,13层阳台火灾产生烟气,该建筑既往消防安全缺陷使事件具有治理意义,19层住宅13层阳台火灾；约150人疏散，3人送院且均非重伤,2025,london-fire.gov.uk,A,London,Residential,,19.0,False,False,False,False,True,False,True,True,core_eligible,386eb556101286e4dce89060d1d60ca105f5f54e97db3d3f297bcc2be6c291e5
HRF-0165,北美洲,Canada,Brampton,Brampton Kings Cross高层火灾 / Kings Cross Road high-rise fire,2025-05-17,高层住宅5层发生两级火灾；2名应急人员烟气吸入送医，另1人现场轻伤,https://toronto.citynews.ca/2025/05/17/2-firefighters-injured-battling-2-alarm-brampton-blaze/,43.7315,-79.7624,高层建筑火灾,住宅,高层住宅；5层单元起火,未检索到,未检索到,0.0,3.0,,未公布/调查中,5层住宅单元起火,两名应急人员因烟气暴露送医,高层住宅5层发生两级火灾；2名应急人员烟气吸入送医，另1人现场轻伤,2025,toronto.citynews.ca,B,Brampton,Residential,,5.0,False,False,False,False,True,False,True,True,core_eligible,386eb556101286e4dce89060d1d60ca105f5f54e97db3d3f297bcc2be6c291e5
HRF-0166,欧洲,United Kingdom,Bristol,Bristol Castle Park View高层住宅火灾 / Castle Park View fire,2025-05-20,高层住宅4层火灾；消防救出10人，2人因烟气吸入现场治疗；188名住户需迁出,https://www.itv.com/news/westcountry/2025-05-21/all-188-residents-forced-to-move-out-after-tower-block-fire,51.4545,-2.5879,高层建筑火灾,住宅,约26层；4层单元起火,未检索到,约2021年投入使用,0.0,2.0,188.0,充电中的电动自行车电池意外起火,烟气迅速充满住宅单元并造成水电系统停用,高层住户长期安置与锂离子电池充电管理问题,高层住宅4层火灾；消防救出10人，2人因烟气吸入现场治疗；188名住户需迁出,2025,itv.com,B,Bristol,Residential,,26.0,False,False,False,False,True,False,True,True,core_eligible,386eb556101286e4dce89060d1d60ca105f5f54e97db3d3f297bcc2be6c291e5
HRF-0167,大洋洲,New Zealand,Auckland,奥克兰Wakefield Place在建高层火灾 / Wakefield Place construction high-rise fire,2025-05-23,16层在建项目顶层附近起火；数十名工人疏散，无伤亡,https://www.rnz.co.nz/news/national/561929/central-auckland-fire-construction-workers-evacuated-from-16th-floor-building,-36.8485,174.7633,高层建筑火灾,在建混合用途建筑,16层；顶层/机房起火,未检索到,在建,0.0,0.0,,疑似施工过程意外，专门调查未完成,顶层/机房区域起火,在建高层数十名工人疏散,16层在建项目顶层附近起火；数十名工人疏散，无伤亡,2025,rnz.co.nz,B,Auckland,Unknown/other,,16.0,False,False,True,False,True,False,True,True,core_eligible,386eb556101286e4dce89060d1d60ca105f5f54e97db3d3f297bcc2be6c291e5
HRF-0168,欧洲,France,Reims,兰斯Edgar-Degas社会住宅高层火灾 / Reims Edgar-Degas tower fire,2025-06-06,10–11层社会住宅火灾造成4人死亡、14人受伤，其中2人重伤,https://www.marne.gouv.fr/Actualites/Espace-presse/Communiques-de-presse/Communiques-2025,49.2583,4.0317,高层建筑火灾,社会住宅,10–11层；4层起火,未检索到,未检索到,4.0,14.0,40.0,电动滑板车起火，检察官认定为意外,火势从4层沿立面向上扩展,约40名居民需由红十字会安置,10–11层社会住宅火灾造成4人死亡、14人受伤，其中2人重伤,2025,marne.gouv.fr,B,Reims,Residential,,11.0,False,False,False,False,True,False,True,True,core_eligible,386eb556101286e4dce89060d1d60ca105f5f54e97db3d3f297bcc2be6c291e5
HRF-0169,亚洲,United Arab Emirates,Dubai,Marina Pinnacle fire,2025-06-13,Marina Pinnacle高层建筑火灾；建筑高度记录为 280 m。死亡人数：0。,https://gulfnews.com/uae/dubai-marina-tower-fire-civil-defence-saves-3820-lives-in-heroic-rescue-1.500163499,25.07725,55.30927,高层建筑火灾,未检索到,280 m,未检索到,未检索到,0.0,,,未检索到/待核实,未检索到/待核实,未检索到/待核实,死亡人数：0。,2025,gulfnews.com,B,Dubai,Unknown/other,280.0,,False,False,False,False,True,False,True,True,core_eligible,386eb556101286e4dce89060d1d60ca105f5f54e97db3d3f297bcc2be6c291e5
HRF-0170,大洋洲,New Zealand,Auckland,奥克兰High Street六层住宅楼火灾 / High Street residential-building fire,2025-07-01,六层住宅楼洗衣房火灾；住户疏散，无伤亡,https://www.rnz.co.nz/news/national/565668/fire-crews-extinguish-fire-in-six-storey-residential-building-in-auckland-cbd,-36.8485,174.7633,高层建筑火灾,住宅,6层,未检索到,未检索到,0.0,0.0,,未公布/调查中,1层洗衣房起火并产生烟气,六层建筑住户全部疏散,六层住宅楼洗衣房火灾；住户疏散，无伤亡,2025,rnz.co.nz,B,Auckland,Residential,,6.0,False,False,False,False,True,False,True,True,core_eligible,386eb556101286e4dce89060d1d60ca105f5f54e97db3d3f297bcc2be6c291e5
HRF-0171,非洲,Egypt,Cairo,Ramses Exchange fire,2025-07-07,开罗市中心10层电信枢纽7层设备区域起火并向其他楼层蔓延，造成全国通信和交易中断。,https://www.cairo.gov.eg/ar/news/2025/98e8ecbb16e44b1384cf5f5505429a13,30.0626,31.2461,high-rise infrastructure / office fire,通信基础设施及办公,主楼10–11层；火从7层开始,未检索到,历史性老通信枢纽,4.0,27.0,,7层通信设备/员工大厅起火；官方财务披露称调查尚未完成，电气短路只能作为未证实初步说法,大量电缆和可燃设备使火从7层扩展至相邻房间及多层，固定自灭系统无法控制快速发展,关键通信枢纽集中度高、替代路由切换造成全国性服务扰动；需审查维护、消防安全和业务连续性,4名员工死亡、27人住院；全国通信和在线支付受扰，部分航班和证券交易暂停；固定资产严重损坏,2025,cairo.gov.eg,A,Cairo,Office/government,,11.0,False,False,False,False,True,False,True,True,core_eligible,386eb556101286e4dce89060d1d60ca105f5f54e97db3d3f297bcc2be6c291e5
HRF-0172,南美洲,Chile,Santiago,Santiago Plaza de Armas high-rise basement fire,2025-07-10,超过100人疏散或获救；无死亡、无严重伤害，约40人因烟气吸入或惊吓在现场接受处置,https://apnews.com/article/c88d6c5e5d2e01a89ea69361944e31fd,-33.4489,-70.6693,高层建筑火灾,商业与住宅混合高层,官方报道明确称高层建筑；总层数未公布,未检索到,未检索到,0.0,40.0,100.0,地下室起火；具体点火原因未公布,大量烟气沿高层建筑上升，住户在窗户、阳台和屋顶等待救援；公寓内未发生火灾,至少15个消防单位响应；需用云梯和直升机从高层/屋顶救援,超过100人疏散或获救；无死亡、无严重伤害，约40人因烟气吸入或惊吓在现场接受处置,2025,apnews.com,B,Santiago,Residential,,,False,False,False,False,True,False,True,True,core_eligible,386eb556101286e4dce89060d1d60ca105f5f54e97db3d3f297bcc2be6c291e5
HRF-0173,欧洲,United Kingdom,London,伦敦Walworth十七层住宅楼火灾 / Walworth high-rise flat fire,2025-07-11,17层住宅10层火灾；3人现场评估，1名女性送院,https://www.london-fire.gov.uk/incidents/2025/july/fire-at-block-of-flats-walworth/,51.5074,-0.1278,高层建筑火灾,住宅,17层；10层起火,未检索到,未检索到,0.0,1.0,,意外，官方未进一步细化,10层住宅烧毁并损坏11层阳台,约70名消防员响应,17层住宅10层火灾；3人现场评估，1名女性送院,2025,london-fire.gov.uk,A,London,Residential,,17.0,False,False,False,False,True,False,True,True,core_eligible,386eb556101286e4dce89060d1d60ca105f5f54e97db3d3f297bcc2be6c291e5
HRF-0174,亚洲,Turkey,Ankara,安卡拉Alacaatlı二十六层公寓火灾 / Ankara Alacaatlı apartment fire,2025-07-12,26层住宅火灾造成3人死亡、39人轻度烟气伤，其中7人为消防员；20人送院,https://www.aa.com.tr/tr/gundem/ankarada-26-katli-binada-meydana-gelen-yangina-iliskin-itfaiye-raporu-tamamlandi/3640725,39.9334,32.8597,高层建筑火灾,住宅,26层；约4层电气竖井起火,未检索到,未检索到,3.0,39.0,,起火点位于约4层电气竖井区域；初始故障机理未最终公布,不合规电气材料及木质竖井门促进烟火竖向蔓延,消防系统无水、疏散标志不足、竖井防火分隔存在问题,26层住宅火灾造成3人死亡、39人轻度烟气伤，其中7人为消防员；20人送院,2025,aa.com.tr,B,Ankara,Residential,,26.0,False,False,False,False,True,False,True,True,core_eligible,386eb556101286e4dce89060d1d60ca105f5f54e97db3d3f297bcc2be6c291e5
HRF-0175,亚洲,South Korea,Seoul,首尔麻浦Changjeon-dong公寓火灾 / Mapo Changjeon-dong apartment fire,2025-08-17,20层公寓14层火灾造成2人死亡、13人受伤，其中1人重伤；89人疏散,https://cn.yna.co.kr/view/ACK20250817000500881,37.5665,126.978,高层建筑火灾,住宅,20层；14层起火,未检索到,老旧高层，精确建成年份待核实,2.0,13.0,89.0,未公布/调查中,14层住宅火灾产生浓烟并影响上层,14层未安装自动喷水灭火系统，建筑年代较早,20层公寓14层火灾造成2人死亡、13人受伤，其中1人重伤；89人疏散,2025,cn.yna.co.kr,B,Seoul,Residential,,20.0,False,False,False,False,True,False,True,True,core_eligible,386eb556101286e4dce89060d1d60ca105f5f54e97db3d3f297bcc2be6c291e5
HRF-0176,亚洲,India,Mumbai,孟买Dahisar New Janakalyan SRA大楼火灾 / New Janakalyan SRA Building fire,2025-09-07,23层SRA住宅火灾造成3名女性死亡、22人受伤、36人获救,https://indianexpress.com/article/cities/mumbai/developer-contractor-and-supervisor-of-the-building-booked-after-three-deaths-in-fire-10258300/,19.076,72.8777,高层建筑火灾,住宅/SRA安置住宅,地上23层；报道指使用至18层,未检索到,未检索到,3.0,22.0,36.0,地下室电表房电气短路,火和烟沿电气竖井向多层传播,固定消防系统失效且无备用电源，开发商及相关负责人被立案,23层SRA住宅火灾造成3名女性死亡、22人受伤、36人获救,2025,indianexpress.com,B,Mumbai,Residential,,23.0,False,False,False,False,True,False,True,True,core_eligible,386eb556101286e4dce89060d1d60ca105f5f54e97db3d3f297bcc2be6c291e5
HRF-0177,非洲,Nigeria,Lagos,Afriland Towers fire,2025-09-16,商业办公楼地下室逆变器房起火，浓烟沿楼内迅速传播并封阻疏散路线。,https://radionigerialagos.gov.ng/lagos-judiciary-assigns-coroner-for-afriland-tower-fire-probe/,6.4494,3.397,multi-storey commercial office fire,商业办公楼,约6层,未检索到,未检索到,10.0,,,地下室逆变器/电池房起火并产生浓烟；具体设备故障机制仍由死因调查处理,一氧化碳和浓烟跨层并进入疏散路径，烟气而非直接火焰造成主要死亡,地下室能源设备设置、排烟、应急出口、人员疏散培训和现场人群管理存在严重不足,后续司法死因调查按10名死者启动；多数死因为烟气/一氧化碳吸入,2025,radionigerialagos.gov.ng,A,Lagos,Office/government,,6.0,False,False,False,False,True,False,True,True,core_eligible,386eb556101286e4dce89060d1d60ca105f5f54e97db3d3f297bcc2be6c291e5
HRF-0178,欧洲,France,"Tours, Indre-et-Loire",18 Jardin de Guillaume Bouzignac/18 Mail Gustave Flaubert fire,2025-10-10,18 Jardin de Guillaume Bouzignac/18 Mail Gustave Flaubert高层建筑火灾；建筑高度记录为 60 m。死亡人数：1。,https://www.lanouvellerepublique.fr/tours/incendie-dans-un-appartement-du-quartier-bouzignac-a-tours-une-personne-retrouvee-decedee-1760119673,47.39484,0.70398,高层建筑火灾,未检索到,60 m,未检索到,未检索到,1.0,,,未检索到/待核实,未检索到/待核实,未检索到/待核实,死亡人数：1。,2025,lanouvellerepublique.fr,B,Tours,Unknown/other,60.0,,False,False,False,False,True,False,True,True,core_eligible,386eb556101286e4dce89060d1d60ca105f5f54e97db3d3f297bcc2be6c291e5
HRF-0179,北美洲,United States,Chattanooga,Mary Walker Towers高层公寓火灾 / Mary Walker Towers fire,2025-10-11,市消防部门处置两级高层火灾；7人失所，无伤亡,https://chattanooga.gov/stay-informed/latest-news/market-street-high-rise-fire-response,35.0456,-85.3097,高层建筑火灾,住宅,官方称高层；2层单元起火,未检索到,未检索到,0.0,0.0,7.0,未公布/调查中,2层住宅单元起火,7名住户暂时失所,市消防部门处置两级高层火灾；7人失所，无伤亡,2025,chattanooga.gov,A,Chattanooga,Residential,,2.0,False,False,False,False,True,False,True,True,core_eligible,386eb556101286e4dce89060d1d60ca105f5f54e97db3d3f297bcc2be6c291e5
HRF-0180,欧洲,Sweden,Landskrona,兰斯克鲁纳十层住宅楼火灾 / Landskrona apartment fire,2025-10-13,10层住宅火灾造成1人死亡、4人受伤；7–9层居民疏散,https://polisen.se/aktuellt/handelser/2025/oktober/13/13-oktober-03.03-brand-landskrona/,55.8708,12.8302,高层建筑火灾,住宅,10层；7层起火,未检索到,未检索到,1.0,4.0,,未公布/调查中,7层公寓起火并造成上部楼层浓烟,多个住宅暂不可居,10层住宅火灾造成1人死亡、4人受伤；7–9层居民疏散,2025,polisen.se,B,Landskrona,Residential,,10.0,False,False,False,False,True,False,True,True,core_eligible,386eb556101286e4dce89060d1d60ca105f5f54e97db3d3f297bcc2be6c291e5
HRF-0181,亚洲,"中国香港特别行政区 / Hong Kong SAR, China","华懋大厦，干诺道中34至37号，中环，香港特别行政区 / Chinachem Tower, 34–37 Connaught Road Central, Central, Hong Kong SAR",香港中环华懋大厦三级火 / Chinachem Tower fire,2025-10-18,香港中环华懋大厦外墙棚架发生三级火警，4人送院、58人疏散。,https://gbcode.rthk.hk/TuniS/news.rthk.hk/rthk/ch/component/k2/1827760-20251018.htm,22.28299,114.15846,高层建筑外立面火灾,商业办公楼,原专题汇编称25层；独立建筑资料待补,外墙棚架为主，建筑内部未严重受影响,未检索到,0.0,4.0,58.0,最终起火原因仍在调查,维修工程外墙棚架快速燃烧并波及邻近建筑及地面物件,外墙维修期间棚架火势发展迅速，消防需动用184名消防及救护人员和无人机,4人送院；58人自行疏散，另有被困人员获救,2025,gbcode.rthk.hk,B,Hong Kong,Office/government,,25.0,False,False,False,True,True,False,True,True,core_eligible,386eb556101286e4dce89060d1d60ca105f5f54e97db3d3f297bcc2be6c291e5
HRF-0182,北美洲,United States,Hollywood,Edgewater Beach Towers高层火灾 / Edgewater Beach Towers fire,2025-10-21,12层高层顶层火灾；1名老人送医评估，1名消防员和1名警员因烟气吸入送医,https://www.local10.com/news/local/2025/10/21/crews-respond-to-high-rise-fire-on-hollywood-beach/,26.0112,-80.1495,高层建筑火灾,住宅,12层；顶层单元起火,未检索到,未检索到,0.0,3.0,,未公布/调查中,顶层住宅单元起火,高层外部救援与烟气暴露,12层高层顶层火灾；1名老人送医评估，1名消防员和1名警员因烟气吸入送医,2025,local10.com,B,Hollywood,Residential,,12.0,False,False,False,False,True,False,True,True,core_eligible,386eb556101286e4dce89060d1d60ca105f5f54e97db3d3f297bcc2be6c291e5
HRF-0183,欧洲,Bosnia and Herzegovina,Tuzla,Tuzla retirement home fire,2025-11-04,Tuzla Retirement Home高层建筑火灾；建筑高度记录为 未列明。死亡人数：17。Tuzla retirement home fire,https://en.wikipedia.org/wiki/Tuzla_retirement_home_fire,44.53842,18.66709,高层建筑火灾,healthcare/care,未检索到,未检索到,未检索到,17.0,,,未检索到/待核实,未检索到/待核实,未检索到/待核实,死亡人数：17。Tuzla retirement home fire,2025,en.wikipedia.org,C,Tuzla,Healthcare,,,False,False,False,False,True,False,True,False,compendium_only_source,386eb556101286e4dce89060d1d60ca105f5f54e97db3d3f297bcc2be6c291e5
HRF-0184,南美洲,Brazil,São Paulo,圣保罗São João公寓楼火灾 / Avenida São João apartment fire,2025-11-11,中心城区公寓火灾迫使住户疏散；无伤亡报道,https://www1.folha.uol.com.br/cotidiano/2025/11/fogo-atinge-apartamento-na-avenida-sao-joao-centro-de-sao-paulo.shtml,-23.5505,-46.6333,高层建筑火灾,住宅,总层数待核实；4层单元起火,未检索到,未检索到,0.0,0.0,,未公布/调查中,4层住宅单元起火，楼上住户经烟雾楼梯疏散,总层数未获可靠来源确认,中心城区公寓火灾迫使住户疏散；无伤亡报道,2025,www1.folha.uol.com.br,B,São Paulo,Residential,,4.0,False,False,False,False,True,False,True,True,core_eligible,386eb556101286e4dce89060d1d60ca105f5f54e97db3d3f297bcc2be6c291e5
HRF-0185,欧洲,Croatia,"Vjesnik Tower, Zagreb, City of Zagreb, Croatia",Vjesnik Tower fire,2025-11-17,萨格勒布地标高层办公塔发生大火，建筑内部和上部楼层严重损毁。,https://apnews.com/article/09f6463cc7981e4ee74cc79fbe922b07,45.7997,15.9614,high-rise office fire,office / former newspaper headquarters,about 16 storeys / landmark tower,未检索到,older landmark office tower,0.0,0.0,0.0,未核实。,未检索到/待核实,未检索到/待核实,建筑几乎被完全烧毁；无人员伤亡。,2025,apnews.com,B,Zagreb,Office/government,,16.0,False,False,False,False,True,False,True,True,core_eligible,386eb556101286e4dce89060d1d60ca105f5f54e97db3d3f297bcc2be6c291e5
HRF-0186,亚洲,"中国香港特别行政区 / Hong Kong SAR, China","宏福苑，大埔区，新界，香港特别行政区 / Wang Fuk Court, Tai Po District, New Territories, Hong Kong SAR",香港大埔宏福苑五级火灾 / Wang Fuk Court fire,2025-11-26,香港大埔宏福苑发生五级火灾，168人死亡、79名伤者接受公立医院治疗，8栋高层住宅中7栋受灾。,https://www.info.gov.hk/gia/general/202601/15/P2026011500613p.htm,22.44695,114.17545,高层住宅建筑群火灾,资助出售住宅屋苑,8栋约31层住宅塔楼，其中7栋受火灾影响,7栋住宅塔楼受影响；具体逐栋过火楼层范围待最终调查报告核实,1983年落成，事发时约42年,168.0,79.0,,跨部门调查报告认为最可能是低层风井平台的未熄灭烟头或其他发光源点燃纸箱等可燃物；独立委员会最终报告尚未发布,大修期间非阻燃棚网及帆布、可燃泡沫板、棚架和楼梯逃生路线开口使火势迅速扩散并妨碍疏散,装修材料合规、工程监督、消防警报、招投标及政府监管问题正在独立委员会及刑事程序中审查,香港警方最终确认168人死亡；79名伤者曾在公立医院接受治疗；七座高层住宅受灾，数千居民流离失所,2025,info.gov.hk,A,Hong Kong,Residential,,31.0,False,False,False,False,True,False,True,True,core_eligible,386eb556101286e4dce89060d1d60ca105f5f54e97db3d3f297bcc2be6c291e5
HRF-0187,北美洲,Canada,"Toronto, Ontario",11 Thorncliffe Park Drive high-rise fire,2025-11-27,"Construction-related fire spread through concealed spaces and into the adjacent tower, displacing residents for weeks.",https://www.oafc.on.ca/about/announcements/fire-news-headlines/charges-laid-thorncliffe-park-condo-fire-burned-weeks,43.7045,-79.349,high-rise building fire,residential condominium,11 Thorncliffe section rises 10 floors; connected neighboring high-rise also affected,未检索到,existing building; construction work underway,0.0,,408.0,construction ignition sources used near combustible materials,未检索到/待核实,未检索到/待核实,All 408 units across two connected towers were evacuated; no deaths reported.,2025,oafc.on.ca,B,Toronto,Residential,,10.0,False,False,True,False,True,False,True,True,core_eligible,386eb556101286e4dce89060d1d60ca105f5f54e97db3d3f297bcc2be6c291e5
HRF-0188,亚洲,Indonesia,Jakarta,雅加达Terra Drone办公楼火灾 / Terra Drone Indonesia building fire,2025-12-09,7层办公与设备储存建筑火灾造成22人死亡，54人幸存,https://inp.polri.go.id/artikel/terra-drone-ceo-named-suspect-in-fatal-central-jakarta-shop-house-fire,-6.2088,106.8456,高层建筑火灾,办公兼设备与电池储存,7层,未检索到,未检索到,22.0,,,警方认为坠落或失效的无人机锂聚合物电池最可能引燃周边可燃物,电池与无人机材料集中存放，空间拥挤且防火分隔不足,企业电池储存和消防管理被指存在过失，首席执行官被列为嫌疑人,7层办公与设备储存建筑火灾造成22人死亡，54人幸存,2025,inp.polri.go.id,B,Jakarta,Office/government,,7.0,False,False,False,False,True,False,True,True,core_eligible,386eb556101286e4dce89060d1d60ca105f5f54e97db3d3f297bcc2be6c291e5
HRF-0189,亚洲,中国 / China,"潮南区，汕头市，广东省 / Chaonan District, Shantou, Guangdong",汕头潮南“12·9”自建房重大火灾 / Shantou Chaonan self-built house fire,2025-12-09,4层商住自建房火灾造成12人死亡，另有8人被救出,https://www.haojiang.gov.cn/sthjgxj/gkmlpt/content/2/2497/post_2497130.html,23.3541,116.682,高层建筑火灾,商住混合自建房,4层,未检索到,未检索到,12.0,,8.0,未公布；官方初步排除人为纵火,下店上宅混合使用、自建房内部可燃物和竖向烟火传播风险,防火分隔、逃生和消防设施情况仍在调查,4层商住自建房火灾造成12人死亡，另有8人被救出,2025,haojiang.gov.cn,A,Shantou,Unknown/other,,4.0,False,True,False,False,True,False,True,True,core_eligible,386eb556101286e4dce89060d1d60ca105f5f54e97db3d3f297bcc2be6c291e5
HRF-0190,亚洲,Malaysia,Kuala Lumpur,吉隆坡Tiffani by i-ZEN公寓火灾 / Tiffani by i-ZEN condominium fire,2025-12-10,高层公寓26层火灾造成1名38岁男子死亡,https://bernama.com/bm/news.php?id=2501146,3.139,101.6869,高层建筑火灾,住宅,28层及36层住宅塔楼；26层单元起火,未检索到,未检索到,1.0,0.0,,未公布；警方排除刑事破坏，消防调查中,26层住宅单元起火,报道指楼内消防系统或水压可能不足，尚待正式调查,高层公寓26层火灾造成1名38岁男子死亡,2025,bernama.com,B,Kuala Lumpur,Residential,,28.0,False,False,False,False,True,False,True,True,core_eligible,386eb556101286e4dce89060d1d60ca105f5f54e97db3d3f297bcc2be6c291e5
HRF-0191,北美洲,Canada,Toronto,North York高层公寓火灾 / North York high-rise fire,2025-12-22,高层公寓4层火灾；2人伤势严重但无生命危险,https://toronto.citynews.ca/2025/12/22/2-injured-in-north-york-high-rise-fire/,43.6532,-79.3832,高层建筑火灾,住宅,高层住宅；4层单元起火,未检索到,未检索到,0.0,2.0,,未公布/调查中,4层住宅单元起火,两名住户严重受伤,高层公寓4层火灾；2人伤势严重但无生命危险,2025,toronto.citynews.ca,B,Toronto,Residential,,4.0,False,False,False,False,True,False,True,True,core_eligible,386eb556101286e4dce89060d1d60ca105f5f54e97db3d3f297bcc2be6c291e5
HRF-0192,非洲,Nigeria,Lagos,Great Nigeria Insurance House fire,2025-12-24,25层高层商用建筑4层起火并广泛破坏楼内商品及相邻物业。,https://www.premiumtimesng.com/regional/ssouth-west/847370-lagos-inferno-fire-service-confirms-eight-dead-demolition-underway.html,6.454,3.392,high-rise commercial fire,商业、零售及仓储,约22–25层；官方后续通报常用25层,未检索到,同一老旧建筑2013年曾发生重大火灾,8.0,,13.0,火源位于4层办公室/商铺区域；州长称与人为失误有关，但具体点火机制未公开,服装仓储等高火荷载、储存不当和相连建筑布局导致火势快速上蔓并波及邻楼,老旧高层在2013年火灾后仍被大量仓储使用；高层到达、周边密集商业和长期整改不足放大损失,8人死亡、13人获救；建筑及周边商业严重烧损，政府批准受控拆除,2025,premiumtimesng.com,B,Lagos,Commercial,,25.0,False,False,False,False,True,False,True,True,core_eligible,386eb556101286e4dce89060d1d60ca105f5f54e97db3d3f297bcc2be6c291e5
HRF-0193,北美洲,Canada,Winnipeg,Winnipeg Carlton Street十层高层火灾 / Carlton Street high-rise fire,2025-12-27,10层高层火灾；部分住户疏散、部分就地避险，无伤亡,https://www.winnipeg.ca/news/2025-12-28-winnipeg-fire-paramedic-service-responds-fire-carlton-street,49.8951,-97.1384,高层建筑火灾,住宅,10层,未检索到,未检索到,0.0,0.0,,未公布/调查中,十层高层内发生火灾,消防同时实施疏散与就地避险,10层高层火灾；部分住户疏散、部分就地避险，无伤亡,2025,winnipeg.ca,B,Winnipeg,Residential,,10.0,False,False,False,False,True,False,True,True,core_eligible,386eb556101286e4dce89060d1d60ca105f5f54e97db3d3f297bcc2be6c291e5
HRF-0194,欧洲,Germany,München,慕尼黑奥运村高层住宅火灾 / Munich Olympic Village high-rise fire,2026-01-09,高层住宅火灾造成1名70岁以上住户死亡；约80名消防人员响应,https://www.presseportal.de/blaulicht/pm/131419/6193487,48.1351,11.582,高层建筑火灾,住宅,消防明确称高层；7–8层受影响,未检索到,未检索到,1.0,,,未公布/调查中,7层起火并延烧8层阳台,多户暂不可居，住户需临时安置,高层住宅火灾造成1名70岁以上住户死亡；约80名消防人员响应,2026,presseportal.de,B,München,Residential,,8.0,False,False,False,False,True,False,True,True,core_eligible,386eb556101286e4dce89060d1d60ca105f5f54e97db3d3f297bcc2be6c291e5
HRF-0195,南美洲,Colombia,Bogotá,Bogotá La Alameda多层寄宿楼火灾 / La Alameda boarding-building fire,2026-01-17,5层建筑火灾；18名成人和3名未成年人撤离，2人因烟气现场评估,https://www.infobae.com/colombia/2026/01/18/incendio-estructural-en-edificio-de-cinco-pisos-del-centro-de-bogota-deja-personas-y-animales-rescatados/,4.711,-74.0721,高层建筑火灾,寄宿/住宅,5层,未检索到,未检索到,0.0,2.0,21.0,未公布/调查中,4层起火并影响多层搜救,多用途寄宿楼疏散条件受压,5层建筑火灾；18名成人和3名未成年人撤离，2人因烟气现场评估,2026,infobae.com,B,Bogotá,Residential,,5.0,False,False,False,False,True,False,True,True,core_eligible,386eb556101286e4dce89060d1d60ca105f5f54e97db3d3f297bcc2be6c291e5
HRF-0196,亚洲,Pakistan,Karachi,卡拉奇Gul Plaza购物中心火灾 / Gul Plaza Shopping Mall fire,2026-01-17,4层加地下室购物中心火灾；后续警方和法院报道确认72人死亡，另有至少20人受伤；其他报告有79–80人口径,https://www.dawn.com/news/amp/2010855,24.8607,67.0011,高层建筑火灾,大型购物中心,4层加地下室；约1200个商铺,未检索到,未检索到,72.0,20.0,,原因口径冲突：早期调查称商店意外起火，NDMA称儿童玩火柴；法院命令重新调查,空调风管、商铺高火荷载及受阻出口促进烟火传播,出口受阻和商业建筑消防管理失效,4层加地下室购物中心火灾；后续警方和法院报道确认72人死亡，另有至少20人受伤；其他报告有79–80人口径,2026,dawn.com,B,Karachi,Unknown/other,,4.0,False,False,False,False,True,False,True,True,core_eligible,386eb556101286e4dce89060d1d60ca105f5f54e97db3d3f297bcc2be6c291e5
HRF-0197,北美洲,United States,New York City,纽约市高层公寓燃气爆炸火灾 / New York City high-rise gas-explosion fire,2026-01-24,高层公寓顶层燃气爆炸及火灾造成1人死亡、14人受伤,https://apnews.com/article/5df2d2cd37ef8540356894dc617d18cf,40.7128,-74.006,高层建筑火灾,住宅,高层住宅；顶层受影响,未检索到,未检索到,1.0,14.0,,燃气爆炸；具体泄漏环节调查中,爆炸后火势蔓延至公寓楼顶层,冬季极低温条件下开展高层救援,高层公寓顶层燃气爆炸及火灾造成1人死亡、14人受伤,2026,apnews.com,B,New York City,Residential,,,False,False,False,False,True,False,True,True,core_eligible,386eb556101286e4dce89060d1d60ca105f5f54e97db3d3f297bcc2be6c291e5
HRF-0198,亚洲,India,Mumbai,孟买Suvidha Pearl高层住宅火灾 / Suvidha Pearl high-rise fire,2026-02-09,13层住宅顶层火灾造成1名女性死亡；伤者报道存在1人和2人两种口径,https://indianexpress.com/article/mumbai/defunct-sprinklers-empty-tanks-blamed-death-fire-mumbais-vile-parle-10524687/,19.076,72.8777,高层建筑火灾,住宅,13层；顶层起火,未检索到,未检索到,1.0,,,消防后续倾向由住宅内油灯引燃；早期电气竖井说法未获最终确认,顶层住宅火灾和浓烟,楼内喷淋失效、水箱无水或供水不足，固定消防系统未正常运作,13层住宅顶层火灾造成1名女性死亡；伤者报道存在1人和2人两种口径,2026,indianexpress.com,B,Mumbai,Residential,,13.0,False,False,False,False,True,False,True,True,core_eligible,386eb556101286e4dce89060d1d60ca105f5f54e97db3d3f297bcc2be6c291e5
HRF-0199,亚洲,Vietnam,Nha Trang,芽庄P.H.公寓火灾 / P.H. Nha Trang apartment fire,2026-02-12,26层住宅塔16层火灾造成2人死亡，多名居民疏散,https://e.vnexpress.net/news/news/two-killed-in-nha-trang-apartment-complex-fire-5040670.html,12.2388,109.1967,高层建筑火灾,住宅,26层；16层起火,未检索到,未检索到,2.0,,,未公布；已知火灾首先在卧室出现,16层住宅产生大量浓烟,消防系统与治理失效尚未由官方公布,26层住宅塔16层火灾造成2人死亡，多名居民疏散,2026,e.vnexpress.net,B,Nha Trang,Residential,,26.0,False,False,False,False,True,False,True,True,core_eligible,386eb556101286e4dce89060d1d60ca105f5f54e97db3d3f297bcc2be6c291e5
HRF-0200,亚洲,South Korea,Seoul,首尔银马公寓火灾 / Eunma Apartments fire,2026-02-24,14层老旧公寓8层火灾造成1名少女死亡、3人受伤，约70人疏散,https://en.yna.co.kr/view/AEN20260224001951315,37.5665,126.978,高层建筑火灾,住宅,14层；8层起火,未检索到,1979年建成,1.0,3.0,70.0,未公布/调查中,8层住宅火灾产生浓烟并影响上层,1979年建成且因早于相关法规未装喷淋；双排停车妨碍消防车辆进入,14层老旧公寓8层火灾造成1名少女死亡、3人受伤，约70人疏散,2026,en.yna.co.kr,B,Seoul,Residential,,14.0,False,False,False,False,True,False,True,True,core_eligible,386eb556101286e4dce89060d1d60ca105f5f54e97db3d3f297bcc2be6c291e5
HRF-0201,亚洲,Bahrain,Manama,Era View Tower fire,2026-02-28,Era View Tower高层建筑火灾；建筑高度记录为 未列明。死亡人数：0。Fire following an Iranian suicide drone attack,https://en.wikipedia.org/wiki/List_of_fires_in_high-rise_buildings,26.22787,50.58565,高层建筑火灾,未检索到,未检索到,未检索到,未检索到,0.0,,,conflict-related attack,未检索到/待核实,未检索到/待核实,死亡人数：0。Fire following an Iranian suicide drone attack,2026,en.wikipedia.org,C,Manama,Unknown/other,,,False,False,False,False,True,False,True,False,compendium_only_source,386eb556101286e4dce89060d1d60ca105f5f54e97db3d3f297bcc2be6c291e5
HRF-0202,北美洲,United States,Syracuse,Syracuse Nob Hill Apartments火灾 / Nob Hill Apartments fire,2026-02-28,公寓火灾造成1名住户因热损伤和烟气吸入死亡；另一名死者不计入火灾死亡,https://www.syr.gov/News/City-News/City-2026/2026-07-15-Mayors-Office-News-400PM,43.0481,-76.1474,高层建筑火灾,住宅,多层公寓；高层属性待核实,未检索到,未检索到,1.0,,,经消防调查列为原因未定,起火于住宅后部生活空间,同日发现的第二名死者经法医认定与火灾无关,公寓火灾造成1名住户因热损伤和烟气吸入死亡；另一名死者不计入火灾死亡,2026,syr.gov,A,Syracuse,Residential,,,False,False,False,False,True,False,True,True,core_eligible,386eb556101286e4dce89060d1d60ca105f5f54e97db3d3f297bcc2be6c291e5
HRF-0203,亚洲,United Arab Emirates,Dubai,Burj Al Arab fire,2026-03-01,Burj Al Arab高层建筑火灾；建筑高度记录为 321 m。死亡人数：0。Fire following an Iranian suicide drone attack,https://en.wikipedia.org/wiki/List_of_fires_in_high-rise_buildings,25.07725,55.30927,高层建筑火灾,未检索到,321 m,未检索到,未检索到,0.0,,,conflict-related attack,未检索到/待核实,未检索到/待核实,死亡人数：0。Fire following an Iranian suicide drone attack,2026,en.wikipedia.org,C,Dubai,Unknown/other,321.0,,False,False,False,False,True,False,True,False,compendium_only_source,386eb556101286e4dce89060d1d60ca105f5f54e97db3d3f297bcc2be6c291e5
HRF-0204,亚洲,Kuwait,Kuwait City,PIFSS Headquarters fire,2026-03-08,PIFSS Headquarters高层建筑火灾；建筑高度记录为 未列明。死亡人数：0。Fire following an Iranian suicide drone attack,https://en.wikipedia.org/wiki/List_of_fires_in_high-rise_buildings,29.367,47.97429,高层建筑火灾,office/government,未检索到,未检索到,未检索到,0.0,,,conflict-related attack,未检索到/待核实,未检索到/待核实,死亡人数：0。Fire following an Iranian suicide drone attack,2026,en.wikipedia.org,C,Kuwait City,Office/government,,,False,False,False,False,True,False,True,False,compendium_only_source,386eb556101286e4dce89060d1d60ca105f5f54e97db3d3f297bcc2be6c291e5
HRF-0205,亚洲,United Arab Emirates,Dubai,Address Grand Creek Harbour Tower 2 fire,2026-03-11,Address Grand Creek Harbour Tower 2高层建筑火灾；建筑高度记录为 266 m。死亡人数：0。Fire following an Iranian suicide drone attack,https://en.wikipedia.org/wiki/List_of_fires_in_high-rise_buildings,25.07725,55.30927,高层建筑火灾,未检索到,266 m,未检索到,未检索到,0.0,,,conflict-related attack,未检索到/待核实,未检索到/待核实,死亡人数：0。Fire following an Iranian suicide drone attack,2026,en.wikipedia.org,C,Dubai,Unknown/other,266.0,,False,False,False,False,True,False,True,False,compendium_only_source,386eb556101286e4dce89060d1d60ca105f5f54e97db3d3f297bcc2be6c291e5
HRF-0206,大洋洲,New Zealand,Auckland,奥克兰大学法学院多层建筑火灾 / University of Auckland Law School fire,2026-03-12,至少7层大学建筑2层火灾；约200–300人疏散，无伤亡,https://www.rnz.co.nz/news/national/589398/university-of-auckland-building-on-fire,-36.8485,174.7633,高层建筑火灾,教育建筑,至少7层,未检索到,未检索到,0.0,0.0,200.0,据信由灯具起火，非可疑,2层火灾触发喷淋并造成水损,约200–300人疏散,至少7层大学建筑2层火灾；约200–300人疏散，无伤亡,2026,rnz.co.nz,B,Auckland,Unknown/other,,7.0,False,False,False,False,True,False,True,True,core_eligible,386eb556101286e4dce89060d1d60ca105f5f54e97db3d3f297bcc2be6c291e5
HRF-0207,北美洲,Canada,Ottawa,Ottawa Somerset Street高层公寓火灾 / Somerset Street high-rise fire,2026-03-14,高层住宅19层火灾；3人最终死亡，另有住户获救,https://ottawa.citynews.ca/2026/03/15/2-dead-following-high-rise-fire-in-centretown/,45.4215,-75.6972,高层建筑火灾,住宅,高层住宅；19层单元起火,未检索到,未检索到,3.0,,,未公布/调查中,19层住宅单元出现全室火焰和浓烟,多名住户被困于起火单元及阳台,高层住宅19层火灾；3人最终死亡，另有住户获救,2026,ottawa.citynews.ca,B,Ottawa,Residential,,19.0,False,False,False,False,True,False,True,True,core_eligible,386eb556101286e4dce89060d1d60ca105f5f54e97db3d3f297bcc2be6c291e5
HRF-0208,北美洲,United States,"New York City, New York",6 East 43rd Street rooftop high-rise fire,2026-03-17,A large rooftop fire involving HVAC/generator equipment burned on a Midtown high-rise near the St. Patrick's Day Parade route.,https://www.cbsnews.com/newyork/news/fire-midtown-manhattan-nyc/,40.7534,-73.9797,high-rise building fire,office,reported as 28-storey high-rise,未检索到,existing building,0.0,0.0,,reported HVAC/backup-generator fire; formal cause under investigation,未检索到/待核实,未检索到/待核实,No deaths or injuries reported in consulted coverage.,2026,cbsnews.com,B,New York City,Office/government,,,False,False,False,False,True,False,True,True,core_eligible,386eb556101286e4dce89060d1d60ca105f5f54e97db3d3f297bcc2be6c291e5
HRF-0209,亚洲,India,Delhi,德里Palam四层住宅火灾 / Palam residential-building fire,2026-03-18,4层住宅火灾造成同一家族9人死亡、3人受伤,https://www.pib.gov.in/PressReleasePage.aspx?PRID=2244407&lang=1&reg=3,28.6139,77.209,高层建筑火灾,住宅,4层,未检索到,未检索到,9.0,3.0,,确切原因调查中，初步怀疑电气短路,浓烟在住宅和楼梯区域扩散，家庭成员被困,行政调查称Bronto Skylift高空救援车故障且人员缺乏训练，救援延误,4层住宅火灾造成同一家族9人死亡、3人受伤,2026,pib.gov.in,A,Delhi,Residential,,4.0,False,False,False,False,True,False,True,True,core_eligible,386eb556101286e4dce89060d1d60ca105f5f54e97db3d3f297bcc2be6c291e5
HRF-0210,欧洲,United Kingdom,London,伦敦Deptford多层住宅楼火灾 / Deptford apartment-block fire,2026-03-24,6层住宅楼多层火灾；约50人疏散，无伤亡,https://www.london-fire.gov.uk/incidents/2026/march/fire-at-block-of-flats-deptford/,51.5074,-0.1278,高层建筑火灾,住宅,6层；2–4层受影响,未检索到,未检索到,0.0,0.0,50.0,不安全处置吸烟材料,2–4层三套住宅及阳台受损,约50名住户疏散,6层住宅楼多层火灾；约50人疏散，无伤亡,2026,london-fire.gov.uk,A,London,Residential,,6.0,False,False,False,False,True,False,True,True,core_eligible,386eb556101286e4dce89060d1d60ca105f5f54e97db3d3f297bcc2be6c291e5
HRF-0211,亚洲,中国 / China,"亲贤北街商住楼，小店区，太原市，山西省 / Qinxian North Street mixed-use building, Xiaodian District, Taiyuan, Shanxi",太原亲贤北街商住楼火灾 / Taiyuan Qinxian North Street mixed-use building fire,2026-03-28,16层商住酒店综合楼火灾造成3人死亡、23人受伤，其中9人重伤,https://www.news.cn/politics/20260331/46856d2a95444d5ab291600f81c5203f/c.html,37.8706,112.5489,高层建筑火灾,商住、餐饮及酒店混合建筑,主楼地上16层、地下2层，另有4层裙房；8层以上为酒店,未检索到,未检索到,3.0,23.0,,最终原因未公布；火灾最初出现在首层餐饮区域附近,外墙几何构造、外置烟道及立面材料促使火焰快速向上蔓延,混合业态建筑防火分隔、外立面和竖向传播控制问题待正式调查,16层商住酒店综合楼火灾造成3人死亡、23人受伤，其中9人重伤,2026,news.cn,B,Taiyuan,Hotel,,16.0,False,False,False,False,True,False,True,True,core_eligible,386eb556101286e4dce89060d1d60ca105f5f54e97db3d3f297bcc2be6c291e5
HRF-0212,北美洲,United States,Wilkinsburg,Wilkinsburg高层公寓火灾 / Wilkinsburg high-rise fire,2026-03-30,官方高层住宅火灾造成1人死亡,https://www.pittsburghpa.gov/News-articles/Public-Safety-Blotter/2026/Pittsburgh-Fire-Responds-to-High-Rise-Fire-in-Wilkinsburg,40.4412,-79.88199,高层建筑火灾,住宅,官方称高层；4层单元起火,未检索到,未检索到,1.0,,,未公布/调查中,4层住宅单元起火,高层住宅搜救,官方高层住宅火灾造成1人死亡,2026,pittsburghpa.gov,A,Wilkinsburg,Residential,,4.0,False,False,False,False,True,False,True,True,core_eligible,386eb556101286e4dce89060d1d60ca105f5f54e97db3d3f297bcc2be6c291e5
HRF-0213,欧洲,Germany,Stuttgart,斯图加特Giebel高层住宅火灾 / Stuttgart-Giebel high-rise fire,2026-04-10,消防明确为高层住宅火灾；1人获救并交医护,https://feuerwehr.stuttgart.de/en/oeffentlichkeitsarbeit/aktuelle-meldungen/2026/april/wohnungsbrand-in-einem-hochhaus-stuttgart-giebel,48.7758,9.1829,高层建筑火灾,住宅,消防明确称高层；4层起火,未检索到,未检索到,0.0,1.0,,未公布/调查中,4层阳台和住宅起火,1人由消防从起火住宅救出,消防明确为高层住宅火灾；1人获救并交医护,2026,feuerwehr.stuttgart.de,B,Stuttgart,Residential,,4.0,False,False,False,False,True,False,True,True,core_eligible,386eb556101286e4dce89060d1d60ca105f5f54e97db3d3f297bcc2be6c291e5
HRF-0214,欧洲,Germany,Göttingen,哥廷根Iduna中心疑似纵火事件 / Iduna-Zentrum suspected arson fires,2026-04-27,高层住宅综合体两处独立火点，无伤亡,https://www.presseportal.de/blaulicht/pm/119508/6263785,51.5413,9.9158,高层建筑火灾,住宅综合体,高层；11层走廊和底层洗衣房受影响,未检索到,未检索到,0.0,0.0,,两处火点被警方按疑似纵火调查,11层走廊与底层洗衣房分别出现火点,高层公共区域纵火防控问题,高层住宅综合体两处独立火点，无伤亡,2026,presseportal.de,B,Göttingen,Residential,,11.0,False,True,False,False,True,False,True,True,core_eligible,386eb556101286e4dce89060d1d60ca105f5f54e97db3d3f297bcc2be6c291e5
HRF-0215,亚洲,South Korea,Uiwang,韩国义王Naeson-dong公寓火灾 / Uiwang Naeson-dong apartment fire,2026-04-30,20层公寓14层火灾造成2人死亡、6人受伤,https://en.yna.co.kr/view/AEN20260430005751315?section=national%2Fnational,37.3449,126.9683,高层建筑火灾,住宅,20层、78户；14层起火,未检索到,未检索到,2.0,6.0,,未最终公布；现场发现疑似遗书，警方调查是否故意纵火,14层住宅单元火灾及浓烟,具体消防系统失效未公布,20层公寓14层火灾造成2人死亡、6人受伤,2026,en.yna.co.kr,B,Uiwang,Residential,,20.0,False,True,False,False,True,False,True,True,core_eligible,386eb556101286e4dce89060d1d60ca105f5f54e97db3d3f297bcc2be6c291e5
HRF-0216,亚洲,India,Delhi,德里Vivek Vihar四层住宅火灾 / Vivek Vihar residential-complex fire,2026-05-03,4层住宅综合体火灾造成9人死亡，超过10人获救,https://indianexpress.com/article/cities/delhi/fire-residential-complex-vivek-vihar-deaths-injured-10668323/,28.6139,77.209,高层建筑火灾,住宅,4层、8套住宅,未检索到,未检索到,9.0,,10.0,初步怀疑空调设备爆炸或故障，最终原因未公布,大量浓烟导致楼后侧住户受困,逃生条件和消防设施情况仍在调查,4层住宅综合体火灾造成9人死亡，超过10人获救,2026,indianexpress.com,B,Delhi,Residential,,4.0,False,False,False,False,True,False,True,True,core_eligible,386eb556101286e4dce89060d1d60ca105f5f54e97db3d3f297bcc2be6c291e5
HRF-0217,欧洲,United Kingdom,London,伦敦Battersea十层住宅楼火灾 / Battersea high-rise flat fire,2026-05-11,10层住宅楼7层火灾；约50人自行撤离，3人现场治疗，另3人送院,https://www.london-fire.gov.uk/incidents/2026/may/flat-fire-battersea/,51.5074,-0.1278,高层建筑火灾,住宅,10层；7层起火,未检索到,未检索到,0.0,6.0,50.0,未公布/调查中,7层四室住宅烧毁,消防接听多次火场生存指导电话,10层住宅楼7层火灾；约50人自行撤离，3人现场治疗，另3人送院,2026,london-fire.gov.uk,A,London,Residential,,10.0,False,False,False,False,True,False,True,True,core_eligible,386eb556101286e4dce89060d1d60ca105f5f54e97db3d3f297bcc2be6c291e5
HRF-0218,大洋洲,New Zealand,Auckland,奥克兰DoubleTree在建酒店火灾 / DoubleTree construction-site fire,2026-05-22,22层在建酒店19层起火；约30–40人疏散，2人现场轻症评估，无人送医,https://www.1news.co.nz/2026/05/22/workers-scramble-from-fire-in-19th-floor-of-auckland-cbd-hotel/,-36.8485,174.7633,高层建筑火灾,在建酒店,22层；19层起火,未检索到,在建,0.0,2.0,30.0,未公布/调查中,19层房间起火,在建酒店高层疏散,22层在建酒店19层起火；约30–40人疏散，2人现场轻症评估，无人送医,2026,1news.co.nz,B,Auckland,Hotel,,22.0,False,False,True,False,True,False,True,True,core_eligible,386eb556101286e4dce89060d1d60ca105f5f54e97db3d3f297bcc2be6c291e5
HRF-0219,北美洲,Canada,Calgary,Calgary Beltline高层住宅火灾 / Beltline high-rise fire,2026-05-29,15层住宅顶层火灾；1名住户撤离时轻伤送医，1名消防员轻伤评估,https://newsroom.calgary.ca/calgary-fire-responds-to-beltline-high-rise-fire/,51.0447,-114.0719,高层建筑火灾,住宅,15层；顶层起火,未检索到,未检索到,0.0,2.0,,未公布/调查中,顶层单元火势进入天花和屋顶空间,75套住宅大部疏散,15层住宅顶层火灾；1名住户撤离时轻伤送医，1名消防员轻伤评估,2026,newsroom.calgary.ca,B,Calgary,Residential,,15.0,False,False,False,False,True,False,True,True,core_eligible,386eb556101286e4dce89060d1d60ca105f5f54e97db3d3f297bcc2be6c291e5
HRF-0220,大洋洲,United States,Waipahu,Waipahu Towers高层住宅火灾 / Waipahu Towers fire,2026-06-08,8层无喷淋高层住宅顶层火灾；4名成人和2名婴儿获救，其他住户安全疏散，无伤亡,https://fire.honolulu.gov/2026/06/09/three-alarm-high-rise-residential-building-fire-extinguished-in-waipahu/,21.3867,-158.0092,高层建筑火灾,住宅,8层；顶层起火,未检索到,未检索到,0.0,0.0,,报警人称电池爆炸，消防调查尚未最终确认,无喷淋建筑顶层浓烟,住户在浓烟中就地避险并由消防救出,8层无喷淋高层住宅顶层火灾；4名成人和2名婴儿获救，其他住户安全疏散，无伤亡,2026,fire.honolulu.gov,A,Waipahu,Residential,,8.0,False,False,False,False,True,False,True,True,core_eligible,386eb556101286e4dce89060d1d60ca105f5f54e97db3d3f297bcc2be6c291e5
HRF-0221,北美洲,Canada,Winnipeg,Winnipeg Elgin Avenue高层公寓火灾（6月） / Elgin Avenue high-rise fire,2026-06-09,高层公寓火灾；无伤亡,https://www.winnipeg.ca/news/2026-06-10-winnipeg-fire-paramedic-service-responds-fires-river-avenue-and-elgin-avenue,49.8951,-97.1384,高层建筑火灾,住宅,官方称高层,未检索到,未检索到,0.0,0.0,,未公布/调查中,住宅单元内起火,部分住户疏散、部分就地避险,高层公寓火灾；无伤亡,2026,winnipeg.ca,B,Winnipeg,Residential,,,False,False,False,False,True,False,True,True,core_eligible,386eb556101286e4dce89060d1d60ca105f5f54e97db3d3f297bcc2be6c291e5
HRF-0222,亚洲,Philippines,Quezon City,奎松市Olympic Heights Tower 3火灾 / Olympic Heights Tower 3 fire,2026-06-18,30层公寓火灾，约20名被困人员获救；地方灾害数据称36人受伤，BFP最终伤情报告待发布,https://mb.com.ph/2026/06/18/fire-tears-through-olympic-tower-3-in-qc-reaches-3rd-alarm,14.676,121.0437,高层建筑火灾,住宅,30层,未检索到,约25年楼龄，竣工年待核实,0.0,36.0,20.0,垃圾或废弃物区域首先起火，具体点火原因仍由BFP调查,烟火在高层公寓公共或垃圾区域扩散,调查包括报警、喷淋和疏散程序是否正常运作,30层公寓火灾，约20名被困人员获救；地方灾害数据称36人受伤，BFP最终伤情报告待发布,2026,mb.com.ph,B,Quezon City,Residential,,30.0,False,False,False,False,True,False,True,True,core_eligible,386eb556101286e4dce89060d1d60ca105f5f54e97db3d3f297bcc2be6c291e5
HRF-0223,北美洲,United States,Chicago,Chicago Wyndham Apartments高层火灾 / Wyndham Apartments fire,2026-06-26,高层住宅5层火灾；1名33岁男子跳窗后危重,https://www.cbsnews.com/chicago/news/high-rise-fire-edgewater-sheridan/,41.8781,-87.6298,高层建筑火灾,住宅,高层住宅；5层单元起火,未检索到,未检索到,0.0,1.0,,未公布/调查中,5层住宅单元起火,无喷淋高层的救援条件需继续核实,高层住宅5层火灾；1名33岁男子跳窗后危重,2026,cbsnews.com,B,Chicago,Residential,,5.0,False,False,False,False,True,False,True,True,core_eligible,386eb556101286e4dce89060d1d60ca105f5f54e97db3d3f297bcc2be6c291e5
HRF-0224,欧洲,United Kingdom,London,伦敦Feltham十一层住宅楼锂电池火灾 / Feltham lithium-ion battery fire,2026-06-28,11层住宅楼上层火灾；3人预防性送院,https://www.london-fire.gov.uk/incidents/2026/june/fire-at-block-of-flats-feltham/,51.5074,-0.1278,高层建筑火灾,住宅,11层；上层住宅起火,未检索到,未检索到,0.0,3.0,,充电宝锂离子电池故障，意外,上层住宅约一半受损,3人预防性送院,11层住宅楼上层火灾；3人预防性送院,2026,london-fire.gov.uk,A,London,Residential,,11.0,False,False,False,False,True,False,True,True,core_eligible,386eb556101286e4dce89060d1d60ca105f5f54e97db3d3f297bcc2be6c291e5
HRF-0225,欧洲,Belgium,Antwerp,安特卫普Linkeroever十层住宅楼火灾 / Antwerp Linkeroever apartment fire,2026-07-01,10层、80套住宅楼火灾；官方最终修正为5人死亡、16人受伤，全楼疏散,https://www.politieantwerpen.be/nieuws/uitslaande-brand-in-appartementsgebouw-linkeroever,51.2194,4.4025,高层建筑火灾,住宅,10层；200余名住户,未检索到,未检索到,5.0,16.0,200.0,更换电箱作业击中铜制水管，漏水接触供电导致短路起火；司法按过失案件调查,火从地面层设施竖井迅速向多层传播,设施竖井防火分隔与带电作业控制失效,10层、80套住宅楼火灾；官方最终修正为5人死亡、16人受伤，全楼疏散,2026,politieantwerpen.be,B,Antwerp,Residential,,10.0,False,False,False,False,True,False,True,True,core_eligible,386eb556101286e4dce89060d1d60ca105f5f54e97db3d3f297bcc2be6c291e5
HRF-0226,欧洲,Belgium,Brussels,布鲁塞尔OXY塔改造工地火灾 / OXY Tower construction-site fire,2026-07-14,高层改造工地火灾造成6名工人在电梯内死亡、2人重度烧伤；约250名工人疏散,https://apnews.com/article/78ec97df53d23fc842751c2371adf832,50.8503,4.3517,高层建筑火灾,在建/改造中的混合用途高层,约15–17层，楼层口径待统一；2层起火,未检索到,原建筑约1971年建，正在改造,6.0,2.0,250.0,未公布/调查中,2层火灾进入电梯井，电梯系统受损并发生坠落,改造工地垂直运输与火灾分隔问题正在调查,高层改造工地火灾造成6名工人在电梯内死亡、2人重度烧伤；约250名工人疏散,2026,apnews.com,B,Brussels,Unknown/other,,17.0,False,False,False,False,True,False,True,True,core_eligible,386eb556101286e4dce89060d1d60ca105f5f54e97db3d3f297bcc2be6c291e5
HRF-0227,非洲,Zimbabwe,Harare,哈拉雷Regal House办公楼火灾 / Regal House office fire,2026-07-16,至少9层办公楼两间办公室烧毁；数百人受影响，无伤亡,https://www.heraldonline.co.zw/property-worth-thousands-of-dollars-destroyed-as-fire-guts-two-offices-at-regal-house/,-17.8252,31.0335,高层建筑火灾,办公,至少9层；9层起火,未检索到,未检索到,0.0,0.0,,未公布/调查中,9层办公室起火,数百名上班人员暂时无法入楼,至少9层办公楼两间办公室烧毁；数百人受影响，无伤亡,2026,heraldonline.co.zw,B,Harare,Office/government,,9.0,False,False,False,False,True,False,True,True,core_eligible,386eb556101286e4dce89060d1d60ca105f5f54e97db3d3f297bcc2be6c291e5
HRF-0228,北美洲,United States,Boston,Boston South End高层锂电池火灾 / South End high-rise lithium-ion battery fire,2026-07-17,29层住宅塔20层火灾；40余人从20–21层疏散，3人送医评估或因烟气吸入治疗,https://www.boston25news.com/news/local/least-40-people-evacuated-following-high-rise-fire-boston/Q3OPAFGSGVFBRDXRRL2JGUW6U4/?outputType=amp,42.3601,-71.0589,高层建筑火灾,住宅,29层；20层起火,未检索到,未检索到,0.0,3.0,40.0,三辆电动滑板车中的一辆锂离子电池起火,20层单元产生大量烟气,电动微出行设备在高层住宅内充电和存放形成疏散风险,29层住宅塔20层火灾；40余人从20–21层疏散，3人送医评估或因烟气吸入治疗,2026,boston25news.com,B,Boston,Residential,,29.0,False,False,False,False,True,False,True,True,core_eligible,386eb556101286e4dce89060d1d60ca105f5f54e97db3d3f297bcc2be6c291e5
HRF-0229,北美洲,United States,New York City,纽约东百老汇高层公寓火灾 / Lower East Side high-rise fire,2026-07-17,21层住宅17层火灾；5名消防员轻伤,https://www.nyc.gov/site/fdny/news/PI4426/fdny-officials-provide-on-3-alarm-high-rise-fire-manhattan,40.7128,-74.006,高层建筑火灾,住宅,21层；17层起火,未检索到,未检索到,0.0,5.0,,未公布/调查中,17层住宅单元起火,三警高层响应，5名消防员受轻伤,21层住宅17层火灾；5名消防员轻伤,2026,nyc.gov,A,New York City,Residential,,21.0,False,False,False,False,True,False,True,True,core_eligible,386eb556101286e4dce89060d1d60ca105f5f54e97db3d3f297bcc2be6c291e5
HRF-0230,非洲,South Africa,Cape Town,开普敦Sea Point Dorchester公寓火灾 / Dorchester apartment-block fire,2026-07-30,5层公寓顶层火灾造成1名93岁住户死亡、1名消防员受伤；多套住宅被毁,https://www.ewn.co.za/2026/07/30/one-dead-after-fire-breaks-out-at-sea-point-building,-33.9249,18.4241,高层建筑火灾,住宅,5层；顶层和屋顶受影响,未检索到,未检索到,1.0,1.0,,未公布/警方调查中,顶层及屋顶受损并发生局部坍塌,数十名住户流离失所,5层公寓顶层火灾造成1名93岁住户死亡、1名消防员受伤；多套住宅被毁,2026,ewn.co.za,B,Cape Town,Residential,,5.0,False,False,False,False,True,False,True,True,core_eligible,386eb556101286e4dce89060d1d60ca105f5f54e97db3d3f297bcc2be6c291e5
HRF-0231,北美洲,Canada,Toronto,Scarborough Neilson Road二十层公寓火灾 / Scarborough high-rise fire,2026-08-04,20层公寓16层火灾造成1人死亡,https://toronto.citynews.ca/2026/08/04/scarborough-apartment-fire-one-dead-toronto-police/,43.6532,-79.3832,高层建筑火灾,住宅,20层；16层起火,未检索到,未检索到,1.0,,,警方称不具可疑性，具体原因未公布,16层住宅单元起火,高层单元搜救,20层公寓16层火灾造成1人死亡,2026,toronto.citynews.ca,B,Toronto,Residential,,20.0,False,False,False,False,True,False,True,True,core_eligible,386eb556101286e4dce89060d1d60ca105f5f54e97db3d3f297bcc2be6c291e5
HRF-0232,北美洲,Canada,Toronto,Toronto Ontario Street高层锂电池相关火灾 / Ontario Street high-rise fire,2026-08-04,高层住宅8层火灾造成4人受伤，其中1名成人二度烧伤住院，另有1名成人和2名儿童受伤,https://toronto.citynews.ca/2026/08/04/toronto-fire-high-rise-st-james-town-2-children-injured/,43.6532,-79.3832,高层建筑火灾,住宅,高层住宅；8层单元起火,未检索到,未检索到,0.0,4.0,,发现受损电动自行车电池并助燃；是否为首个点火源未确定,锂离子电池参与燃烧并增加热释放,家庭失所，儿童受伤,高层住宅8层火灾造成4人受伤，其中1名成人二度烧伤住院，另有1名成人和2名儿童受伤,2026,toronto.citynews.ca,B,Toronto,Residential,,8.0,False,False,False,False,True,False,True,True,core_eligible,386eb556101286e4dce89060d1d60ca105f5f54e97db3d3f297bcc2be6c291e5
HRF-0233,北美洲,Canada,Toronto,Toronto Wellesley高层公寓烹饪火灾 / Wellesley high-rise cooking fire,2026-08-04,29层公寓19层火灾造成1名男子死亡,https://toronto.citynews.ca/2026/08/04/toronto-fire-st-james-town-high-rise-one-dead/,43.6532,-79.3832,高层建筑火灾,住宅,29层；19层起火,未检索到,未检索到,1.0,,,烹饪相关火灾,19层住宅单元起火,高层住宅搜救,29层公寓19层火灾造成1名男子死亡,2026,toronto.citynews.ca,B,Toronto,Residential,,29.0,False,False,False,False,True,False,True,True,core_eligible,386eb556101286e4dce89060d1d60ca105f5f54e97db3d3f297bcc2be6c291e5
HRF-0234,北美洲,Canada,Toronto,Etobicoke收容所高层锂电池相关火灾 / Etobicoke shelter high-rise fire,2026-08-05,13层收容所7层火灾；无火灾伤，1人因非火灾原因送医,https://toronto.citynews.ca/2026/08/05/etobicoke-fire-toronto-shelter-2-alarm-lithium-ion-batteries/,43.6532,-79.3832,高层建筑火灾,临时收容所/原酒店,13层；7层起火,未检索到,未检索到,0.0,0.0,,现场发现烧损锂电池，是否为首个点火源未确定,喷淋系统限制火势蔓延,临时收容设施的锂电池管理和高层疏散,13层收容所7层火灾；无火灾伤，1人因非火灾原因送医,2026,toronto.citynews.ca,B,Toronto,Hotel,,13.0,False,False,False,False,True,False,True,True,core_eligible,386eb556101286e4dce89060d1d60ca105f5f54e97db3d3f297bcc2be6c291e5
HRF-0235,北美洲,Canada,Winnipeg,Winnipeg Elgin Avenue高层公寓火灾（8月） / Elgin Avenue high-rise fire,2026-08-09,高层公寓火灾；2人现场评估，1人情况不稳定送医,https://www.winnipeg.ca/news/2026-08-09-winnipeg-fire-paramedic-service-responds-fire-elgin-avenue,49.8951,-97.1384,高层建筑火灾,住宅,官方称高层,未检索到,未检索到,0.0,1.0,,未公布/调查中,高层住宅单元起火,消防与急救联合响应,高层公寓火灾；2人现场评估，1人情况不稳定送医,2026,winnipeg.ca,B,Winnipeg,Residential,,,False,False,False,False,True,False,True,True,core_eligible,386eb556101286e4dce89060d1d60ca105f5f54e97db3d3f297bcc2be6c291e5
HRF-0236,欧洲,Germany,Berlin,柏林Friedrichshain高层住宅火灾 / Berlin Friedrichshain high-rise fire,2026-08-14,18–21层高层住宅火灾；13人受伤、5人送院，约70人现场照护；一名住户由云梯篮救下,https://www.tagesschau.de/inland/regional/berlin/rbb-dutzende-wohnungen-nach-brand-in-hochhaus-weiter-unbewohnbar-100.html,52.52,13.405,高层建筑火灾,住宅,18–21层待楼宇档案统一；11–12层受影响,未检索到,未检索到,0.0,13.0,70.0,警方后续倾向技术故障,11层起火并延烧12层,59套住宅一度封闭，大规模高层疏散,18–21层高层住宅火灾；13人受伤、5人送院，约70人现场照护；一名住户由云梯篮救下,2026,tagesschau.de,B,Berlin,Residential,,21.0,False,False,False,False,True,False,True,True,core_eligible,386eb556101286e4dce89060d1d60ca105f5f54e97db3d3f297bcc2be6c291e5
HRF-0237,欧洲,Germany,Berlin,柏林Märkisches Viertel十层住宅火灾 / Berlin Märkisches Viertel fire,2026-08-14,10层住宅火灾；约70人撤离，1人轻伤,https://www.tagesschau.de/inland/regional/berlin/berlin-friedrichshain-brand-hochhaus-100.html,52.52,13.405,高层建筑火灾,住宅,10层；4–5层受影响,未检索到,未检索到,0.0,1.0,70.0,未公布/调查中,4层起火并延烧5层,约70名住户被带离,10层住宅火灾；约70人撤离，1人轻伤,2026,tagesschau.de,B,Berlin,Residential,,10.0,False,False,False,False,True,False,True,True,core_eligible,386eb556101286e4dce89060d1d60ca105f5f54e97db3d3f297bcc2be6c291e5
HRF-0238,欧洲,Germany,Göttingen,哥廷根Iduna中心高层住宅火灾 / Göttingen Iduna-Zentrum high-rise fire,2026-08-17,高层住宅综合体17层火灾造成8人烟气伤，其中6名居民和2名警察，多人送院,https://www.tagesschau.de/inland/regional/niedersachsen/brand-in-goettingen-hochhauskomplex-acht-personen-verletzt-iduna-zentrum%2Caktuellbraunschweig-3544.html,51.5413,9.9158,高层建筑火灾,住宅综合体,高层；17层单元起火,未检索到,未检索到,0.0,8.0,,未公布/调查中；不得由涉事人员异常行为反推纵火,17层公寓完全烧毁，烟气因建筑条件扩散,4人一度被困其他公寓，高层综合体疏散与烟控承压,高层住宅综合体17层火灾造成8人烟气伤，其中6名居民和2名警察，多人送院,2026,tagesschau.de,B,Göttingen,Residential,,17.0,False,True,False,False,True,False,True,True,core_eligible,386eb556101286e4dce89060d1d60ca105f5f54e97db3d3f297bcc2be6c291e5
HRF-0239,北美洲,United States,Arlington,Arlington North Quincy高层公寓火灾 / North Quincy high-rise fire,2026-08-23,高层公寓7层火灾；3人接受烟气评估，1名住户和1名消防员以非危及生命伤势送医,https://patch.com/virginia/arlington-va/amp/34695289/2-hospitalized-after-arlington-high-rise-apartment-fire,38.8816,-77.091,高层建筑火灾,住宅,官方称高层；7层单元起火,未检索到,未检索到,0.0,2.0,,未公布/调查中,7层住宅单元起火,住户和消防员烟气暴露,高层公寓7层火灾；3人接受烟气评估，1名住户和1名消防员以非危及生命伤势送医,2026,patch.com,B,Arlington,Residential,,7.0,False,False,False,False,True,False,True,True,core_eligible,386eb556101286e4dce89060d1d60ca105f5f54e97db3d3f297bcc2be6c291e5
