record_no,event_id,continent,country,location,event_name,event_date,event_year,event_summary,cause,impact,source_url,latitude,longitude,coordinate_meaning,coordinate_precision,fire_type,building_use,building_height_or_floors,affected_floors,building_age_status,deaths,injuries,evacuated,source_grade,verification_status,status_group,source_location_notes,source_dataset,collection_path,supplementary_url,primary_source_count,source_url_access_status,supplementary_url_access_status,retrieval_date,event_group_id,independent_event_count,heatwave_evidence,cause_completeness,population_count_2020,population_density_2020_per_km2,heatwave_days_7d,heatwave_max_t2m_c,heatwave_p90_t2m_c,heatwave_degree_days_c,heatwave_score_0_100,gee_enrichment_status
1,HRF-0001,亚洲,Hong Kong,Hong Kong,Immigration Tower fire,2000-08-02,2000,Immigration Tower高层建筑火灾；建筑高度记录为 181 m。死亡人数：2。Arson,Arson,死亡人数：2。Arson,https://en.wikipedia.org/wiki/List_of_fires_in_high-rise_buildings,22.27832,114.17469,城市代表点（来源明确说明不是火场坐标）,city_centroid,高层建筑火灾,未检索到,181 m,未检索到,未检索到,2,,,C,compendium_needs_independent_verification,专题汇编记录,Wikipedia高层建筑专题表；需补充独立来源核验,List of fires in high-rise buildings | Wikipedia dynamic high-rise list (candidate discovery),Wikipedia专题列表 | 批量来源代理,,1,可访问(200),,2026-08-26,,1,未评估（本事件表不建立热浪因果关系）,已有来源描述,,,,,,,,pending_gee_enrichment
2,HRF-0002,亚洲,Iraq,Baghdad,Al Rasheed Hotel fire,2003-12-26,2003,Al Rasheed Hotel高层建筑火灾；建筑高度记录为 59.4 m。死亡人数：1。Twenty-eight 68 mm and 85 mm Katyusha rockets were fired at and struck the hotel,Twenty-eight 68 mm and 85 mm Katyusha rockets were fired at and struck the hotel,死亡人数：1。Twenty-eight 68 mm and 85 mm Katyusha rockets were fired at and struck the hotel,https://en.wikipedia.org/wiki/List_of_fires_in_high-rise_buildings,33.34058,44.40088,城市代表点（来源明确说明不是火场坐标）,city_centroid,高层建筑火灾,hotel,59.4 m,未检索到,未检索到,1,,,C,compendium_needs_independent_verification,专题汇编记录,Wikipedia高层建筑专题表；需补充独立来源核验,List of fires in high-rise buildings | Wikipedia dynamic high-rise list (candidate discovery),Wikipedia专题列表 | 批量来源代理,,1,可访问(200),,2026-08-26,,1,未评估（本事件表不建立热浪因果关系）,已有来源描述,,,,,,,,pending_gee_enrichment
3,HRF-0003,亚洲,Iran,Tehran,Tohid Town Residential fire,2005-12-06,2005,Tohid Town Residential高层建筑火灾；建筑高度记录为 33 m。死亡人数：106。Plane crash: 2005 Iranian Air Force C-130 crash,Plane crash: 2005 Iranian Air Force C-130 crash,死亡人数：106。Plane crash: 2005 Iranian Air Force C-130 crash,https://en.wikipedia.org/wiki/List_of_fires_in_high-rise_buildings,35.69439,51.42151,城市代表点（来源明确说明不是火场坐标）,city_centroid,高层建筑火灾,residential,33 m,未检索到,未检索到,106,,,C,compendium_needs_independent_verification,专题汇编记录,Wikipedia高层建筑专题表；需补充独立来源核验,List of fires in high-rise buildings | Wikipedia dynamic high-rise list (candidate discovery),Wikipedia专题列表 | 批量来源代理,,1,可访问(200),,2026-08-26,,1,未评估（本事件表不建立热浪因果关系）,已有来源描述,,,,,,,,pending_gee_enrichment
4,HRF-0004,亚洲,Kazakhstan,Astana,Transport Tower fire,2006-05-30,2006,Transport Tower高层建筑火灾；建筑高度记录为 112.2 m。死亡人数：0。Fire destroyed upper floors of 34-story government building,未检索到/待核实,死亡人数：0。Fire destroyed upper floors of 34-story government building,https://en.wikipedia.org/wiki/List_of_fires_in_high-rise_buildings,51.1801,71.44598,城市代表点（来源明确说明不是火场坐标）,city_centroid,高层建筑火灾,未检索到,112.2 m,未检索到,未检索到,0,,,C,compendium_needs_independent_verification,专题汇编记录,Wikipedia高层建筑专题表；需补充独立来源核验,List of fires in high-rise buildings | Wikipedia dynamic high-rise list (candidate discovery),Wikipedia专题列表 | 批量来源代理,,1,可访问(200),,2026-08-26,,1,未评估（本事件表不建立热浪因果关系）,缺失/待核实,,,,,,,,pending_gee_enrichment
5,HRF-0005,亚洲,United Arab Emirates,Dubai,Fortune Tower fire,2007-01-18,2007,"Fortune Tower高层建筑火灾；建筑高度记录为 未列明。死亡人数：4。Occurred during construction, 57 injured",未检索到/待核实,"死亡人数：4。Occurred during construction, 57 injured",https://en.wikipedia.org/wiki/List_of_fires_in_high-rise_buildings,25.07725,55.30927,城市代表点（来源明确说明不是火场坐标）,city_centroid,高层建筑火灾,未检索到,未检索到,未检索到,未检索到,4,57,,C,compendium_needs_independent_verification,专题汇编记录,Wikipedia高层建筑专题表；需补充独立来源核验,List of fires in high-rise buildings | Wikipedia dynamic high-rise list (candidate discovery),Wikipedia专题列表 | 批量来源代理,,1,可访问(200),,2026-08-26,,1,未评估（本事件表不建立热浪因果关系）,缺失/待核实,,,,,,,,pending_gee_enrichment
6,HRF-0006,亚洲,China,Shanghai,Shanghai World Financial Center fire,2007-08-14,2007,Shanghai World Financial Center高层建筑火灾；建筑高度记录为 494.3 m。死亡人数：0。Occurred on 40th floor during construction,未检索到/待核实,死亡人数：0。Occurred on 40th floor during construction,https://en.wikipedia.org/wiki/List_of_fires_in_high-rise_buildings,31.22222,121.45806,城市代表点（来源明确说明不是火场坐标）,city_centroid,高层建筑火灾,未检索到,494.3 m,未检索到,未检索到,0,,,C,compendium_needs_independent_verification,专题汇编记录,Wikipedia高层建筑专题表；需补充独立来源核验,List of fires in high-rise buildings | Wikipedia dynamic high-rise list (candidate discovery),Wikipedia专题列表 | 批量来源代理,,1,可访问(200),,2026-08-26,,1,未评估（本事件表不建立热浪因果关系）,缺失/待核实,,,,,,,,pending_gee_enrichment
7,HRF-0007,亚洲,Saudi Arabia,Mecca,Abraj Al Bait Towers fire,2008-10-28,2008,Abraj Al Bait Towers高层建筑火灾；建筑高度记录为 601 m。死亡人数：0。Occurred during construction; fire consumed nine floors,未检索到/待核实,死亡人数：0。Occurred during construction; fire consumed nine floors,https://en.wikipedia.org/wiki/List_of_fires_in_high-rise_buildings,21.42664,39.82563,城市代表点（来源明确说明不是火场坐标）,city_centroid,高层建筑火灾,未检索到,601 m,未检索到,未检索到,0,,,C,compendium_needs_independent_verification,专题汇编记录,Wikipedia高层建筑专题表；需补充独立来源核验,List of fires in high-rise buildings | Wikipedia dynamic high-rise list (candidate discovery),Wikipedia专题列表 | 批量来源代理,,1,可访问(200),,2026-08-26,,1,未评估（本事件表不建立热浪因果关系）,缺失/待核实,,,,,,,,pending_gee_enrichment
8,HRF-0008,亚洲,China,Beijing,Beijing Television Cultural Center fire,2009-02-09,2009,Beijing Television Cultural Center fire高层建筑外立面火灾。死亡 1，受伤 7；表中记录的受影响楼层为 44。,未检索到/待核实,死亡 1，受伤 7；表中记录的受影响楼层为 44。,https://en.wikipedia.org/wiki/Beijing_Television_Cultural_Center_fire,39.9075,116.39723,城市代表点（来源明确说明不是火场坐标）,city_centroid,高层建筑外立面火灾,未检索到,159 m,44,未检索到,1,,,B,compendium_needs_independent_verification,专题汇编记录,Wikipedia具名事件页+高层专题表,List of fires in high-rise buildings | List of high-rise façade fires | Wikipedia dynamic high-rise list (candidate discovery),Wikipedia专题列表 | 批量来源代理,https://en.wikipedia.org/wiki/List_of_fires_in_high-rise_buildings,2,可访问(200),https://en.wikipedia.org/wiki/List_of_fires_in_high-rise_buildings => 可访问(200),2026-08-26,,1,未评估（本事件表不建立热浪因果关系）,缺失/待核实,,,,,,,,pending_gee_enrichment
9,HRF-0009,亚洲,Bangladesh,Dhaka,Bashundhara City Tower fire,2009-03-13,2009,Bashundhara City Tower高层建筑火灾；建筑高度记录为 62.7 m。死亡人数：4。,未检索到/待核实,死亡人数：4。,https://en.wikipedia.org/wiki/List_of_fires_in_high-rise_buildings,23.7104,90.40744,城市代表点（来源明确说明不是火场坐标）,city_centroid,高层建筑火灾,未检索到,62.7 m,未检索到,未检索到,4,,,C,compendium_needs_independent_verification,专题汇编记录,Wikipedia高层建筑专题表；需补充独立来源核验,List of fires in high-rise buildings | Wikipedia dynamic high-rise list (candidate discovery),Wikipedia专题列表 | 批量来源代理,,1,可访问(200),,2026-08-26,,1,未评估（本事件表不建立热浪因果关系）,缺失/待核实,,,,,,,,pending_gee_enrichment
10,HRF-0010,亚洲,Saudi Arabia,Mecca,Abraj Al Bait Towers fire,2009-05-01,2009,Abraj Al Bait Towers高层建筑火灾；建筑高度记录为 未列明。死亡人数：0。Occurred during construction,未检索到/待核实,死亡人数：0。Occurred during construction,https://en.wikipedia.org/wiki/List_of_fires_in_high-rise_buildings,21.42664,39.82563,城市代表点（来源明确说明不是火场坐标）,city_centroid,高层建筑火灾,未检索到,未检索到,未检索到,未检索到,0,,,C,compendium_needs_independent_verification,专题汇编记录,Wikipedia高层建筑专题表；需补充独立来源核验,List of fires in high-rise buildings | Wikipedia dynamic high-rise list (candidate discovery),Wikipedia专题列表 | 批量来源代理,,1,可访问(200),,2026-08-26,,1,未评估（本事件表不建立热浪因果关系）,缺失/待核实,,,,,,,,pending_gee_enrichment
11,HRF-0011,亚洲,United Arab Emirates,Sharjah,Al Kuwait Tower fire,2010-07-06,2010,Al Kuwait Tower高层建筑外立面火灾。死亡 0，受伤 0；表中记录的受影响楼层为 10。,未检索到/待核实,死亡 0，受伤 0；表中记录的受影响楼层为 10。,https://doi.org/10.26616%2Fnioshfffacef201711,25.3342,55.41221,城市代表点（来源明确说明不是火场坐标）,city_centroid,高层建筑外立面火灾,未检索到,未检索到,10,未检索到,0,0,,C,compendium_needs_independent_verification,专题汇编记录,Wikipedia高层专题表；需补充独立来源核验,List of high-rise façade fires | Wikipedia high-rise façade list; derived from Bonner et al./news (candidate discovery),Wikipedia专题列表 | 批量来源代理,https://en.wikipedia.org/wiki/List_of_high-rise_fa%C3%A7ade_fires,2,受限(403),https://en.wikipedia.org/wiki/List_of_high-rise_fa%C3%A7ade_fires => 可访问(200),2026-08-26,,1,未评估（本事件表不建立热浪因果关系）,缺失/待核实,,,,,,,,pending_gee_enrichment
12,HRF-0012,亚洲,South Korea,Busan,Wooshin Golden Suites fire,2010-09-01,2010,Wooshin Golden Suites fire高层建筑外立面火灾。死亡 0，受伤 5；表中记录的受影响楼层为 35。,未检索到/待核实,死亡 0，受伤 5；表中记录的受影响楼层为 35。,https://en.wikipedia.org/wiki/Wooshin_Golden_Suites_fire,35.10168,129.03004,城市代表点（来源明确说明不是火场坐标）,city_centroid,高层建筑外立面火灾,未检索到,未检索到,35,未检索到,0,,,B,compendium_needs_independent_verification,专题汇编记录,Wikipedia具名事件页+高层专题表,List of fires in high-rise buildings | List of high-rise façade fires | Wikipedia dynamic high-rise list (candidate discovery),Wikipedia专题列表 | 批量来源代理,https://en.wikipedia.org/wiki/List_of_fires_in_high-rise_buildings,2,可访问(200),https://en.wikipedia.org/wiki/List_of_fires_in_high-rise_buildings => 可访问(200),2026-08-26,,1,未评估（本事件表不建立热浪因果关系）,缺失/待核实,,,,,,,,pending_gee_enrichment
13,HRF-0013,亚洲,China,Shanghai,2010 Shanghai Jiaozhou Road high-rise fire,2010-11-15,2010,Jiaozhou Road高层建筑外立面火灾。死亡 58，受伤 71；表中记录的受影响楼层为 28。,未检索到/待核实,死亡 58，受伤 71；表中记录的受影响楼层为 28。,https://en.wikipedia.org/wiki/2010_Shanghai_fire,31.22222,121.45806,城市代表点（来源明确说明不是火场坐标）,city_centroid,高层建筑外立面火灾,residential,85 m,28,未检索到,58,71,,B,compendium_needs_independent_verification,专题汇编记录,Wikipedia具名事件页+高层专题表,List of building or structure fires | List of fires in high-rise buildings | List of high-rise façade fires | Wikipedia dynamic high-rise list (candidate discovery) | Wikipedia high-rise façade list; derived from Bonner et al./news (candidate discovery),Wikipedia专题列表 | 批量来源代理,https://en.wikipedia.org/wiki/List_of_fires_in_high-rise_buildings | https://en.wikipedia.org/wiki/List_of_high-rise_fa%C3%A7ade_fires,3,可访问(200),https://en.wikipedia.org/wiki/List_of_fires_in_high-rise_buildings => 可访问(200) | https://en.wikipedia.org/wiki/List_of_high-rise_fa%C3%A7ade_fires => 可访问(200),2026-08-26,,1,未评估（本事件表不建立热浪因果关系）,缺失/待核实,,,,,,,,pending_gee_enrichment
14,HRF-0014,亚洲,China,Shenyang,2011 Shenyang Dynasty Wanxin complex fire,2011-02-03,2011,Royal Wanxin Hotel高层建筑外立面火灾。死亡 0，受伤 0；表中记录的受影响楼层为 1。,fireworks,死亡 0，受伤 0；表中记录的受影响楼层为 1。,https://www.wsj.com/articles/SB10001424052748703437304576121110358201974,41.79222,123.43278,城市代表点（来源明确说明不是火场坐标）,city_centroid,高层建筑外立面火灾,hotel,未检索到,1,未检索到,0,0,,C,compendium_needs_independent_verification,专题汇编记录,Wikipedia高层专题表；需补充独立来源核验,List of high-rise façade fires | Wikipedia dynamic high-rise list (candidate discovery) | Wikipedia high-rise façade list; derived from Bonner et al./news (candidate discovery),Wikipedia专题列表 | 批量来源代理,https://en.wikipedia.org/wiki/List_of_fires_in_high-rise_buildings | https://en.wikipedia.org/wiki/List_of_high-rise_fa%C3%A7ade_fires,3,受限(401),https://en.wikipedia.org/wiki/List_of_fires_in_high-rise_buildings => 可访问(200) | https://en.wikipedia.org/wiki/List_of_high-rise_fa%C3%A7ade_fires => 可访问(200),2026-08-26,,1,未评估（本事件表不建立热浪因果关系）,已有来源描述,,,,,,,,pending_gee_enrichment
15,HRF-0015,亚洲,Vietnam,Hanoi,EVN Headquarters Tower 1 fire,2011-12-16,2011,"EVN Headquarters Tower 1高层建筑火灾；建筑高度记录为 147 m。死亡人数：0。Fire occurred during construction, 11 workers injured.",未检索到/待核实,"死亡人数：0。Fire occurred during construction, 11 workers injured.",http://www.thanhniennews.com/2010/pages/20111216-skyscraper-on-fire-11-injured-in-vietnam-capital.aspx,21.0245,105.84117,城市代表点（来源明确说明不是火场坐标）,city_centroid,高层建筑火灾,office/government,147 m,未检索到,未检索到,0,,,C,compendium_needs_independent_verification,专题汇编记录,Wikipedia高层建筑专题表；需补充独立来源核验,List of fires in high-rise buildings | Wikipedia dynamic high-rise list (candidate discovery),Wikipedia专题列表 | 批量来源代理,https://en.wikipedia.org/wiki/List_of_fires_in_high-rise_buildings,2,访问失败(RemoteDisconnected),https://en.wikipedia.org/wiki/List_of_fires_in_high-rise_buildings => 可访问(200),2026-08-26,,1,未评估（本事件表不建立热浪因果关系）,缺失/待核实,,,,,,,,pending_gee_enrichment
16,HRF-0016,亚洲,Malaysia,Kuala Lumpur,Uncompleted high rise block fire,2012-01-18,2012,Uncompleted high rise block高层建筑火灾；建筑高度记录为 未列明。死亡人数：0。,未检索到/待核实,死亡人数：0。,https://web.archive.org/web/20120120203454/http://thestar.com.my/news/story.asp?file=%2F2012%2F1%2F19%2Fnation%2F10287478&sec=nation,3.1412,101.68653,城市代表点（来源明确说明不是火场坐标）,city_centroid,高层建筑火灾,under construction,未检索到,未检索到,未检索到,0,,,C,compendium_needs_independent_verification,专题汇编记录,Wikipedia高层建筑专题表；需补充独立来源核验,List of fires in high-rise buildings | Wikipedia dynamic high-rise list (candidate discovery),Wikipedia专题列表 | 批量来源代理,https://en.wikipedia.org/wiki/List_of_fires_in_high-rise_buildings,2,访问失败(URLError),https://en.wikipedia.org/wiki/List_of_fires_in_high-rise_buildings => 可访问(200),2026-08-26,,1,未评估（本事件表不建立热浪因果关系）,缺失/待核实,,,,,,,,pending_gee_enrichment
17,HRF-0017,亚洲,United Arab Emirates,Sharjah,Al Baker Tower fire,2012-01-18,2012,Al Baker Tower高层建筑外立面火灾。死亡 0，受伤 0；表中记录的受影响楼层为 1。,未检索到/待核实,死亡 0，受伤 0；表中记录的受影响楼层为 1。,https://gulfnews.com/uae/tossed-lighted-cigarette-caused-fire-in-al-baker-tower-1.1012778,25.3342,55.41221,城市代表点（来源明确说明不是火场坐标）,city_centroid,高层建筑外立面火灾,未检索到,未检索到,1,未检索到,0,0,,C,compendium_needs_independent_verification,专题汇编记录,Wikipedia高层专题表；需补充独立来源核验,List of high-rise façade fires | Wikipedia high-rise façade list; derived from Bonner et al./news (candidate discovery),Wikipedia专题列表 | 批量来源代理,https://en.wikipedia.org/wiki/List_of_high-rise_fa%C3%A7ade_fires,2,可访问(200),https://en.wikipedia.org/wiki/List_of_high-rise_fa%C3%A7ade_fires => 可访问(200),2026-08-26,,1,未评估（本事件表不建立热浪因果关系）,缺失/待核实,,,,,,,,pending_gee_enrichment
18,HRF-0018,亚洲,Thailand,Bangkok,Fico Place fire,2012-03-03,2012,Fico Place高层建筑火灾；建筑高度记录为 未列明。死亡人数：0。Two firemen injured,未检索到/待核实,死亡人数：0。Two firemen injured,http://bangkok.coconuts.co/news/fico-blaze-prompts-bangkok-city-hall-sprinkler-initiative,13.75398,100.50144,城市代表点（来源明确说明不是火场坐标）,city_centroid,高层建筑火灾,未检索到,未检索到,未检索到,未检索到,0,,,C,compendium_needs_independent_verification,专题汇编记录,Wikipedia高层建筑专题表；需补充独立来源核验,List of fires in high-rise buildings | Wikipedia dynamic high-rise list (candidate discovery),Wikipedia专题列表 | 批量来源代理,https://en.wikipedia.org/wiki/List_of_fires_in_high-rise_buildings,2,HTTP错误(404),https://en.wikipedia.org/wiki/List_of_fires_in_high-rise_buildings => 可访问(200),2026-08-26,,1,未评估（本事件表不建立热浪因果关系）,缺失/待核实,,,,,,,,pending_gee_enrichment
19,HRF-0019,亚洲,United Arab Emirates,Sharjah,Al Tayer Tower fire,2012-04-28,2012,Al Tayer Tower高层建筑外立面火灾。死亡 0，受伤 0；表中记录的受影响楼层为 1。,未检索到/待核实,死亡 0，受伤 0；表中记录的受影响楼层为 1。,https://doi.org/10.1007%2F978-1-4939-2898-9_4,25.3342,55.41221,城市代表点（来源明确说明不是火场坐标）,city_centroid,高层建筑外立面火灾,未检索到,未检索到,1,未检索到,0,0,,C,compendium_needs_independent_verification,专题汇编记录,Wikipedia高层专题表；需补充独立来源核验,List of fires in high-rise buildings | List of high-rise façade fires | Wikipedia high-rise façade list; derived from Bonner et al./news (candidate discovery),Wikipedia专题列表 | 批量来源代理,https://en.wikipedia.org/wiki/List_of_high-rise_fa%C3%A7ade_fires | https://web.archive.org/web/20121006223821/http://www.khaleejtimes.com/kt-article-display-1.asp?xfile=data%2Fnationgeneral%2F2012%2Fapril%2Fnationgeneral_april207.xml&section=nationgeneral,3,可访问(200),https://en.wikipedia.org/wiki/List_of_high-rise_fa%C3%A7ade_fires => 可访问(200) | https://web.archive.org/web/20121006223821/http://www.khaleejtimes.com/kt-article-display-1.asp?xfile=data%2Fnationgeneral%2F2012%2Fapril%2Fnationgeneral_april207.xml&section=nationgeneral => 访问失败(URLError),2026-08-26,,1,未评估（本事件表不建立热浪因果关系）,缺失/待核实,,,,,,,,pending_gee_enrichment
20,HRF-0020,亚洲,Turkey,Istanbul,Polat Tower Residence fire,2012-07-17,2012,Polat Tower Residence高层建筑火灾；建筑高度记录为 140 m。死亡人数：0。,未检索到/待核实,死亡人数：0。,https://www.bbc.co.uk/news/world-europe-18867266,41.01384,28.94966,城市代表点（GeoNames；不是建筑精确坐标）,city_centroid,高层建筑火灾,未检索到,140 m,1,未检索到,0,0,,C,compendium_needs_independent_verification,专题汇编记录,Wikipedia高层建筑专题表；需补充独立来源核验,List of fires in high-rise buildings | List of high-rise façade fires | Wikipedia dynamic high-rise list (candidate discovery) | Wikipedia high-rise façade list; derived from Bonner et al./news (candidate discovery),Wikipedia专题列表 | 批量来源代理,https://en.wikipedia.org/wiki/List_of_fires_in_high-rise_buildings | https://en.wikipedia.org/wiki/List_of_high-rise_fa%C3%A7ade_fires | https://news.sky.com/story/fire-tears-through-istanbul-tower-block-10475629,4,可访问(200),https://en.wikipedia.org/wiki/List_of_fires_in_high-rise_buildings => 可访问(200) | https://en.wikipedia.org/wiki/List_of_high-rise_fa%C3%A7ade_fires => 可访问(200) | https://news.sky.com/story/fire-tears-through-istanbul-tower-block-10475629 => 可访问(200),2026-08-26,,1,未评估（本事件表不建立热浪因果关系）,缺失/待核实,,,,,,,,pending_gee_enrichment
21,HRF-0021,亚洲,United Arab Emirates,Dubai,Saif Belhasa Building fire,2012-10-06,2012,Saif Belhasa Building高层建筑外立面火灾。死亡 0，受伤 2+；表中记录的受影响楼层为 9。,未检索到/待核实,死亡 0，受伤 2+；表中记录的受影响楼层为 9。,https://doi.org/10.1007%2F978-1-4939-2898-9_4,25.07725,55.30927,城市代表点（来源明确说明不是火场坐标）,city_centroid,高层建筑外立面火灾,未检索到,未检索到,9,未检索到,0,2,,C,compendium_needs_independent_verification,专题汇编记录,Wikipedia高层专题表；需补充独立来源核验,List of high-rise façade fires | Wikipedia high-rise façade list; derived from Bonner et al./news (candidate discovery),Wikipedia专题列表 | 批量来源代理,https://en.wikipedia.org/wiki/List_of_high-rise_fa%C3%A7ade_fires,2,可访问(200),https://en.wikipedia.org/wiki/List_of_high-rise_fa%C3%A7ade_fires => 可访问(200),2026-08-26,,1,未评估（本事件表不建立热浪因果关系）,缺失/待核实,,,,,,,,pending_gee_enrichment
22,HRF-0022,亚洲,United Arab Emirates,Dubai,Tamweel Tower fire,2012-11-18,2012,Tamweel Tower高层建筑外立面火灾。死亡 0，受伤 0；表中记录的受影响楼层为 1。,未检索到/待核实,死亡 0，受伤 0；表中记录的受影响楼层为 1。,https://doi.org/10.1007%2F978-1-4939-2898-9_4,25.07725,55.30927,城市代表点（来源明确说明不是火场坐标）,city_centroid,高层建筑外立面火灾,未检索到,160 m,1,未检索到,0,0,,C,compendium_needs_independent_verification,专题汇编记录,Wikipedia高层专题表；需补充独立来源核验,List of fires in high-rise buildings | List of high-rise façade fires | Wikipedia high-rise façade list; derived from Bonner et al./news (candidate discovery),Wikipedia专题列表 | 批量来源代理,http://www.emirates247.com/news/emirates/jlt-s-tamweel-tower-fire-residents-recount-waking-up-to-nightmare-2012-11-19-1.483506 | https://en.wikipedia.org/wiki/List_of_high-rise_fa%C3%A7ade_fires,3,可访问(200),http://www.emirates247.com/news/emirates/jlt-s-tamweel-tower-fire-residents-recount-waking-up-to-nightmare-2012-11-19-1.483506 => 受限(403) | https://en.wikipedia.org/wiki/List_of_high-rise_fa%C3%A7ade_fires => 可访问(200),2026-08-26,,1,未评估（本事件表不建立热浪因果关系）,缺失/待核实,,,,,,,,pending_gee_enrichment
23,HRF-0023,亚洲,China,Guangzhou,Guangzhou Jianye Building Fire,2013-04-03,2013,Guangzhou Jianye Building Fire高层建筑火灾；建筑高度记录为 未列明。死亡人数：0。,未检索到/待核实,死亡人数：0。,https://en.wikipedia.org/wiki/Guangzhou_Jianye_Building_Fire?action=edit&redlink=1,23.11667,113.25,城市代表点（来源明确说明不是火场坐标）,city_centroid,高层建筑火灾,未检索到,未检索到,未检索到,未检索到,0,,,B,compendium_needs_independent_verification,专题汇编记录,Wikipedia具名事件页+高层建筑专题表,List of fires in high-rise buildings | Wikipedia dynamic high-rise list (candidate discovery),Wikipedia专题列表 | 批量来源代理,https://en.wikipedia.org/wiki/List_of_fires_in_high-rise_buildings,2,HTTP错误(404),https://en.wikipedia.org/wiki/List_of_fires_in_high-rise_buildings => 可访问(200),2026-08-26,,1,未评估（本事件表不建立热浪因果关系）,缺失/待核实,,,,,,,,pending_gee_enrichment
24,HRF-0024,亚洲,United Arab Emirates,Sharjah,Al Hafeet Tower 2 fire,2013-04-22,2013,Al Hafeet Tower 2高层建筑外立面火灾。死亡 0，受伤 0；表中记录的受影响楼层为 10。,未检索到/待核实,死亡 0，受伤 0；表中记录的受影响楼层为 10。,https://www.emirates247.com/news/emirates/sharjah-al-hafeet-tower-fire-three-arrested-2013-04-23-1.503726,25.3342,55.41221,城市代表点（来源明确说明不是火场坐标）,city_centroid,高层建筑外立面火灾,未检索到,未检索到,10,未检索到,0,0,,C,compendium_needs_independent_verification,专题汇编记录,Wikipedia高层专题表；需补充独立来源核验,List of high-rise façade fires | Wikipedia high-rise façade list; derived from Bonner et al./news (candidate discovery),Wikipedia专题列表 | 批量来源代理,https://en.wikipedia.org/wiki/List_of_high-rise_fa%C3%A7ade_fires,2,受限(403),https://en.wikipedia.org/wiki/List_of_high-rise_fa%C3%A7ade_fires => 可访问(200),2026-08-26,,1,未评估（本事件表不建立热浪因果关系）,缺失/待核实,,,,,,,,pending_gee_enrichment
25,HRF-0025,亚洲,India,Mumbai,Lotus Park building fire,2014-07-18,2014,Lotus Park building高层建筑火灾；建筑高度记录为 未列明。死亡人数：1。,未检索到/待核实,死亡人数：1。,http://us.india.com/loudspeaker/mumbai-fire-fireman-killed-in-mumbai-high-rise-blaze-98392/,19.07283,72.88261,城市代表点（来源明确说明不是火场坐标）,city_centroid,高层建筑火灾,未检索到,未检索到,未检索到,未检索到,1,,,C,compendium_needs_independent_verification,专题汇编记录,Wikipedia高层建筑专题表；需补充独立来源核验,List of fires in high-rise buildings | Wikipedia dynamic high-rise list (candidate discovery),Wikipedia专题列表 | 批量来源代理,https://en.wikipedia.org/wiki/List_of_fires_in_high-rise_buildings,2,访问失败(RemoteDisconnected),https://en.wikipedia.org/wiki/List_of_fires_in_high-rise_buildings => 可访问(200),2026-08-26,,1,未评估（本事件表不建立热浪因果关系）,缺失/待核实,,,,,,,,pending_gee_enrichment
26,HRF-0026,亚洲,United Arab Emirates,Dubai,The Marina Torch fire,2015-02-21,2015,The Marina Torch高层建筑外立面火灾。死亡 0，受伤 7；表中记录的受影响楼层为 60。,未检索到/待核实,死亡 0，受伤 7；表中记录的受影响楼层为 60。,https://www.telegraph.co.uk/news/worldnews/middleeast/dubai/11426566/Fire-rips-through-79-storey-Dubai-Marina-Torch.html,25.07725,55.30927,城市代表点（来源明确说明不是火场坐标）,city_centroid,高层建筑外立面火灾,未检索到,336.8 m,60,未检索到,0,7,,C,compendium_needs_independent_verification,专题汇编记录,Wikipedia高层专题表；需补充独立来源核验,List of fires in high-rise buildings | List of high-rise façade fires | Wikipedia high-rise façade list; derived from Bonner et al./news (candidate discovery),Wikipedia专题列表 | 批量来源代理,https://en.wikipedia.org/wiki/List_of_fires_in_high-rise_buildings | https://en.wikipedia.org/wiki/List_of_high-rise_fa%C3%A7ade_fires,3,可访问(206),https://en.wikipedia.org/wiki/List_of_fires_in_high-rise_buildings => 可访问(200) | https://en.wikipedia.org/wiki/List_of_high-rise_fa%C3%A7ade_fires => 可访问(200),2026-08-26,,1,未评估（本事件表不建立热浪因果关系）,缺失/待核实,,,,,,,,pending_gee_enrichment
27,HRF-0027,亚洲,Indonesia,Jakarta,Wisma Kosgoro fire,2015-03-10,2015,Wisma Kosgoro高层建筑火灾；建筑高度记录为 未列明。死亡人数：0。Fire destroyed floors 16–20.,未检索到/待核实,死亡人数：0。Fire destroyed floors 16–20.,https://www.thejakartapost.com/news/2015/03/10/wisma-kosgoro-fire-subdued-short-circuiting-possible-cause.html,-6.21462,106.84513,城市代表点（来源明确说明不是火场坐标）,city_centroid,高层建筑火灾,未检索到,未检索到,未检索到,未检索到,0,,,C,compendium_needs_independent_verification,专题汇编记录,Wikipedia高层建筑专题表；需补充独立来源核验,List of fires in high-rise buildings | Wikipedia dynamic high-rise list (candidate discovery),Wikipedia专题列表 | 批量来源代理,https://en.wikipedia.org/wiki/List_of_fires_in_high-rise_buildings,2,可访问(200),https://en.wikipedia.org/wiki/List_of_fires_in_high-rise_buildings => 可访问(200),2026-08-26,,1,未评估（本事件表不建立热浪因果关系）,缺失/待核实,,,,,,,,pending_gee_enrichment
28,HRF-0028,亚洲,Azerbaijan,Baku,2015 Baku residence high-rise fire,2015-05-19,2015,Unnamed Highrise高层建筑火灾；建筑高度记录为 未列明。死亡人数：16。See 2015 Baku residence building fire,未检索到/待核实,死亡人数：16。See 2015 Baku residence building fire,https://en.wikipedia.org/wiki/2015_Baku_residence_building_fire,40.37767,49.89201,城市代表点（来源明确说明不是火场坐标）,city_centroid,高层建筑火灾,residential,未检索到,1,未检索到,16,63,,B,compendium_needs_independent_verification,专题汇编记录,Wikipedia具名事件页+高层建筑专题表,List of fires in high-rise buildings | List of high-rise façade fires | Wikipedia dynamic high-rise list (candidate discovery) | Wikipedia high-rise façade list; derived from Bonner et al./news (candidate discovery),Wikipedia专题列表 | 批量来源代理,https://en.wikipedia.org/wiki/List_of_fires_in_high-rise_buildings | https://en.wikipedia.org/wiki/List_of_high-rise_fa%C3%A7ade_fires,3,可访问(200),https://en.wikipedia.org/wiki/List_of_fires_in_high-rise_buildings => 可访问(200) | https://en.wikipedia.org/wiki/List_of_high-rise_fa%C3%A7ade_fires => 可访问(200),2026-08-26,,1,未评估（本事件表不建立热浪因果关系）,缺失/待核实,,,,,,,,pending_gee_enrichment
29,HRF-0029,亚洲,United Arab Emirates,Sharjah,Al Nasser Tower fire,2015-10-01,2015,Al Nasser Tower高层建筑外立面火灾。死亡 0，受伤 40；表中记录的受影响楼层为 26。,未检索到/待核实,死亡 0，受伤 40；表中记录的受影响楼层为 26。,https://thepawprintdaa.com/2015/10/08/major-fire-in-sharjah-residential-tower/,25.3342,55.41221,城市代表点（来源明确说明不是火场坐标）,city_centroid,高层建筑外立面火灾,residential,未检索到,26,未检索到,0,40,,C,compendium_needs_independent_verification,专题汇编记录,Wikipedia高层专题表；需补充独立来源核验,List of fires in high-rise buildings | List of high-rise façade fires | Wikipedia dynamic high-rise list (candidate discovery) | Wikipedia high-rise façade list; derived from Bonner et al./news (candidate discovery),Wikipedia专题列表 | 批量来源代理,https://en.wikipedia.org/wiki/List_of_fires_in_high-rise_buildings | https://en.wikipedia.org/wiki/List_of_high-rise_fa%C3%A7ade_fires,3,访问失败(URLError),https://en.wikipedia.org/wiki/List_of_fires_in_high-rise_buildings => 可访问(200) | https://en.wikipedia.org/wiki/List_of_high-rise_fa%C3%A7ade_fires => 可访问(200),2026-08-26,,1,未评估（本事件表不建立热浪因果关系）,缺失/待核实,,,,,,,,pending_gee_enrichment
30,HRF-0030,亚洲,United Arab Emirates,Dubai,Address Downtown Hotel fire,2015-12-31,2015,Address Downtown Hotel高层建筑外立面火灾。死亡 0，受伤 15；表中记录的受影响楼层为 1。,未检索到/待核实,死亡 0，受伤 15；表中记录的受影响楼层为 1。,http://www.independent.co.uk/news/world/middle-east/dubai-skyscraper-hotel-engulfed-in-huge-fire-a6792356.html,25.07725,55.30927,城市代表点（来源明确说明不是火场坐标）,city_centroid,高层建筑外立面火灾,hotel,306.2 m,1,未检索到,0,15,,C,compendium_needs_independent_verification,专题汇编记录,Wikipedia高层专题表；需补充独立来源核验,List of fires in high-rise buildings | List of high-rise façade fires | Wikipedia dynamic high-rise list (candidate discovery) | Wikipedia high-rise façade list; derived from Bonner et al./news (candidate discovery),Wikipedia专题列表 | 批量来源代理,https://en.wikipedia.org/wiki/List_of_fires_in_high-rise_buildings | https://en.wikipedia.org/wiki/List_of_high-rise_fa%C3%A7ade_fires | https://www.bbc.com/news/world-middle-east-35207451,4,可访问(200),https://en.wikipedia.org/wiki/List_of_fires_in_high-rise_buildings => 可访问(200) | https://en.wikipedia.org/wiki/List_of_high-rise_fa%C3%A7ade_fires => 可访问(200) | https://www.bbc.com/news/world-middle-east-35207451 => 可访问(200),2026-08-26,,1,未评估（本事件表不建立热浪因果关系）,缺失/待核实,,,,,,,,pending_gee_enrichment
31,HRF-0031,亚洲,United Arab Emirates,Ajman,Ajman One Complex fire,2016-03-28,2016,Ajman One Complex高层建筑外立面火灾。死亡 0，受伤 0；表中记录的受影响楼层为 1。,未检索到/待核实,死亡 0，受伤 0；表中记录的受影响楼层为 1。,https://www.bbc.com/news/world-middle-east-35913988,25.40177,55.47878,城市代表点（来源明确说明不是火场坐标）,city_centroid,高层建筑外立面火灾,未检索到,未检索到,1,未检索到,0,0,,C,compendium_needs_independent_verification,专题汇编记录,Wikipedia高层专题表；需补充独立来源核验,List of high-rise façade fires | Wikipedia high-rise façade list; derived from Bonner et al./news (candidate discovery),Wikipedia专题列表 | 批量来源代理,https://en.wikipedia.org/wiki/List_of_high-rise_fa%C3%A7ade_fires,2,可访问(200),https://en.wikipedia.org/wiki/List_of_high-rise_fa%C3%A7ade_fires => 可访问(200),2026-08-26,,1,未评估（本事件表不建立热浪因果关系）,缺失/待核实,,,,,,,,pending_gee_enrichment
32,HRF-0032,亚洲,China,Nanjing,Longsheng Building fire,2016-05-03,2016,Longsheng Building高层建筑外立面火灾。死亡 0，受伤 0；表中记录的受影响楼层为 1。,未检索到/待核实,死亡 0，受伤 0；表中记录的受影响楼层为 1。,http://www.mirror.co.uk/news/world-news/longsheng-building-fire-terror-skyscraper-7885245,32.06167,118.77778,城市代表点（来源明确说明不是火场坐标）,city_centroid,高层建筑外立面火灾,未检索到,未检索到,1,未检索到,0,0,,C,compendium_needs_independent_verification,专题汇编记录,Wikipedia高层专题表；需补充独立来源核验,List of high-rise façade fires | Wikipedia high-rise façade list; derived from Bonner et al./news (candidate discovery),Wikipedia专题列表 | 批量来源代理,https://en.wikipedia.org/wiki/List_of_high-rise_fa%C3%A7ade_fires,2,可访问(200),https://en.wikipedia.org/wiki/List_of_high-rise_fa%C3%A7ade_fires => 可访问(200),2026-08-26,,1,未评估（本事件表不建立热浪因果关系）,缺失/待核实,,,,,,,,pending_gee_enrichment
33,HRF-0033,亚洲,United Arab Emirates,Dubai,Sulafa Tower fire,2016-07-20,2016,Sulafa Tower高层建筑外立面火灾。死亡 0，受伤 0；表中记录的受影响楼层为 30。,未检索到/待核实,死亡 0，受伤 0；表中记录的受影响楼层为 30。,https://www.bbc.com/news/world-middle-east-36848521,25.07725,55.30927,城市代表点（来源明确说明不是火场坐标）,city_centroid,高层建筑外立面火灾,未检索到,288 m,30,未检索到,0,,,C,compendium_needs_independent_verification,专题汇编记录,Wikipedia高层专题表；需补充独立来源核验,List of fires in high-rise buildings | List of high-rise façade fires | Wikipedia dynamic high-rise list (candidate discovery),Wikipedia专题列表 | 批量来源代理,https://en.wikipedia.org/wiki/List_of_fires_in_high-rise_buildings,2,可访问(200),https://en.wikipedia.org/wiki/List_of_fires_in_high-rise_buildings => 可访问(200),2026-08-26,,1,未评估（本事件表不建立热浪因果关系）,缺失/待核实,,,,,,,,pending_gee_enrichment
34,HRF-0034,亚洲,Indonesia,Jakarta,Neo Soho Project fire,2016-11-09,2016,Neo Soho Project高层建筑外立面火灾。死亡 0，受伤 0；表中记录的受影响楼层为 7。,未检索到/待核实,死亡 0，受伤 0；表中记录的受影响楼层为 7。,https://apfmag.mdmpublishing.com/a-perspective-on-high-rise-building-fires-involving-the-facade/,-6.21462,106.84513,城市代表点（来源明确说明不是火场坐标）,city_centroid,高层建筑外立面火灾,未检索到,未检索到,7,未检索到,0,0,,C,compendium_needs_independent_verification,专题汇编记录,Wikipedia高层专题表；需补充独立来源核验,List of high-rise façade fires | Wikipedia high-rise façade list; derived from Bonner et al./news (candidate discovery),Wikipedia专题列表 | 批量来源代理,https://en.wikipedia.org/wiki/List_of_high-rise_fa%C3%A7ade_fires,2,可访问(200),https://en.wikipedia.org/wiki/List_of_high-rise_fa%C3%A7ade_fires => 可访问(200),2026-08-26,,1,未评估（本事件表不建立热浪因果关系）,缺失/待核实,,,,,,,,pending_gee_enrichment
35,HRF-0035,亚洲,United Arab Emirates,Sharjah,Al Bandary Tower B fire,2016-12-01,2016,Al Bandary Tower B高层建筑外立面火灾。死亡 0，受伤 4；表中记录的受影响楼层为 1。,未检索到/待核实,死亡 0，受伤 4；表中记录的受影响楼层为 1。,https://gulfnews.com/uae/sharjah-fire-tenants-move-into-tower-a-1.1938866,25.3342,55.41221,城市代表点（来源明确说明不是火场坐标）,city_centroid,高层建筑外立面火灾,未检索到,未检索到,1,未检索到,0,4,,C,compendium_needs_independent_verification,专题汇编记录,Wikipedia高层专题表；需补充独立来源核验,List of high-rise façade fires | Wikipedia high-rise façade list; derived from Bonner et al./news (candidate discovery),Wikipedia专题列表 | 批量来源代理,https://en.wikipedia.org/wiki/List_of_high-rise_fa%C3%A7ade_fires,2,可访问(200),https://en.wikipedia.org/wiki/List_of_high-rise_fa%C3%A7ade_fires => 可访问(200),2026-08-26,,1,未评估（本事件表不建立热浪因果关系）,缺失/待核实,,,,,,,,pending_gee_enrichment
36,HRF-0036,亚洲,United Arab Emirates,Dubai,Oceana Adriatic Building fire,2016-12-13,2016,Oceana Adriatic Building高层建筑外立面火灾。死亡 0，受伤 0；表中记录的受影响楼层为 1。,未检索到/待核实,死亡 0，受伤 0；表中记录的受影响楼层为 1。,https://www.khaleejtimes.com/nation/dubai/update-fire-put-out-at-dubais-palm-jumeirah-building,25.07725,55.30927,城市代表点（来源明确说明不是火场坐标）,city_centroid,高层建筑外立面火灾,未检索到,未检索到,1,未检索到,0,0,,C,compendium_needs_independent_verification,专题汇编记录,Wikipedia高层专题表；需补充独立来源核验,List of high-rise façade fires | Wikipedia high-rise façade list; derived from Bonner et al./news (candidate discovery),Wikipedia专题列表 | 批量来源代理,https://en.wikipedia.org/wiki/List_of_high-rise_fa%C3%A7ade_fires,2,可访问(200),https://en.wikipedia.org/wiki/List_of_high-rise_fa%C3%A7ade_fires => 可访问(200),2026-08-26,,1,未评估（本事件表不建立热浪因果关系）,缺失/待核实,,,,,,,,pending_gee_enrichment
37,HRF-0037,亚洲,Iran,Tehran,Plasco Building fire,2017-01-19,2017,Plasco Building高层建筑火灾；建筑高度记录为 42 m。死亡人数：21。The 17-story building collapsed after a fire started on the ninth floor. Seventy injured.,The 17-story building collapsed after a fire started on the ninth floor.,死亡人数：21。The 17-story building collapsed after a fire started on the ninth floor. Seventy injured.,https://www.bbc.co.uk/news/world-middle-east-38675628,35.69439,51.42151,城市代表点（来源明确说明不是火场坐标）,city_centroid,高层建筑火灾,未检索到,42 m,未检索到,未检索到,21,,,C,compendium_needs_independent_verification,专题汇编记录,Wikipedia高层建筑专题表；需补充独立来源核验,List of fires in high-rise buildings | Wikipedia dynamic high-rise list (candidate discovery),Wikipedia专题列表 | 批量来源代理,https://en.wikipedia.org/wiki/List_of_fires_in_high-rise_buildings,2,可访问(200),https://en.wikipedia.org/wiki/List_of_fires_in_high-rise_buildings => 可访问(200),2026-08-26,,1,未评估（本事件表不建立热浪因果关系）,已有来源描述,,,,,,,,pending_gee_enrichment
38,HRF-0038,亚洲,United Arab Emirates,Dubai,Address Residences Fountain Views fire,2017-03-02,2017,Address Residences Fountain Views高层建筑外立面火灾。死亡 0，受伤 0；表中记录的受影响楼层为 3。,未检索到/待核实,死亡 0，受伤 0；表中记录的受影响楼层为 3。,https://www.telegraph.co.uk/news/2017/04/02/dramatic-scenes-fire-engulfs-skyscraper-downtown-dubai/,25.07725,55.30927,城市代表点（来源明确说明不是火场坐标）,city_centroid,高层建筑外立面火灾,未检索到,未检索到,3,未检索到,0,0,,C,compendium_needs_independent_verification,专题汇编记录,Wikipedia高层专题表；需补充独立来源核验,List of high-rise façade fires | Wikipedia high-rise façade list; derived from Bonner et al./news (candidate discovery),Wikipedia专题列表 | 批量来源代理,https://en.wikipedia.org/wiki/List_of_high-rise_fa%C3%A7ade_fires,2,可访问(206),https://en.wikipedia.org/wiki/List_of_high-rise_fa%C3%A7ade_fires => 可访问(200),2026-08-26,,1,未评估（本事件表不建立热浪因果关系）,缺失/待核实,,,,,,,,pending_gee_enrichment
39,HRF-0039,亚洲,Iran,Tehran,Pamchal Chitgar Building fire,2017-06-14,2017,Pamchal Chitgar Building高层建筑火灾；建筑高度记录为 66 m。死亡人数：0。The residential 20-storey tower – four injured,未检索到/待核实,死亡人数：0。The residential 20-storey tower – four injured,https://en.wikipedia.org/wiki/List_of_fires_in_high-rise_buildings,35.69439,51.42151,城市代表点（来源明确说明不是火场坐标）,city_centroid,高层建筑火灾,residential,66 m,未检索到,未检索到,0,,,C,compendium_needs_independent_verification,专题汇编记录,Wikipedia高层建筑专题表；需补充独立来源核验,List of fires in high-rise buildings | Wikipedia dynamic high-rise list (candidate discovery),Wikipedia专题列表 | 批量来源代理,,1,可访问(200),,2026-08-26,,1,未评估（本事件表不建立热浪因果关系）,缺失/待核实,,,,,,,,pending_gee_enrichment
40,HRF-0040,亚洲,Iran,Mashhad,Rotana Hotel Building fire,2017-07-22,2017,Rotana Hotel Building高层建筑火灾；建筑高度记录为 66 m。死亡人数：0。Under construction 20-storey hotel,未检索到/待核实,死亡人数：0。Under construction 20-storey hotel,https://en.wikipedia.org/wiki/List_of_fires_in_high-rise_buildings,36.29807,59.60567,城市代表点（来源明确说明不是火场坐标）,city_centroid,高层建筑火灾,hotel,66 m,未检索到,未检索到,0,,,C,compendium_needs_independent_verification,专题汇编记录,Wikipedia高层建筑专题表；需补充独立来源核验,List of fires in high-rise buildings | Wikipedia dynamic high-rise list (candidate discovery),Wikipedia专题列表 | 批量来源代理,,1,可访问(200),,2026-08-26,,1,未评估（本事件表不建立热浪因果关系）,缺失/待核实,,,,,,,,pending_gee_enrichment
41,HRF-0041,亚洲,United Arab Emirates,Dubai,The Marina Torch fire,2017-08-04,2017,The Marina Torch高层建筑外立面火灾。死亡 0，受伤 0；表中记录的受影响楼层为 64/87。,未检索到/待核实,死亡 0，受伤 0；表中记录的受影响楼层为 64/87。,https://www.bbc.com/news/world-middle-east-40822269,25.07725,55.30927,城市代表点（来源明确说明不是火场坐标）,city_centroid,高层建筑外立面火灾,未检索到,336.8 m,64/87,未检索到,0,0,,C,compendium_needs_independent_verification,专题汇编记录,Wikipedia高层专题表；需补充独立来源核验,List of fires in high-rise buildings | List of high-rise façade fires | Wikipedia high-rise façade list; derived from Bonner et al./news (candidate discovery),Wikipedia专题列表 | 批量来源代理,https://en.wikipedia.org/wiki/List_of_fires_in_high-rise_buildings | https://en.wikipedia.org/wiki/List_of_high-rise_fa%C3%A7ade_fires,3,可访问(200),https://en.wikipedia.org/wiki/List_of_fires_in_high-rise_buildings => 可访问(200) | https://en.wikipedia.org/wiki/List_of_high-rise_fa%C3%A7ade_fires => 可访问(200),2026-08-26,,1,未评估（本事件表不建立热浪因果关系）,缺失/待核实,,,,,,,,pending_gee_enrichment
42,HRF-0042,亚洲,China,Zhengzhou,Yuansheng International fire,2018-02-01,2018,Yuansheng International高层建筑外立面火灾。死亡 0，受伤 0；表中记录的受影响楼层为 20。,未检索到/待核实,死亡 0，受伤 0；表中记录的受影响楼层为 20。,http://www.ecns.cn/news/society/2018-02-02/detail-ifysszkh2352510.shtml,34.75778,113.64861,城市代表点（来源明确说明不是火场坐标）,city_centroid,高层建筑外立面火灾,未检索到,未检索到,20,未检索到,0,0,,C,compendium_needs_independent_verification,专题汇编记录,Wikipedia高层专题表；需补充独立来源核验,List of high-rise façade fires | Wikipedia high-rise façade list; derived from Bonner et al./news (candidate discovery),Wikipedia专题列表 | 批量来源代理,https://en.wikipedia.org/wiki/List_of_high-rise_fa%C3%A7ade_fires,2,可访问(200),https://en.wikipedia.org/wiki/List_of_high-rise_fa%C3%A7ade_fires => 可访问(200),2026-08-26,,1,未评估（本事件表不建立热浪因果关系）,缺失/待核实,,,,,,,,pending_gee_enrichment
43,HRF-0043,亚洲,Turkey,Istanbul,Taksim Ilk Yardim Hospital fire,2018-04-05,2018,Taksim Ilk Yardim Hospital高层建筑外立面火灾。死亡 0，受伤 0；表中记录的受影响楼层为 14。,未检索到/待核实,死亡 0，受伤 0；表中记录的受影响楼层为 14。,http://www.middleeasteye.net/news/istanbuls-grenfell-hospital-fire-brings-city-safety-stark-relief,41.01384,28.94966,城市代表点（GeoNames；不是建筑精确坐标）,city_centroid,高层建筑外立面火灾,healthcare/care,未检索到,14,未检索到,0,0,,C,compendium_needs_independent_verification,专题汇编记录,Wikipedia高层专题表；需补充独立来源核验,List of high-rise façade fires | Wikipedia high-rise façade list; derived from Bonner et al./news (candidate discovery),Wikipedia专题列表 | 批量来源代理,https://en.wikipedia.org/wiki/List_of_high-rise_fa%C3%A7ade_fires,2,可访问(200),https://en.wikipedia.org/wiki/List_of_high-rise_fa%C3%A7ade_fires => 可访问(200),2026-08-26,,1,未评估（本事件表不建立热浪因果关系）,缺失/待核实,,,,,,,,pending_gee_enrichment
44,HRF-0044,亚洲,Azerbaijan,Baku,Trump International Hotel and Tower (Baku) fire,2018-04-30,2018,Trump International Hotel and Tower (Baku)高层建筑火灾；建筑高度记录为 108.9 m。死亡人数：0。Involved two separate fires the same day,未检索到/待核实,死亡人数：0。Involved two separate fires the same day,https://en.wikipedia.org/wiki/List_of_fires_in_high-rise_buildings,40.37767,49.89201,城市代表点（来源明确说明不是火场坐标）,city_centroid,高层建筑火灾,hotel,108.9 m,未检索到,未检索到,0,,,C,compendium_needs_independent_verification,专题汇编记录,Wikipedia高层建筑专题表；需补充独立来源核验,List of fires in high-rise buildings | Wikipedia dynamic high-rise list (candidate discovery),Wikipedia专题列表 | 批量来源代理,,1,可访问(200),,2026-08-26,,1,未评估（本事件表不建立热浪因果关系）,缺失/待核实,,,,,,,,pending_gee_enrichment
45,HRF-0045,亚洲,United Arab Emirates,Dubai,Almas Tower fire,2018-04-30,2018,Almas Tower高层建筑火灾；建筑高度记录为 360 m。死亡人数：0。,未检索到/待核实,死亡人数：0。,https://en.wikipedia.org/wiki/List_of_fires_in_high-rise_buildings,25.07725,55.30927,城市代表点（来源明确说明不是火场坐标）,city_centroid,高层建筑火灾,未检索到,360 m,未检索到,未检索到,0,,,C,compendium_needs_independent_verification,专题汇编记录,Wikipedia高层建筑专题表；需补充独立来源核验,List of fires in high-rise buildings | Wikipedia dynamic high-rise list (candidate discovery),Wikipedia专题列表 | 批量来源代理,,1,可访问(200),,2026-08-26,,1,未评估（本事件表不建立热浪因果关系）,缺失/待核实,,,,,,,,pending_gee_enrichment
46,HRF-0046,亚洲,United Arab Emirates,Dubai,Zen Tower fire,2018-05-15,2018,Zen Tower高层建筑外立面火灾。死亡 0，受伤 0；表中记录的受影响楼层为 15。,未检索到/待核实,死亡 0，受伤 0；表中记录的受影响楼层为 15。,https://www.khaleejtimes.com/nation/dubai/15-floors-gutted-in-Dubai-Marina-fire-,25.07725,55.30927,城市代表点（来源明确说明不是火场坐标）,city_centroid,高层建筑外立面火灾,未检索到,未检索到,15,未检索到,0,0,,C,compendium_needs_independent_verification,专题汇编记录,Wikipedia高层专题表；需补充独立来源核验,List of high-rise façade fires | Wikipedia high-rise façade list; derived from Bonner et al./news (candidate discovery),Wikipedia专题列表 | 批量来源代理,https://en.wikipedia.org/wiki/List_of_high-rise_fa%C3%A7ade_fires,2,HTTP错误(404),https://en.wikipedia.org/wiki/List_of_high-rise_fa%C3%A7ade_fires => 可访问(200),2026-08-26,,1,未评估（本事件表不建立热浪因果关系）,缺失/待核实,,,,,,,,pending_gee_enrichment
47,HRF-0047,亚洲,Iran,Tehran,Paramis Building fire,2018-07-22,2018,Paramis Building高层建筑火灾；建筑高度记录为 69.3 m。死亡人数：0。21-storey residential building,未检索到/待核实,死亡人数：0。21-storey residential building,https://en.wikipedia.org/wiki/List_of_fires_in_high-rise_buildings,35.69439,51.42151,城市代表点（来源明确说明不是火场坐标）,city_centroid,高层建筑火灾,residential,69.3 m,未检索到,未检索到,0,,,C,compendium_needs_independent_verification,专题汇编记录,Wikipedia高层建筑专题表；需补充独立来源核验,List of fires in high-rise buildings | Wikipedia dynamic high-rise list (candidate discovery),Wikipedia专题列表 | 批量来源代理,,1,可访问(200),,2026-08-26,,1,未评估（本事件表不建立热浪因果关系）,缺失/待核实,,,,,,,,pending_gee_enrichment
48,HRF-0048,亚洲,China,Kaifeng,Kaifeng Apartments[citation needed] fire,2019-03-14,2019,Kaifeng Apartments[citation needed]高层建筑外立面火灾。死亡 0，受伤 0；表中记录的受影响楼层为 17。,未检索到/待核实,死亡 0，受伤 0；表中记录的受影响楼层为 17。,https://en.wikipedia.org/wiki/List_of_high-rise_fa%C3%A7ade_fires,34.7986,114.30742,城市代表点（来源明确说明不是火场坐标）,city_centroid,高层建筑外立面火灾,residential,未检索到,17,未检索到,0,0,,C,compendium_needs_independent_verification,专题汇编记录,Wikipedia高层专题表；需补充独立来源核验,List of high-rise façade fires | Wikipedia high-rise façade list; derived from Bonner et al./news (candidate discovery),Wikipedia专题列表 | 批量来源代理,,1,可访问(200),,2026-08-26,,1,未评估（本事件表不建立热浪因果关系）,缺失/待核实,,,,,,,,pending_gee_enrichment
49,HRF-0049,亚洲,Bangladesh,Dhaka,FR Tower fire,2019-03-28,2019,FR Tower高层建筑火灾；建筑高度记录为 未列明。死亡人数：25。FR Tower fire,未检索到/待核实,死亡人数：25。FR Tower fire,https://en.wikipedia.org/wiki/FR_Tower_fire,23.7104,90.40744,城市代表点（来源明确说明不是火场坐标）,city_centroid,高层建筑火灾,未检索到,未检索到,未检索到,未检索到,25,,,B,compendium_needs_independent_verification,专题汇编记录,Wikipedia具名事件页+高层建筑专题表,List of fires in high-rise buildings | Wikipedia dynamic high-rise list (candidate discovery),Wikipedia专题列表 | 批量来源代理,https://en.wikipedia.org/wiki/List_of_fires_in_high-rise_buildings,2,可访问(200),https://en.wikipedia.org/wiki/List_of_fires_in_high-rise_buildings => 可访问(200),2026-08-26,,1,未评估（本事件表不建立热浪因果关系）,缺失/待核实,,,,,,,,pending_gee_enrichment
50,HRF-0050,亚洲,China,Nanjing,Golden Eagle Shopping Mall fire,2019-05-27,2019,Golden Eagle Shopping Mall高层建筑外立面火灾。死亡 0，受伤 0；表中记录的受影响楼层为 1。,未检索到/待核实,死亡 0，受伤 0；表中记录的受影响楼层为 1。,https://www.chinadaily.com.cn/a/201905/25/WS5ce816f5a3104842260bdb05.html,32.06167,118.77778,城市代表点（来源明确说明不是火场坐标）,city_centroid,高层建筑外立面火灾,commercial/retail,未检索到,1,未检索到,0,0,,C,compendium_needs_independent_verification,专题汇编记录,Wikipedia高层专题表；需补充独立来源核验,List of high-rise façade fires | Wikipedia high-rise façade list; derived from Bonner et al./news (candidate discovery),Wikipedia专题列表 | 批量来源代理,https://en.wikipedia.org/wiki/List_of_high-rise_fa%C3%A7ade_fires,2,可访问(200),https://en.wikipedia.org/wiki/List_of_high-rise_fa%C3%A7ade_fires => 可访问(200),2026-08-26,,1,未评估（本事件表不建立热浪因果关系）,缺失/待核实,,,,,,,,pending_gee_enrichment
51,HRF-0051,亚洲,China,Luoyang,Commercial Building fire,2019-05-29,2019,Commercial Building高层建筑外立面火灾。死亡 0，受伤 0；表中记录的受影响楼层为 1。,未检索到/待核实,死亡 0，受伤 0；表中记录的受影响楼层为 1。,https://news.sina.com.cn/o/2019-05-29/doc-ihvhiqay2320153.shtml,34.67345,112.43684,城市代表点（来源明确说明不是火场坐标）,city_centroid,高层建筑外立面火灾,未检索到,未检索到,1,未检索到,0,0,,C,compendium_needs_independent_verification,专题汇编记录,Wikipedia高层专题表；需补充独立来源核验,List of high-rise façade fires | Wikipedia high-rise façade list; derived from Bonner et al./news (candidate discovery),Wikipedia专题列表 | 批量来源代理,https://en.wikipedia.org/wiki/List_of_high-rise_fa%C3%A7ade_fires,2,可访问(200),https://en.wikipedia.org/wiki/List_of_high-rise_fa%C3%A7ade_fires => 可访问(200),2026-08-26,,1,未评估（本事件表不建立热浪因果关系）,缺失/待核实,,,,,,,,pending_gee_enrichment
52,HRF-0052,亚洲,United Arab Emirates,Sharjah,Abbco Tower fire,2020-05-05,2020,"Abbco Tower高层建筑火灾；建筑高度记录为 190 m。死亡人数：1。25 injuries, likely started by a discarded cigarette or shisha coals","25 injuries, likely started by a discarded cigarette or shisha coals","死亡人数：1。25 injuries, likely started by a discarded cigarette or shisha coals",https://gulfnews.com/uae/sharjah-fire-probable-cause-found-150-buildings-to-have-cladding-changed-1.71423621,25.3342,55.41221,城市代表点（来源明确说明不是火场坐标）,city_centroid,高层建筑火灾,未检索到,190 m,48,未检索到,1,12,,C,compendium_needs_independent_verification,专题汇编记录,Wikipedia高层建筑专题表；需补充独立来源核验,List of fires in high-rise buildings | List of high-rise façade fires | Wikipedia high-rise façade list; derived from Bonner et al./news (candidate discovery),Wikipedia专题列表 | 批量来源代理,https://en.wikipedia.org/wiki/List_of_high-rise_fa%C3%A7ade_fires | https://www.bbc.com/news/world-middle-east-52553429,3,可访问(200),https://en.wikipedia.org/wiki/List_of_high-rise_fa%C3%A7ade_fires => 可访问(200) | https://www.bbc.com/news/world-middle-east-52553429 => 可访问(200),2026-08-26,,1,未评估（本事件表不建立热浪因果关系）,已有来源描述,,,,,,,,pending_gee_enrichment
53,HRF-0053,亚洲,Turkey,Ankara,Business Centre fire,2020-07-27,2020,Business Centre高层建筑外立面火灾。死亡 0，受伤 0；表中记录的受影响楼层为 1。,未检索到/待核实,死亡 0，受伤 0；表中记录的受影响楼层为 1。,https://www.dailysabah.com/turkey/fire-breaks-out-in-business-center-in-turkish-capital-ankara/news,39.91987,32.85427,城市代表点（GeoNames；不是建筑精确坐标）,city_centroid,高层建筑外立面火灾,未检索到,未检索到,1,未检索到,0,0,,C,compendium_needs_independent_verification,专题汇编记录,Wikipedia高层专题表；需补充独立来源核验,List of high-rise façade fires | Wikipedia high-rise façade list; derived from Bonner et al./news (candidate discovery),Wikipedia专题列表 | 批量来源代理,https://en.wikipedia.org/wiki/List_of_high-rise_fa%C3%A7ade_fires,2,可访问(200),https://en.wikipedia.org/wiki/List_of_high-rise_fa%C3%A7ade_fires => 可访问(200),2026-08-26,,1,未评估（本事件表不建立热浪因果关系）,缺失/待核实,,,,,,,,pending_gee_enrichment
54,HRF-0054,亚洲,South Korea,Ulsan,Apartment Block fire,2020-10-08,2020,Apartment Block高层建筑外立面火灾。死亡 0，受伤 91；表中记录的受影响楼层为 33。,未检索到/待核实,死亡 0，受伤 91；表中记录的受影响楼层为 33。,https://www.bbc.com/news/world-asia-54470378,35.53722,129.31667,城市代表点（来源明确说明不是火场坐标）,city_centroid,高层建筑外立面火灾,residential,未检索到,33,未检索到,0,91,,C,compendium_needs_independent_verification,专题汇编记录,Wikipedia高层专题表；需补充独立来源核验,List of high-rise façade fires | Wikipedia high-rise façade list; derived from Bonner et al./news (candidate discovery),Wikipedia专题列表 | 批量来源代理,https://en.wikipedia.org/wiki/List_of_high-rise_fa%C3%A7ade_fires,2,可访问(200),https://en.wikipedia.org/wiki/List_of_high-rise_fa%C3%A7ade_fires => 可访问(200),2026-08-26,,1,未评估（本事件表不建立热浪因果关系）,缺失/待核实,,,,,,,,pending_gee_enrichment
55,HRF-0055,亚洲,South Korea,South Korea,Ulsan Samhwan Art Nouveau Fire,2020-10-09,2020,Ulsan Samhwan Art Nouveau apartment building高层建筑火灾；建筑高度记录为 108.9 m。死亡人数：0。92 residents and 1 firefighter injured. Ulsan Samhwan Art Nouveau Fire [ko],未检索到/待核实,死亡人数：0。92 residents and 1 firefighter injured. Ulsan Samhwan Art Nouveau Fire [ko],https://en.wikipedia.org/wiki/Ulsan_Samhwan_Art_Nouveau_Fire?action=edit&redlink=1,36.5,127.75,城市代表点（来源明确说明不是火场坐标）,city_centroid,高层建筑火灾,residential,108.9 m,未检索到,未检索到,0,,,B,compendium_needs_independent_verification,专题汇编记录,Wikipedia具名事件页+高层建筑专题表,List of fires in high-rise buildings | Wikipedia dynamic high-rise list (candidate discovery),Wikipedia专题列表 | 批量来源代理,https://en.wikipedia.org/wiki/List_of_fires_in_high-rise_buildings,2,HTTP错误(404),https://en.wikipedia.org/wiki/List_of_fires_in_high-rise_buildings => 可访问(200),2026-08-26,,1,未评估（本事件表不建立热浪因果关系）,缺失/待核实,,,,,,,,pending_gee_enrichment
56,HRF-0056,亚洲,China,Shijiazhuang,Apartment Building[citation needed] fire,2021-03-09,2021,Apartment Building[citation needed]高层建筑外立面火灾。死亡 0，受伤 0；表中记录的受影响楼层为 26。,未检索到/待核实,死亡 0，受伤 0；表中记录的受影响楼层为 26。,https://en.wikipedia.org/wiki/List_of_high-rise_fa%C3%A7ade_fires,38.04139,114.47861,城市代表点（来源明确说明不是火场坐标）,city_centroid,高层建筑外立面火灾,residential,未检索到,26,未检索到,0,0,,C,compendium_needs_independent_verification,专题汇编记录,Wikipedia高层专题表；需补充独立来源核验,List of high-rise façade fires | Wikipedia high-rise façade list; derived from Bonner et al./news (candidate discovery),Wikipedia专题列表 | 批量来源代理,,1,可访问(200),,2026-08-26,,1,未评估（本事件表不建立热浪因果关系）,缺失/待核实,,,,,,,,pending_gee_enrichment
57,HRF-0057,亚洲,Taiwan,Kaohsiung,2021 Kaohsiung Cheng Chung Cheng Building fire,2021-10-14,2021,Cheng Chung Cheng Building高层建筑火灾；建筑高度记录为 未列明。死亡人数：46。2021 Kaohsiung tower fire,未检索到/待核实,死亡人数：46。2021 Kaohsiung tower fire,https://en.wikipedia.org/wiki/2021_Kaohsiung_tower_fire,22.61626,120.31333,城市代表点（来源明确说明不是火场坐标）,city_centroid,高层建筑火灾,未检索到,未检索到,未检索到,未检索到,46,,,B,compendium_needs_independent_verification,专题汇编记录,Wikipedia具名事件页+高层建筑专题表,List of fires in high-rise buildings | Wikipedia dynamic high-rise list (candidate discovery),Wikipedia专题列表 | 批量来源代理,https://en.wikipedia.org/wiki/List_of_fires_in_high-rise_buildings,2,可访问(200),https://en.wikipedia.org/wiki/List_of_fires_in_high-rise_buildings => 可访问(200),2026-08-26,,1,未评估（本事件表不建立热浪因果关系）,缺失/待核实,,,,,,,,pending_gee_enrichment
58,HRF-0058,亚洲,Hong Kong,Hong Kong,World Trade Centre Hong Kong fire,2021-12-15,2021,"World Trade Centre Hong Kong高层建筑火灾；建筑高度记录为 未列明。死亡人数：0。13 injured, over 300 trapped on roof",未检索到/待核实,"死亡人数：0。13 injured, over 300 trapped on roof",https://www.bbc.co.uk/news/world-asia-china-59663826,22.27832,114.17469,城市代表点（来源明确说明不是火场坐标）,city_centroid,高层建筑火灾,office/government,未检索到,未检索到,未检索到,0,13,,C,compendium_needs_independent_verification,专题汇编记录,Wikipedia高层建筑专题表；需补充独立来源核验,List of fires in high-rise buildings | Wikipedia dynamic high-rise list (candidate discovery),Wikipedia专题列表 | 批量来源代理,https://en.wikipedia.org/wiki/List_of_fires_in_high-rise_buildings,2,可访问(200),https://en.wikipedia.org/wiki/List_of_fires_in_high-rise_buildings => 可访问(200),2026-08-26,,1,未评估（本事件表不建立热浪因果关系）,缺失/待核实,,,,,,,,pending_gee_enrichment
59,HRF-0059,亚洲,China,"Changsha, Hunan",Lotus Garden China Telecom Building fire,2022-09-16,2022,Lotus Garden China Telecom Building高层建筑外立面火灾。死亡 0，受伤 0；表中记录的受影响楼层为 42。,未检索到/待核实,死亡 0，受伤 0；表中记录的受影响楼层为 42。,https://en.wikipedia.org/wiki/List_of_high-rise_fa%C3%A7ade_fires,28.19874,112.97087,城市代表点（来源明确说明不是火场坐标）,city_centroid,高层建筑外立面火灾,office/government,218 m,42,未检索到,0,,,C,compendium_needs_independent_verification,专题汇编记录,Wikipedia高层专题表；需补充独立来源核验,List of fires in high-rise buildings | List of high-rise façade fires | Wikipedia dynamic high-rise list (candidate discovery),Wikipedia专题列表 | 批量来源代理,https://en.wikipedia.org/wiki/List_of_fires_in_high-rise_buildings,2,可访问(200),https://en.wikipedia.org/wiki/List_of_fires_in_high-rise_buildings => 可访问(200),2026-08-26,,1,未评估（本事件表不建立热浪因果关系）,缺失/待核实,,,,,,,,pending_gee_enrichment
60,HRF-0060,亚洲,Pakistan,Islamabad,2022 The Centaurus Mall Fire Incident,2022-10-09,2022,The Centaurus高层建筑火灾；建筑高度记录为 110 m。死亡人数：0。2022 The Centaurus Mall Fire Incident,未检索到/待核实,死亡人数：0。2022 The Centaurus Mall Fire Incident,https://en.wikipedia.org/wiki/2022_The_Centaurus_Mall_Fire_Incident,33.72148,73.04329,城市代表点（来源明确说明不是火场坐标）,city_centroid,高层建筑火灾,commercial/retail,110 m,未检索到,未检索到,0,,,B,compendium_needs_independent_verification,专题汇编记录,Wikipedia具名事件页+高层建筑专题表,List of fires in high-rise buildings | Wikipedia dynamic high-rise list (candidate discovery),Wikipedia专题列表 | 批量来源代理,https://en.wikipedia.org/wiki/List_of_fires_in_high-rise_buildings,2,可访问(200),https://en.wikipedia.org/wiki/List_of_fires_in_high-rise_buildings => 可访问(200),2026-08-26,,1,未评估（本事件表不建立热浪因果关系）,缺失/待核实,,,,,,,,pending_gee_enrichment
61,HRF-0061,亚洲,Turkey,İstanbul,Elite Concept fire,2022-10-15,2022,Elite Concept高层建筑火灾；建筑高度记录为 80 m。死亡人数：0。Originated from external cladding.,Originated from external cladding.,死亡人数：0。Originated from external cladding.,https://en.wikipedia.org/wiki/List_of_fires_in_high-rise_buildings,41.01384,28.94966,城市代表点（GeoNames；不是建筑精确坐标）,city_centroid,高层建筑火灾,未检索到,80 m,未检索到,未检索到,0,,,C,compendium_needs_independent_verification,专题汇编记录,Wikipedia高层建筑专题表；需补充独立来源核验,List of fires in high-rise buildings | Wikipedia dynamic high-rise list (candidate discovery),Wikipedia专题列表 | 批量来源代理,,1,可访问(200),,2026-08-26,,1,未评估（本事件表不建立热浪因果关系）,已有来源描述,,,,,,,,pending_gee_enrichment
62,HRF-0062,亚洲,United Arab Emirates,Dubai,2022 8 Boulevard Walk high-rise fire,2022-11-07,2022,8 Boulevard Walk高层建筑火灾；建筑高度记录为 123 m。死亡人数：0。,未检索到/待核实,死亡人数：0。,https://en.wikipedia.org/wiki/List_of_fires_in_high-rise_buildings,25.07725,55.30927,城市代表点（来源明确说明不是火场坐标）,city_centroid,高层建筑火灾,residential,123 m,35,未检索到,0,0,,C,compendium_needs_independent_verification,专题汇编记录,Wikipedia高层建筑专题表；需补充独立来源核验,List of fires in high-rise buildings | List of high-rise façade fires | Wikipedia dynamic high-rise list (candidate discovery) | Wikipedia high-rise façade list; derived from Bonner et al./news (candidate discovery),Wikipedia专题列表 | 批量来源代理,https://en.wikipedia.org/wiki/List_of_high-rise_fa%C3%A7ade_fires | https://www.arabianbusiness.com/culture-society/emaar-tower-fire-no-injuries-or-casualties-occurred-residents-hope-to-return-to-homes-soon,3,可访问(200),https://en.wikipedia.org/wiki/List_of_high-rise_fa%C3%A7ade_fires => 可访问(200) | https://www.arabianbusiness.com/culture-society/emaar-tower-fire-no-injuries-or-casualties-occurred-residents-hope-to-return-to-homes-soon => HTTP错误(405),2026-08-26,,1,未评估（本事件表不建立热浪因果关系）,缺失/待核实,,,,,,,,pending_gee_enrichment
63,HRF-0063,亚洲,China,Ürümqi,2022 Ürümqi Jixiangyuan high-rise fire,2022-11-26,2022,Jixiangyuan community高层建筑火灾；建筑高度记录为 ~60 m (21 floors) m。死亡人数：11。2022 Ürümqi fire,未检索到/待核实,死亡人数：11。2022 Ürümqi fire,https://en.wikipedia.org/wiki/2022_Ürümqi_fire,43.80096,87.60046,城市代表点（来源明确说明不是火场坐标）,city_centroid,高层建筑火灾,residential,~60 m (21 floors),未检索到,未检索到,11,,,B,compendium_needs_independent_verification,专题汇编记录,Wikipedia具名事件页+高层建筑专题表,List of fires in high-rise buildings | Wikipedia dynamic high-rise list (candidate discovery),Wikipedia专题列表 | 批量来源代理,https://en.wikipedia.org/wiki/List_of_fires_in_high-rise_buildings,2,可访问(200),https://en.wikipedia.org/wiki/List_of_fires_in_high-rise_buildings => 可访问(200),2026-08-26,,1,未评估（本事件表不建立热浪因果关系）,缺失/待核实,,,,,,,,pending_gee_enrichment
64,HRF-0064,亚洲,Hong Kong,Hong Kong,2023 Kimpton Hotel construction high-rise fire,2023-03-02,2023,The Kimpton高层建筑火灾；建筑高度记录为 175 m。死亡人数：0。Occurred during construction,未检索到/待核实,死亡人数：0。Occurred during construction,https://en.wikipedia.org/wiki/List_of_fires_in_high-rise_buildings,22.27832,114.17469,城市代表点（来源明确说明不是火场坐标）,city_centroid,高层建筑火灾,hotel,175 m,48,未检索到,0,2,,C,compendium_needs_independent_verification,专题汇编记录,Wikipedia高层建筑专题表；需补充独立来源核验,List of fires in high-rise buildings | List of high-rise façade fires | Wikipedia dynamic high-rise list (candidate discovery) | Wikipedia high-rise façade list; derived from Bonner et al./news (candidate discovery),Wikipedia专题列表 | 批量来源代理,https://en.wikipedia.org/wiki/List_of_high-rise_fa%C3%A7ade_fires | https://www.scmp.com/news/hong-kong/society/article/3212594/fire-pump-not-working-order-when-massive-blaze-engulfed-hong-kong-skyscraper-authorities-reveal,3,可访问(200),https://en.wikipedia.org/wiki/List_of_high-rise_fa%C3%A7ade_fires => 可访问(200) | https://www.scmp.com/news/hong-kong/society/article/3212594/fire-pump-not-working-order-when-massive-blaze-engulfed-hong-kong-skyscraper-authorities-reveal => 可访问(200),2026-08-26,,1,未评估（本事件表不建立热浪因果关系）,缺失/待核实,,,,,,,,pending_gee_enrichment
65,HRF-0065,亚洲,Vietnam,Hanoi,2023 Hanoi high-rise apartment fire,2023-09-12,2023,Unnamed Apartment Block高层建筑火灾；建筑高度记录为 未列明。死亡人数：56。2023 Hanoi building fire,未检索到/待核实,死亡人数：56。2023 Hanoi building fire,https://en.wikipedia.org/wiki/2023_Hanoi_building_fire,21.0245,105.84117,城市代表点（来源明确说明不是火场坐标）,city_centroid,高层建筑火灾,residential,未检索到,未检索到,未检索到,56,,,B,compendium_needs_independent_verification,专题汇编记录,Wikipedia具名事件页+高层建筑专题表,List of fires in high-rise buildings | Wikipedia dynamic high-rise list (candidate discovery),Wikipedia专题列表 | 批量来源代理,https://en.wikipedia.org/wiki/List_of_fires_in_high-rise_buildings,2,可访问(200),https://en.wikipedia.org/wiki/List_of_fires_in_high-rise_buildings => 可访问(200),2026-08-26,,1,未评估（本事件表不建立热浪因果关系）,缺失/待核实,,,,,,,,pending_gee_enrichment
66,HRF-0066,亚洲,China,Hong Kong,"The Kimpton Hotel, formerly the Mariner's Club (Tsim Sha Tsui) fire",2023-09-21,2023,"The Kimpton Hotel, formerly the Mariner's Club (Tsim Sha Tsui)高层建筑外立面火灾。死亡 0，受伤 0；表中记录的受影响楼层为 48。",未检索到/待核实,死亡 0，受伤 0；表中记录的受影响楼层为 48。,https://www.weekendhk.com/weekspecial/%e5%b0%96%e6%b2%99%e5%92%80%e5%a4%a7%e7%81%ab-%e6%b5%b7%e5%93%a1%e4%b9%8b%e5%ae%b6-%e7%81%ab%e8%ad%a6-ctb084-by-1477491/?utm_campaign=WW_Sharing&utm_medium=Message_WW&utm_source=Copy_link,,,未提供坐标,unspecified,高层建筑外立面火灾,hotel,未检索到,48,未检索到,0,0,,C,compendium_needs_independent_verification,专题汇编记录,Wikipedia高层专题表；需补充独立来源核验,List of high-rise façade fires | Wikipedia high-rise façade list; derived from Bonner et al./news (candidate discovery),Wikipedia专题列表 | 批量来源代理,https://en.wikipedia.org/wiki/List_of_high-rise_fa%C3%A7ade_fires,2,可访问(200),https://en.wikipedia.org/wiki/List_of_high-rise_fa%C3%A7ade_fires => 可访问(200),2026-08-26,,1,未评估（本事件表不建立热浪因果关系）,缺失/待核实,,,,,,,,invalid_coordinate_or_date
67,HRF-0067,亚洲,China,Nanjing,2024 Nanjing Yuhuatai high-rise fire,2024-02-23,2024,Unnamed Highrise高层建筑火灾；建筑高度记录为 未列明。死亡人数：15。2024 Nanjing building fire,未检索到/待核实,死亡人数：15。2024 Nanjing building fire,https://en.wikipedia.org/wiki/2024_Nanjing_building_fire,32.06167,118.77778,城市代表点（来源明确说明不是火场坐标）,city_centroid,高层建筑火灾,未检索到,未检索到,未检索到,未检索到,15,,,B,compendium_needs_independent_verification,专题汇编记录,Wikipedia具名事件页+高层建筑专题表,List of fires in high-rise buildings | Wikipedia dynamic high-rise list (candidate discovery),Wikipedia专题列表 | 批量来源代理,https://en.wikipedia.org/wiki/List_of_fires_in_high-rise_buildings,2,可访问(200),https://en.wikipedia.org/wiki/List_of_fires_in_high-rise_buildings => 可访问(200),2026-08-26,,1,未评估（本事件表不建立热浪因果关系）,缺失/待核实,,,,,,,,pending_gee_enrichment
68,HRF-0068,亚洲,Bangladesh,Dhaka,2024 Dhaka Bailey Road high-rise fire,2024-02-29,2024,Green Cozy Cottage Shopping Mall高层建筑火灾；建筑高度记录为 未列明。死亡人数：46。2024 Dhaka Bailey Road fire,未检索到/待核实,死亡人数：46。2024 Dhaka Bailey Road fire,https://en.wikipedia.org/wiki/2024_Dhaka_Bailey_Road_fire,23.7104,90.40744,城市代表点（来源明确说明不是火场坐标）,city_centroid,高层建筑火灾,commercial/retail,未检索到,未检索到,未检索到,46,,,B,compendium_needs_independent_verification,专题汇编记录,Wikipedia具名事件页+高层建筑专题表,List of fires in high-rise buildings | Wikipedia dynamic high-rise list (candidate discovery),Wikipedia专题列表 | 批量来源代理,https://en.wikipedia.org/wiki/List_of_fires_in_high-rise_buildings,2,可访问(200),https://en.wikipedia.org/wiki/List_of_fires_in_high-rise_buildings => 可访问(200),2026-08-26,,1,未评估（本事件表不建立热浪因果关系）,缺失/待核实,,,,,,,,pending_gee_enrichment
69,HRF-0069,亚洲,United Arab Emirates,未检索到,"4 April – A fire at a 39-story residential apartment building in Sharjah, United Arab Emirates, killed five people and i",2024-04-04,2024,"4 April – A fire at a 39-story residential apartment building in Sharjah, United Arab Emirates, killed five people and injured 44 others.",未检索到/待核实,"4 April – A fire at a 39-story residential apartment building in Sharjah, United Arab Emirates, killed five people and injured 44 others.",https://english.alarabiya.net/News/gulf/2024/04/06/sharjah-building-fire-leaves-5-dead-dozens-hospitalized,,,未提供坐标,unspecified,建筑/结构火灾,未检索到,39-story,未检索到,未检索到,,,,C,candidate_needs_highrise_confirmation,候选待核实,候选：Wikipedia列表条目；需确认高层属性及独立来源,List of building or structure fires,Wikipedia专题列表,,1,受限(403),,2026-08-26,,1,未评估（本事件表不建立热浪因果关系）,缺失/待核实,,,,,,,,invalid_coordinate_or_date
70,HRF-0070,亚洲,Turkey,Bolu,2025 Kartalkaya hotel fire,2025-01-21,2025,Grand Kartal Hotel高层建筑火灾；建筑高度记录为 43.50 m。死亡人数：79。2025 Kartalkaya hotel fire,未检索到/待核实,死亡人数：79。2025 Kartalkaya hotel fire,https://en.wikipedia.org/wiki/2025_Kartalkaya_hotel_fire,40.73583,31.60611,城市代表点（GeoNames；不是建筑精确坐标）,city_centroid,高层建筑火灾,hotel,43.50 m,未检索到,未检索到,79,,,B,compendium_needs_independent_verification,专题汇编记录,Wikipedia具名事件页+高层建筑专题表,List of fires in high-rise buildings | Wikipedia dynamic high-rise list (candidate discovery),Wikipedia专题列表 | 批量来源代理,https://en.wikipedia.org/wiki/List_of_fires_in_high-rise_buildings,2,可访问(200),https://en.wikipedia.org/wiki/List_of_fires_in_high-rise_buildings => 可访问(200),2026-08-26,,1,未评估（本事件表不建立热浪因果关系）,缺失/待核实,,,,,,,,pending_gee_enrichment
71,HRF-0071,亚洲,United Arab Emirates,Dubai,Marina Pinnacle fire,2025-06-13,2025,Marina Pinnacle高层建筑火灾；建筑高度记录为 280 m。死亡人数：0。,未检索到/待核实,死亡人数：0。,https://gulfnews.com/uae/dubai-marina-tower-fire-civil-defence-saves-3820-lives-in-heroic-rescue-1.500163499,25.07725,55.30927,城市代表点（来源明确说明不是火场坐标）,city_centroid,高层建筑火灾,未检索到,280 m,未检索到,未检索到,0,,,C,compendium_needs_independent_verification,专题汇编记录,Wikipedia高层建筑专题表；需补充独立来源核验,List of fires in high-rise buildings | Wikipedia dynamic high-rise list (candidate discovery),Wikipedia专题列表 | 批量来源代理,https://en.wikipedia.org/wiki/List_of_fires_in_high-rise_buildings,2,可访问(200),https://en.wikipedia.org/wiki/List_of_fires_in_high-rise_buildings => 可访问(200),2026-08-26,,1,未评估（本事件表不建立热浪因果关系）,缺失/待核实,,,,,,,,pending_gee_enrichment
72,HRF-0072,亚洲,China,"Central, Hong Kong",Chinachem Tower fire,2025-10-18,2025,Chinachem Tower高层建筑外立面火灾。死亡 0，受伤 4；表中记录的受影响楼层为 25。,未检索到/待核实,死亡 0，受伤 4；表中记录的受影响楼层为 25。,"https://www.minoafire.org/chinachem-tower#:~:text=external%20works,the%20Fire",22.28299,114.15846,城市代表点（来源明确说明不是火场坐标）,city_centroid,高层建筑外立面火灾,未检索到,未检索到,25,未检索到,0,4,,C,compendium_needs_independent_verification,专题汇编记录,Wikipedia高层专题表；需补充独立来源核验,List of high-rise façade fires | Wikipedia high-rise façade list; derived from Bonner et al./news (candidate discovery),Wikipedia专题列表 | 批量来源代理,https://en.wikipedia.org/wiki/List_of_high-rise_fa%C3%A7ade_fires,2,可访问(200),https://en.wikipedia.org/wiki/List_of_high-rise_fa%C3%A7ade_fires => 可访问(200),2026-08-26,,1,未评估（本事件表不建立热浪因果关系）,缺失/待核实,,,,,,,,pending_gee_enrichment
73,HRF-0073,亚洲,China,Hong Kong,Wang Fuk Court fire,2025-11-26,2025,Wang Fuk Court fire高层建筑外立面火灾。死亡 168，受伤 79；表中记录的受影响楼层为 32。,未检索到/待核实,死亡 168，受伤 79；表中记录的受影响楼层为 32。,https://en.wikipedia.org/wiki/Wang_Fuk_Court_fire,,,未提供坐标,unspecified,高层建筑外立面火灾,未检索到,93-108.5 m,32,未检索到,168,79,,B,compendium_needs_independent_verification,专题汇编记录,Wikipedia具名事件页+高层专题表,List of fires in high-rise buildings | List of high-rise façade fires | Wikipedia high-rise façade list; derived from Bonner et al./news (candidate discovery),Wikipedia专题列表 | 批量来源代理,https://en.wikipedia.org/wiki/List_of_high-rise_fa%C3%A7ade_fires,2,可访问(200),https://en.wikipedia.org/wiki/List_of_high-rise_fa%C3%A7ade_fires => 可访问(200),2026-08-26,,1,未评估（本事件表不建立热浪因果关系）,缺失/待核实,,,,,,,,invalid_coordinate_or_date
74,HRF-0074,亚洲,Bahrain,Manama,Era View Tower fire,2026-02-28,2026,Era View Tower高层建筑火灾；建筑高度记录为 未列明。死亡人数：0。Fire following an Iranian suicide drone attack,conflict-related attack,死亡人数：0。Fire following an Iranian suicide drone attack,https://en.wikipedia.org/wiki/List_of_fires_in_high-rise_buildings,26.22787,50.58565,城市代表点（来源明确说明不是火场坐标）,city_centroid,高层建筑火灾,未检索到,未检索到,未检索到,未检索到,0,,,C,compendium_needs_independent_verification,专题汇编记录,Wikipedia高层建筑专题表；需补充独立来源核验,List of fires in high-rise buildings | Wikipedia dynamic high-rise list (candidate discovery),Wikipedia专题列表 | 批量来源代理,,1,可访问(200),,2026-08-26,,1,未评估（本事件表不建立热浪因果关系）,已有来源描述,,,,,,,,pending_gee_enrichment
75,HRF-0075,亚洲,United Arab Emirates,Dubai,Burj Al Arab fire,2026-03-01,2026,Burj Al Arab高层建筑火灾；建筑高度记录为 321 m。死亡人数：0。Fire following an Iranian suicide drone attack,conflict-related attack,死亡人数：0。Fire following an Iranian suicide drone attack,https://en.wikipedia.org/wiki/List_of_fires_in_high-rise_buildings,25.07725,55.30927,城市代表点（来源明确说明不是火场坐标）,city_centroid,高层建筑火灾,未检索到,321 m,未检索到,未检索到,0,,,C,compendium_needs_independent_verification,专题汇编记录,Wikipedia高层建筑专题表；需补充独立来源核验,List of fires in high-rise buildings | Wikipedia dynamic high-rise list (candidate discovery),Wikipedia专题列表 | 批量来源代理,,1,可访问(200),,2026-08-26,,1,未评估（本事件表不建立热浪因果关系）,已有来源描述,,,,,,,,pending_gee_enrichment
76,HRF-0076,亚洲,Kuwait,Kuwait City,PIFSS Headquarters fire,2026-03-08,2026,PIFSS Headquarters高层建筑火灾；建筑高度记录为 未列明。死亡人数：0。Fire following an Iranian suicide drone attack,conflict-related attack,死亡人数：0。Fire following an Iranian suicide drone attack,https://en.wikipedia.org/wiki/List_of_fires_in_high-rise_buildings,29.367,47.97429,城市代表点（来源明确说明不是火场坐标）,city_centroid,高层建筑火灾,office/government,未检索到,未检索到,未检索到,0,,,C,compendium_needs_independent_verification,专题汇编记录,Wikipedia高层建筑专题表；需补充独立来源核验,List of fires in high-rise buildings | Wikipedia dynamic high-rise list (candidate discovery),Wikipedia专题列表 | 批量来源代理,,1,可访问(200),,2026-08-26,,1,未评估（本事件表不建立热浪因果关系）,已有来源描述,,,,,,,,pending_gee_enrichment
77,HRF-0077,亚洲,United Arab Emirates,Dubai,Address Grand Creek Harbour Tower 2 fire,2026-03-11,2026,Address Grand Creek Harbour Tower 2高层建筑火灾；建筑高度记录为 266 m。死亡人数：0。Fire following an Iranian suicide drone attack,conflict-related attack,死亡人数：0。Fire following an Iranian suicide drone attack,https://en.wikipedia.org/wiki/List_of_fires_in_high-rise_buildings,25.07725,55.30927,城市代表点（来源明确说明不是火场坐标）,city_centroid,高层建筑火灾,未检索到,266 m,未检索到,未检索到,0,,,C,compendium_needs_independent_verification,专题汇编记录,Wikipedia高层建筑专题表；需补充独立来源核验,List of fires in high-rise buildings | Wikipedia dynamic high-rise list (candidate discovery),Wikipedia专题列表 | 批量来源代理,,1,可访问(200),,2026-08-26,,1,未评估（本事件表不建立热浪因果关系）,已有来源描述,,,,,,,,pending_gee_enrichment
78,HRF-0078,欧洲,Russia,Moscow,Ostankino Tower fire,2000-08-27,2000,Ostankino Tower高层建筑火灾；建筑高度记录为 540.1 m。死亡人数：3。Tallest structure in Europe,未检索到/待核实,死亡人数：3。Tallest structure in Europe,https://en.wikipedia.org/wiki/List_of_fires_in_high-rise_buildings,55.75204,37.61781,城市代表点（来源明确说明不是火场坐标）,city_centroid,高层建筑火灾,未检索到,540.1 m,未检索到,未检索到,3,,,C,compendium_needs_independent_verification,专题汇编记录,Wikipedia高层建筑专题表；需补充独立来源核验,List of fires in high-rise buildings | Wikipedia dynamic high-rise list (candidate discovery),Wikipedia专题列表 | 批量来源代理,,1,可访问(200),,2026-08-26,,1,未评估（本事件表不建立热浪因果关系）,缺失/待核实,,,,,,,,pending_gee_enrichment
79,HRF-0079,欧洲,Italy,Milan,Pirelli Tower fire,2002-04-18,2002,Pirelli Tower高层建筑火灾；建筑高度记录为 127 m。死亡人数：3。Plane crash,Plane crash,死亡人数：3。Plane crash,https://en.wikipedia.org/wiki/List_of_fires_in_high-rise_buildings,45.46427,9.18951,城市代表点（来源明确说明不是火场坐标）,city_centroid,高层建筑火灾,未检索到,127 m,未检索到,未检索到,3,,,C,compendium_needs_independent_verification,专题汇编记录,Wikipedia高层建筑专题表；需补充独立来源核验,List of fires in high-rise buildings | Wikipedia dynamic high-rise list (candidate discovery),Wikipedia专题列表 | 批量来源代理,,1,可访问(200),,2026-08-26,,1,未评估（本事件表不建立热浪因果关系）,已有来源描述,,,,,,,,pending_gee_enrichment
80,HRF-0080,欧洲,United Kingdom,"Paddington, London, England, United Kingdom",Telstar House fire,2003-07-29,2003,伦敦一栋高层办公楼发生大火，火势破坏第7至10层并延至第11层局部。,来源页未给出最终起火原因。,约5万平方英尺受火；3人受伤；建筑无法继续使用，后拆除。,https://highrisefire.co.uk/cstelstar.html,51.5169,-0.1774,事件/建筑近似点（候选来源提供）,event_or_building_approximate,high-rise office fire,office,"13 storeys; floors 7-10 destroyed, part of 11th affected",4,1960s office building,0,3,,B,confirmed_highrise,严格确认,现场消防报告明确称其为13层高层建筑；坐标为Eastbourne Terrace近似点。,List of high-rise façade fires | Wikipedia high-rise façade list; derived from Bonner et al./news (candidate discovery) | 区域代理-欧洲非洲,Wikipedia专题列表 | 区域代理-欧洲非洲 | 批量来源代理,https://en.wikipedia.org/wiki/List_of_high-rise_fa%C3%A7ade_fires | https://www.highrisefirefighting.co.uk/cstelstar.html,3,可访问(200),https://en.wikipedia.org/wiki/List_of_high-rise_fa%C3%A7ade_fires => 可访问(200) | https://www.highrisefirefighting.co.uk/cstelstar.html => 访问失败(URLError),2026-08-26,,1,未评估（本事件表不建立热浪因果关系）,缺失/待核实,,,,,,,,pending_gee_enrichment
81,HRF-0081,欧洲,United Kingdom,Hertfordshire,Harrow Court fire,2005-02-02,2005,Harrow Court高层建筑火灾；建筑高度记录为 56.1 m。死亡人数：3。Harrow Court fire,未检索到/待核实,死亡人数：3。Harrow Court fire,https://en.wikipedia.org/wiki/Harrow_Court_fire,,,未提供坐标,unspecified,高层建筑火灾,未检索到,56.1 m,未检索到,未检索到,3,,,B,compendium_needs_independent_verification,专题汇编记录,Wikipedia具名事件页+高层建筑专题表,List of fires in high-rise buildings | Wikipedia dynamic high-rise list (candidate discovery),Wikipedia专题列表 | 批量来源代理,https://en.wikipedia.org/wiki/List_of_fires_in_high-rise_buildings,2,可访问(200),https://en.wikipedia.org/wiki/List_of_fires_in_high-rise_buildings => 可访问(200),2026-08-26,,1,未评估（本事件表不建立热浪因果关系）,缺失/待核实,,,,,,,,invalid_coordinate_or_date
82,HRF-0082,欧洲,Spain,"AZCA, Madrid, Community of Madrid, Spain",Windsor Tower fire,2005-02-12,2005,马德里温莎大厦夜间起火，火势沿高层扩展并造成上部楼层局部坍塌。,调查通常指向电气故障，但本候选表暂列待进一步确认。,0人死亡、7人受伤；严重结构损伤，后拆除。,https://en.wikipedia.org/wiki/Windsor_Tower_(Madrid),40.4462,-3.692,事件/建筑近似点（候选来源提供）,event_or_building_approximate,high-rise office fire,office,32 storeys / about 106 m,32,completed 1979; demolished after fire,0,7,,C,confirmed_highrise,严格确认,高层外立面火灾汇总表记录32个楼层受影响、0死7伤；应继续用消防调查交叉核验。,List of fires in high-rise buildings | List of high-rise façade fires | Wikipedia dynamic high-rise list (candidate discovery) | Wikipedia high-rise façade list; derived from Bonner et al./news (candidate discovery) | 区域代理-欧洲非洲,Wikipedia专题列表 | 区域代理-欧洲非洲 | 批量来源代理,https://911research.wtc7.net/wtc/analysis/compare/windsor.html | https://en.wikipedia.org/wiki/List_of_fires_in_high-rise_buildings | https://en.wikipedia.org/wiki/List_of_high-rise_fa%C3%A7ade_fires,4,可访问(200),https://911research.wtc7.net/wtc/analysis/compare/windsor.html => 可访问(200) | https://en.wikipedia.org/wiki/List_of_fires_in_high-rise_buildings => 可访问(200) | https://en.wikipedia.org/wiki/List_of_high-rise_fa%C3%A7ade_fires => 可访问(200),2026-08-26,,1,未评估（本事件表不建立热浪因果关系）,已有来源描述,,,,,,,,pending_gee_enrichment
83,HRF-0083,欧洲,Germany,Berlin,Treskowstrasse Pankow Flats fire,2005-04-21,2005,Treskowstrasse Pankow Flats高层建筑外立面火灾。死亡 2，受伤 3；表中记录的受影响楼层为 5。,未检索到/待核实,死亡 2，受伤 3；表中记录的受影响楼层为 5。,https://doi.org/10.1007%2F978-1-4939-2898-9_4,52.52437,13.41053,城市代表点（来源明确说明不是火场坐标）,city_centroid,高层建筑外立面火灾,residential,未检索到,5,未检索到,2,3,,C,compendium_needs_independent_verification,专题汇编记录,Wikipedia高层专题表；需补充独立来源核验,List of high-rise façade fires | Wikipedia high-rise façade list; derived from Bonner et al./news (candidate discovery),Wikipedia专题列表 | 批量来源代理,https://en.wikipedia.org/wiki/List_of_high-rise_fa%C3%A7ade_fires,2,可访问(200),https://en.wikipedia.org/wiki/List_of_high-rise_fa%C3%A7ade_fires => 可访问(200),2026-08-26,,1,未评估（本事件表不建立热浪因果关系）,缺失/待核实,,,,,,,,pending_gee_enrichment
84,HRF-0084,欧洲,The Netherlands,Delft,TU Delft Faculteitsgebouw Bouwkunde fire,2008-04-13,2008,"TU Delft Faculteitsgebouw Bouwkunde高层建筑火灾；建筑高度记录为 56 m。死亡人数：0。A broken water pipe on the 8th floor caused a short circuit in a coffee machine a floor below, resulting in a fire. The building was demolished afterwards.","A broken water pipe on the 8th floor caused a short circuit in a coffee machine a floor below, resulting in a fire.","死亡人数：0。A broken water pipe on the 8th floor caused a short circuit in a coffee machine a floor below, resulting in a fire. The building was demolished afterwards.",https://architectenweb.nl/nieuws/artikel.aspx?ID=14108,52.00667,4.35556,城市代表点（来源明确说明不是火场坐标）,city_centroid,高层建筑火灾,education,56 m,未检索到,未检索到,0,,,C,compendium_needs_independent_verification,专题汇编记录,Wikipedia高层建筑专题表；需补充独立来源核验,List of fires in high-rise buildings | Wikipedia dynamic high-rise list (candidate discovery),Wikipedia专题列表 | 批量来源代理,https://en.wikipedia.org/wiki/List_of_fires_in_high-rise_buildings,2,可访问(200),https://en.wikipedia.org/wiki/List_of_fires_in_high-rise_buildings => 可访问(200),2026-08-26,,1,未评估（本事件表不建立热浪因果关系）,已有来源描述,,,,,,,,pending_gee_enrichment
85,HRF-0085,欧洲,Netherlands,De Punt,De Punt fire,2008-05-09,2008,De Punt fire高层建筑外立面火灾。死亡 3，受伤 0；表中记录的受影响楼层为 1。,未检索到/待核实,死亡 3，受伤 0；表中记录的受影响楼层为 1。,https://en.wikipedia.org/wiki/De_Punt_fire,,,未提供坐标,unspecified,高层建筑外立面火灾,未检索到,未检索到,1,未检索到,3,0,,B,compendium_needs_independent_verification,专题汇编记录,Wikipedia具名事件页+高层专题表,List of high-rise façade fires | Wikipedia high-rise façade list; derived from Bonner et al./news (candidate discovery),Wikipedia专题列表 | 批量来源代理,https://en.wikipedia.org/wiki/List_of_high-rise_fa%C3%A7ade_fires,2,可访问(200),https://en.wikipedia.org/wiki/List_of_high-rise_fa%C3%A7ade_fires => 可访问(200),2026-08-26,,1,未评估（本事件表不建立热浪因果关系）,缺失/待核实,,,,,,,,invalid_coordinate_or_date
86,HRF-0086,欧洲,United Kingdom,"Camberwell, London, England, United Kingdom",Lakanal House fire,2009-07-03,2009,伦敦Lakanal House高层住宅火灾造成6人死亡，火和烟跨楼层传播。,9层一台电视机附近发生电气故障；传播受建筑分隔和改造问题影响。,6人死亡、至少20人受伤，多户住宅严重受损。,https://en.wikipedia.org/wiki/Lakanal_House_fire,51.4745,-0.0876,事件/建筑近似点（候选来源提供）,event_or_building_approximate,high-rise residential fire,residential,14 storeys,0,completed 1959,6,20,,C,confirmed_highrise,严格确认,独立事件条目与高层外立面火灾表均确认14层住宅；伤亡数一致。,List of fires in high-rise buildings | List of high-rise façade fires | Wikipedia high-rise façade list; derived from Bonner et al./news (candidate discovery) | 区域代理-欧洲非洲,Wikipedia专题列表 | 区域代理-欧洲非洲 | 批量来源代理,https://en.wikipedia.org/wiki/List_of_high-rise_fa%C3%A7ade_fires,2,可访问(200),https://en.wikipedia.org/wiki/List_of_high-rise_fa%C3%A7ade_fires => 可访问(200),2026-08-26,,1,未评估（本事件表不建立热浪因果关系）,已有来源描述,,,,,,,,pending_gee_enrichment
87,HRF-0087,欧洲,Hungary,"Középszer Street, Miskolc, Borsod-Abaúj-Zemplén, Hungary",Középszer Street panel-building fire,2009-08-15,2009,一栋10层板式住宅6层厨房起火，火焰和烟气沿外立面、管井及楼梯间向上扩散。,6层住宅厨房起火；开放房门、管井缺陷和不合格外墙保温施工加剧传播。,一名母亲和两名子女死亡；报告另记12人烟气中毒。,https://people.fsv.cvut.cz/~wald/fire/ifer/WP3/Fire%20brigade%20reports_sm.pdf,48.1035,20.7784,事件/建筑近似点（候选来源提供）,event_or_building_approximate,high-rise residential façade fire,residential,basement + ground floor + 10 upper floors,6,industrialized panel building; façade renovated in 2007,3,12,,A,confirmed_highrise,严格确认,COST TU0904消防工程报告明确给出10层、起火楼层、传播路径和3名死者；坐标为街区近似点。,List of high-rise façade fires | Wikipedia high-rise façade list; derived from Bonner et al./news (candidate discovery) | 区域代理-欧洲非洲,Wikipedia专题列表 | 区域代理-欧洲非洲 | 批量来源代理,https://doi.org/10.1007%2F978-1-4939-2898-9_4 | https://en.wikipedia.org/wiki/List_of_high-rise_fa%C3%A7ade_fires,3,HTTP错误(404),https://doi.org/10.1007%2F978-1-4939-2898-9_4 => 可访问(200) | https://en.wikipedia.org/wiki/List_of_high-rise_fa%C3%A7ade_fires => 可访问(200),2026-08-26,,1,未评估（本事件表不建立热浪因果关系）,已有来源描述,,,,,,,,pending_gee_enrichment
88,HRF-0088,欧洲,Netherlands,Utrecht,Rabobank Bestuurscentrum fire,2010-06-27,2010,Rabobank Bestuurscentrum高层建筑火灾；建筑高度记录为 105 m。死亡人数：0。Occurred on the 25th and 26th floor during the construction. The exact cause of the fire has never been identified.,The exact cause of the fire has never been identified.,死亡人数：0。Occurred on the 25th and 26th floor during the construction. The exact cause of the fire has never been identified.,https://www.trouw.nl/nieuws/explosie-bij-brand-in-rabo-toren-utrecht~bd0429e0,,,未提供坐标,unspecified,高层建筑火灾,office/government,105 m,未检索到,未检索到,0,,,C,compendium_needs_independent_verification,专题汇编记录,Wikipedia高层建筑专题表；需补充独立来源核验,List of fires in high-rise buildings | Wikipedia dynamic high-rise list (candidate discovery),Wikipedia专题列表 | 批量来源代理,https://en.wikipedia.org/wiki/List_of_fires_in_high-rise_buildings,2,受限(403),https://en.wikipedia.org/wiki/List_of_fires_in_high-rise_buildings => 可访问(200),2026-08-26,,1,未评估（本事件表不建立热浪因果关系）,已有来源描述,,,,,,,,invalid_coordinate_or_date
89,HRF-0089,欧洲,France,Dijon,Dijon residential complex fire,2010-10-14,2010,Dijon residential complex高层建筑火灾；建筑高度记录为 79.2 m。死亡人数：7。,未检索到/待核实,死亡人数：7。,https://books.google.com/books?id=bbA0CgAAQBAJ&pg=PA37,47.31344,5.01391,城市代表点（来源明确说明不是火场坐标）,city_centroid,高层建筑火灾,residential,79.2 m,未检索到,未检索到,7,,,C,compendium_needs_independent_verification,专题汇编记录,Wikipedia高层建筑专题表；需补充独立来源核验,List of fires in high-rise buildings | Wikipedia dynamic high-rise list (candidate discovery),Wikipedia专题列表 | 批量来源代理,https://en.wikipedia.org/wiki/List_of_fires_in_high-rise_buildings,2,可访问(200),https://en.wikipedia.org/wiki/List_of_fires_in_high-rise_buildings => 可访问(200),2026-08-26,,1,未评估（本事件表不建立热浪因果关系）,缺失/待核实,,,,,,,,pending_gee_enrichment
90,HRF-0090,欧洲,France,Dijon,4 Rue du Lac Flats fire,2010-11-14,2010,4 Rue du Lac Flats高层建筑外立面火灾。死亡 7，受伤 11；表中记录的受影响楼层为 1。,未检索到/待核实,死亡 7，受伤 11；表中记录的受影响楼层为 1。,https://doi.org/10.1007%2F978-1-4939-2898-9_4,47.31344,5.01391,城市代表点（来源明确说明不是火场坐标）,city_centroid,高层建筑外立面火灾,residential,未检索到,1,未检索到,7,11,,C,compendium_needs_independent_verification,专题汇编记录,Wikipedia高层专题表；需补充独立来源核验,List of high-rise façade fires | Wikipedia high-rise façade list; derived from Bonner et al./news (candidate discovery),Wikipedia专题列表 | 批量来源代理,https://en.wikipedia.org/wiki/List_of_high-rise_fa%C3%A7ade_fires,2,可访问(200),https://en.wikipedia.org/wiki/List_of_high-rise_fa%C3%A7ade_fires => 可访问(200),2026-08-26,,1,未评估（本事件表不建立热浪因果关系）,缺失/待核实,,,,,,,,pending_gee_enrichment
91,HRF-0091,欧洲,France,"Fontaine d'Ouche, Dijon, Bourgogne-Franche-Comté, France",Rue du Lac migrant residence fire,2010-11-14,2010,第戎一栋9层移民工人宿舍附属垃圾房起火，强风将火焰推向外墙并造成大量烟气伤害。,底层相邻垃圾房起火；强风促使火焰贴外墙传播，确切点火原因待查。,7人死亡；至少11人重伤，高层汇总表记11伤，但同期媒体报道总受伤逾100；需区分重伤与所有就医者。,https://www.interieur.gouv.fr/fr/Archives/Archives-des-actualites/2010-Actualites/Incendie-dans-un-foyer-Sonacotra-Adoma,47.322,5.009,事件/建筑近似点（候选来源提供）,event_or_building_approximate,multi-storey residential façade fire,residential / migrant workers' residence,9 storeys,未检索到,未检索到,7,11,141,A,threshold_review_9_storeys,候选待核实,法国内政部确认9层建筑和重大伤亡；9层是否满足最终高层阈值需统一口径。,区域代理-欧洲非洲,区域代理-欧洲非洲,,1,受限(403),,2026-08-26,,1,未评估（本事件表不建立热浪因果关系）,已有来源描述,,,,,,,,pending_gee_enrichment
92,HRF-0092,欧洲,Russia,Moscow,Federation Tower (East Tower) fire,2012-04-02,2012,Federation Tower (East Tower)高层建筑火灾；建筑高度记录为 450 m。死亡人数：0。Occurred while the building was under construction,未检索到/待核实,死亡人数：0。Occurred while the building was under construction,https://en.wikipedia.org/wiki/List_of_fires_in_high-rise_buildings,55.75204,37.61781,城市代表点（来源明确说明不是火场坐标）,city_centroid,高层建筑火灾,under construction,450 m,未检索到,未检索到,0,,,C,compendium_needs_independent_verification,专题汇编记录,Wikipedia高层建筑专题表；需补充独立来源核验,List of fires in high-rise buildings | Wikipedia dynamic high-rise list (candidate discovery),Wikipedia专题列表 | 批量来源代理,,1,可访问(200),,2026-08-26,,1,未评估（本事件表不建立热浪因果关系）,缺失/待核实,,,,,,,,pending_gee_enrichment
93,HRF-0093,欧洲,France,"Roubaix, Hauts-de-France, France",Mermoz Tower fire,2012-05-14,2012,18层社会住宅一层阳台起火后，火焰沿可燃外墙系统快速蔓延至高层。,一层阳台堆放的过量可燃物可能被烟头点燃；火经Alucobond PE外墙系统向上扩展。,1人死亡；同期报道8至10人受伤，约250人疏散并需安置。,https://douai.cour-administrative-appel.fr/decisions-de-justice/dernieres-decisions/incendie-de-la-tour-mermoz-a-roubaix-la-cour-censure-le-jugement-du-tribunal-administratif-de-lille-et-rejette-la-demande-de-lille-metropole-ha,50.6927,3.1746,事件/建筑近似点（候选来源提供）,event_or_building_approximate,high-rise residential façade fire,residential / social housing,18 storeys,17,façade refurbished before fire,1,10,250,A,confirmed_highrise,严格确认,法国行政上诉法院判决确认事件、住宅用途、外墙工程与死亡；Grenfell Inquiry资料确认18层。,List of fires in high-rise buildings | List of high-rise façade fires | Wikipedia dynamic high-rise list (candidate discovery) | 区域代理-欧洲非洲,Wikipedia专题列表 | 区域代理-欧洲非洲 | 批量来源代理,https://doi.org/10.1007%2F978-1-4939-2898-9_4 | https://en.wikipedia.org/wiki/List_of_fires_in_high-rise_buildings,3,可访问(200),https://doi.org/10.1007%2F978-1-4939-2898-9_4 => 可访问(200) | https://en.wikipedia.org/wiki/List_of_fires_in_high-rise_buildings => 可访问(200),2026-08-26,,1,未评估（本事件表不建立热浪因果关系）,已有来源描述,,,,,,,,pending_gee_enrichment
94,HRF-0094,欧洲,Russia,Moscow,Oko Tower 1 fire,2013-01-25,2013,"Oko Tower 1高层建筑火灾；建筑高度记录为 354.1 m。死亡人数：0。Fire occurred on 24th floor during construction, one worker was injured.",未检索到/待核实,"死亡人数：0。Fire occurred on 24th floor during construction, one worker was injured.",https://www.reuters.com/article/uk-russia-skyscraper-fire-idUSLNE90O02B20130125,55.75204,37.61781,城市代表点（来源明确说明不是火场坐标）,city_centroid,高层建筑火灾,未检索到,354.1 m,未检索到,未检索到,0,,,C,compendium_needs_independent_verification,专题汇编记录,Wikipedia高层建筑专题表；需补充独立来源核验,List of fires in high-rise buildings | Wikipedia dynamic high-rise list (candidate discovery),Wikipedia专题列表 | 批量来源代理,https://en.wikipedia.org/wiki/List_of_fires_in_high-rise_buildings,2,受限(401),https://en.wikipedia.org/wiki/List_of_fires_in_high-rise_buildings => 可访问(200),2026-08-26,,1,未评估（本事件表不建立热浪因果关系）,缺失/待核实,,,,,,,,pending_gee_enrichment
95,HRF-0095,欧洲,Russia,"Grozny City, Grozny, Chechen Republic, Russia",Grozny-City Olimp Tower fire,2013-04-03,2013,Grozny-City综合体40层住宅塔楼外立面大面积燃烧。,官方初步判断为短路，起火于4层或5层附近。,外立面几乎贯穿全高燃烧；无死亡或受伤报道。,https://www.themoscowtimes.com/2013/04/04/short-circuit-blamed-for-blaze-at-groznys-tallest-building-a22947,43.3169,45.6981,事件/建筑近似点（候选来源提供）,event_or_building_approximate,high-rise residential façade fire,"residential tower, under completion / not occupied",40 storeys,40,new / not yet occupied,0,0,0,B,confirmed_highrise,严格确认,新闻正文明确40层、住宅用途和初步原因；建筑当时尚未投入使用。,List of fires in high-rise buildings | List of high-rise façade fires | Wikipedia dynamic high-rise list (candidate discovery) | 区域代理-欧洲非洲,Wikipedia专题列表 | 区域代理-欧洲非洲 | 批量来源代理,https://doi.org/10.1007%2F978-1-4939-2898-9_4 | https://en.wikipedia.org/wiki/List_of_fires_in_high-rise_buildings,3,可访问(200),https://doi.org/10.1007%2F978-1-4939-2898-9_4 => 可访问(200) | https://en.wikipedia.org/wiki/List_of_fires_in_high-rise_buildings => 可访问(200),2026-08-26,,1,未评估（本事件表不建立热浪因果关系）,已有来源描述,,,,,,,,pending_gee_enrichment
96,HRF-0096,欧洲,Russia,Krasnoyarsk,Krasnoyarsk Apartments fire,2014-09-21,2014,Krasnoyarsk Apartments高层建筑外立面火灾。死亡 0，受伤 0；表中记录的受影响楼层为 25。,未检索到/待核实,死亡 0，受伤 0；表中记录的受影响楼层为 25。,http://siberiantimes.com/other/others/news/shocking-blaze-rips-through-25-floor-apartment-block-in-krasnoyarsk/,56.03742,92.93136,城市代表点（来源明确说明不是火场坐标）,city_centroid,高层建筑外立面火灾,residential,未检索到,25,未检索到,0,0,,C,compendium_needs_independent_verification,专题汇编记录,Wikipedia高层专题表；需补充独立来源核验,List of high-rise façade fires | Wikipedia high-rise façade list; derived from Bonner et al./news (candidate discovery),Wikipedia专题列表 | 批量来源代理,https://en.wikipedia.org/wiki/List_of_high-rise_fa%C3%A7ade_fires,2,访问失败(RemoteDisconnected),https://en.wikipedia.org/wiki/List_of_high-rise_fa%C3%A7ade_fires => 可访问(200),2026-08-26,,1,未评估（本事件表不建立热浪因果关系）,缺失/待核实,,,,,,,,pending_gee_enrichment
97,HRF-0097,欧洲,France,"Puteaux, Paris","Franklin Tower, 100-101 Terr. Boieldieu, Tower A fire",2015-03-17,2015,"Franklin Tower, 100-101 Terr. Boieldieu, Tower A高层建筑火灾；建筑高度记录为 120 m。死亡人数：0。Unstated cause, ignition on 40th flr in technical room, contained by 30 firefighters via internal wet column (a pressurized vertical pipe).","Unstated cause, ignition on 40th flr in technical room, contained by 30 firefighters via internal wet column (a pressurized vertical pipe).","死亡人数：0。Unstated cause, ignition on 40th flr in technical room, contained by 30 firefighters via internal wet column (a pressurized vertical pipe).",https://m.youtube.com/watch?v=8R1dmAakaUc,48.88341,2.23894,城市代表点（GeoNames；不是建筑精确坐标）,city_centroid,高层建筑火灾,未检索到,120 m,未检索到,未检索到,0,,,C,compendium_needs_independent_verification,专题汇编记录,Wikipedia高层建筑专题表；需补充独立来源核验,List of fires in high-rise buildings | Wikipedia dynamic high-rise list (candidate discovery),Wikipedia专题列表 | 批量来源代理,https://en.wikipedia.org/wiki/List_of_fires_in_high-rise_buildings,2,可访问(200),https://en.wikipedia.org/wiki/List_of_fires_in_high-rise_buildings => 可访问(200),2026-08-26,,1,未评估（本事件表不建立热浪因果关系）,已有来源描述,,,,,,,,pending_gee_enrichment
98,HRF-0098,欧洲,France,Paris,The Franklin Tower fire,2015-03-17,2015,The Franklin Tower高层建筑外立面火灾。死亡 0，受伤 0；表中记录的受影响楼层为 2。,未核实。,死亡 0，受伤 0；表中记录的受影响楼层为 2。,https://m.youtube.com/watch?v=8R1dmAakaUc,48.8918,2.2386,事件/建筑近似点（候选来源提供）,event_or_building_approximate,高层建筑外立面火灾,office,未检索到,2,未检索到,0,0,,C,compendium_needs_independent_verification,专题汇编记录,Wikipedia高层专题表；需补充独立来源核验,List of high-rise façade fires | Wikipedia high-rise façade list; derived from Bonner et al./news (candidate discovery) | 区域代理-欧洲非洲,Wikipedia专题列表 | 区域代理-欧洲非洲 | 批量来源代理,https://en.wikipedia.org/wiki/List_of_high-rise_fa%C3%A7ade_fires,2,可访问(200),https://en.wikipedia.org/wiki/List_of_high-rise_fa%C3%A7ade_fires => 可访问(200),2026-08-26,,1,未评估（本事件表不建立热浪因果关系）,已有来源描述,,,,,,,,pending_gee_enrichment
99,HRF-0099,欧洲,France,Paris,Tour Anvers (in Les Olympiades residential complex) fire,2016-01-12,2016,"Tour Anvers (in Les Olympiades residential complex)高层建筑火灾；建筑高度记录为 104 m。死亡人数：1。16th of 31 flrs, contained to apt without spreading, 1 killed, 31-year-old woman with muscle disability.",未检索到/待核实,"死亡人数：1。16th of 31 flrs, contained to apt without spreading, 1 killed, 31-year-old woman with muscle disability.",https://www.leparisien.fr/paris-75/paris-75013/paris-incendie-mortel-dans-une-tour-des-olympiades-12-01-2016-5444163.php,48.85341,2.3488,城市代表点（来源明确说明不是火场坐标）,city_centroid,高层建筑火灾,residential,104 m,未检索到,未检索到,1,,,C,compendium_needs_independent_verification,专题汇编记录,Wikipedia高层建筑专题表；需补充独立来源核验,List of fires in high-rise buildings | Wikipedia dynamic high-rise list (candidate discovery),Wikipedia专题列表 | 批量来源代理,https://en.wikipedia.org/wiki/List_of_fires_in_high-rise_buildings,2,可访问(200),https://en.wikipedia.org/wiki/List_of_fires_in_high-rise_buildings => 可访问(200),2026-08-26,,1,未评估（本事件表不建立热浪因果关系）,缺失/待核实,,,,,,,,pending_gee_enrichment
100,HRF-0100,欧洲,France,Saint-Denis,An unidentified tower on avenue Romain-Rolland fire,2016-01-13,2016,An unidentified tower on avenue Romain-Rolland高层建筑火灾；建筑高度记录为 33 m。死亡人数：1。,未检索到/待核实,死亡人数：1。,https://www.leparisien.fr/seine-saint-denis-93/saint-denis-une-femme-meurt-dans-un-incendie-13-01-2016-5448037.php,48.93564,2.35387,城市代表点（来源明确说明不是火场坐标）,city_centroid,高层建筑火灾,未检索到,33 m,未检索到,未检索到,1,,,C,compendium_needs_independent_verification,专题汇编记录,Wikipedia高层建筑专题表；需补充独立来源核验,List of fires in high-rise buildings | Wikipedia dynamic high-rise list (candidate discovery),Wikipedia专题列表 | 批量来源代理,https://en.wikipedia.org/wiki/List_of_fires_in_high-rise_buildings,2,HTTP错误(404),https://en.wikipedia.org/wiki/List_of_fires_in_high-rise_buildings => 可访问(200),2026-08-26,,1,未评估（本事件表不建立热浪因果关系）,缺失/待核实,,,,,,,,pending_gee_enrichment
101,HRF-0101,欧洲,France,Paris 20e,158 bd Davout fire,2016-06-01,2016,"158 bd Davout高层建筑火灾；建筑高度记录为 21 m。死亡人数：1。3rd through 7th of 7 flrs, 8 injured.",未检索到/待核实,"死亡人数：1。3rd through 7th of 7 flrs, 8 injured.",https://www.leparisien.fr/paris-75/paris-75020/paris-xxe-un-mort-et-deux-blesses-graves-dans-l-incendie-d-un-immeuble-01-06-2016-5846939.php,48.8646,2.3984,城市代表点（GeoNames；不是建筑精确坐标）,city_centroid,高层建筑火灾,未检索到,21 m,未检索到,未检索到,1,8,,C,compendium_needs_independent_verification,专题汇编记录,Wikipedia高层建筑专题表；需补充独立来源核验,List of fires in high-rise buildings | Wikipedia dynamic high-rise list (candidate discovery),Wikipedia专题列表 | 批量来源代理,https://en.wikipedia.org/wiki/List_of_fires_in_high-rise_buildings,2,可访问(200),https://en.wikipedia.org/wiki/List_of_fires_in_high-rise_buildings => 可访问(200),2026-08-26,,1,未评估（本事件表不建立热浪因果关系）,缺失/待核实,,,,,,,,pending_gee_enrichment
102,HRF-0102,欧洲,United Kingdom,London,Shepherds Court fire,2016-08-19,2016,Shepherds Court高层建筑外立面火灾。死亡 0，受伤 1；表中记录的受影响楼层为 3。,未核实。,死亡 0，受伤 1；表中记录的受影响楼层为 3。,https://www.theguardian.com/uk-news/2016/aug/19/fire-crews-tackle-blaze-at-shepherds-bush-tower-block-london,51.5053,-0.2269,事件/建筑近似点（候选来源提供）,event_or_building_approximate,高层建筑外立面火灾,residential,未检索到,3,未检索到,0,1,,C,compendium_needs_independent_verification,专题汇编记录,Wikipedia高层专题表；需补充独立来源核验,List of high-rise façade fires | Wikipedia high-rise façade list; derived from Bonner et al./news (candidate discovery) | 区域代理-欧洲非洲,Wikipedia专题列表 | 区域代理-欧洲非洲 | 批量来源代理,https://en.wikipedia.org/wiki/List_of_high-rise_fa%C3%A7ade_fires,2,可访问(200),https://en.wikipedia.org/wiki/List_of_high-rise_fa%C3%A7ade_fires => 可访问(200),2026-08-26,,1,未评估（本事件表不建立热浪因果关系）,已有来源描述,,,,,,,,pending_gee_enrichment
103,HRF-0103,欧洲,United Kingdom,"North Kensington, London, England, United Kingdom",Grenfell Tower fire,2017-06-14,2017,24层社会住宅冰箱起火后突破窗户并经可燃外墙系统迅速包覆整栋塔楼。,4层住宅冰箱电气故障起火；可燃雨幕板、保温材料及系统性安全失效导致灾难性外墙传播。,72人死亡、约70余人受伤；129套住宅被毁，整栋楼疏散和救援。,https://assets.publishing.service.gov.uk/media/66d817aa701781e1b341dbd3/CCS0923434692-004_GTI_Phase_2_Volume_1_BOOKMARKED.pdf,51.5131,-0.2159,事件/建筑近似点（候选来源提供）,event_or_building_approximate,high-rise residential façade fire,residential / social housing,24 storeys / 67 m,24,completed 1974; refurbished 2015-2016,72,74,223,A,confirmed_highrise,严格确认,英国Grenfell Tower Inquiry正式报告；伤亡、建筑和传播机制均有系统调查。,List of building or structure fires | List of fires in high-rise buildings | List of high-rise façade fires | Wikipedia high-rise façade list; derived from Bonner et al./news (candidate discovery) | 区域代理-欧洲非洲,Wikipedia专题列表 | 区域代理-欧洲非洲 | 批量来源代理,https://en.wikipedia.org/wiki/Grenfell_Tower_fire | https://en.wikipedia.org/wiki/List_of_high-rise_fa%C3%A7ade_fires,3,可访问(200),https://en.wikipedia.org/wiki/Grenfell_Tower_fire => 可访问(200) | https://en.wikipedia.org/wiki/List_of_high-rise_fa%C3%A7ade_fires => 可访问(200),2026-08-26,,1,未评估（本事件表不建立热浪因果关系）,已有来源描述,,,,,,,,pending_gee_enrichment
104,HRF-0104,欧洲,United Kingdom,"Northern Quarter, Manchester, England, United Kingdom",Lighthouse Apartments fire,2017-12-30,2017,12层住宅楼9层起火，火焰通过木质阳台向10至11层传播。,来源未给出最终起火原因；木质阳台促进竖向传播。,3人接受烟气吸入治疗，1人送院；无死亡。,https://ctif.org/sites/default/files/2025-08/CTIF_Report30.pdf,53.4843,-2.235,事件/建筑近似点（候选来源提供）,event_or_building_approximate,high-rise residential exterior fire,residential,12 storeys; floors 9-11 affected,未检索到,未检索到,0,4,,B,confirmed_highrise,严格确认,CTIF报告明确12层、起火层、传播路径和伤情。,区域代理-欧洲非洲,区域代理-欧洲非洲,,1,可访问(200),,2026-08-26,,1,未评估（本事件表不建立热浪因果关系）,缺失/待核实,,,,,,,,pending_gee_enrichment
105,HRF-0105,欧洲,France,Paris,The Boulangerie Hubert (later renamed the Mumbai Cafe),2019-01-12,2019,The Boulangerie Hubert (later renamed the Mumbai Cafe)高层建筑外立面火灾。死亡 4，受伤 47；表中记录的受影响楼层为 1st of 7。,未检索到/待核实,死亡 4，受伤 47；表中记录的受影响楼层为 1st of 7。,https://en.wikipedia.org/wiki/2019_Paris_explosion,48.85341,2.3488,城市代表点（来源明确说明不是火场坐标）,city_centroid,高层建筑外立面火灾,未检索到,未检索到,1st of 7,未检索到,4,47,,B,compendium_needs_independent_verification,专题汇编记录,Wikipedia具名事件页+高层专题表,List of high-rise façade fires | Wikipedia high-rise façade list; derived from Bonner et al./news (candidate discovery),Wikipedia专题列表 | 批量来源代理,https://en.wikipedia.org/wiki/List_of_high-rise_fa%C3%A7ade_fires,2,可访问(200),https://en.wikipedia.org/wiki/List_of_high-rise_fa%C3%A7ade_fires => 可访问(200),2026-08-26,,1,未评估（本事件表不建立热浪因果关系）,缺失/待核实,,,,,,,,pending_gee_enrichment
106,HRF-0106,欧洲,France,"16th arrondissement, Paris, Île-de-France, France",17 bis rue Erlanger apartment fire,2019-02-05,2019,巴黎一栋9层住宅楼遭纵火，火与烟影响3至9层。,邻里纠纷后人为纵火。,10人死亡、36人受伤；3至9层受影响。,https://en.wikipedia.org/wiki/List_of_high-rise_fa%C3%A7ade_fires,48.847,2.263,事件/建筑近似点（候选来源提供）,event_or_building_approximate,multi-storey residential / arson fire,residential,9 storeys; floors 3-9 affected,未检索到,older Paris apartment building,10,36,,C,threshold_review_9_storeys,候选待核实,高层外立面火灾汇总表记录10死36伤和受影响楼层；9层是否纳入最终高层需统一阈值。,区域代理-欧洲非洲,区域代理-欧洲非洲,,1,可访问(200),,2026-08-26,,1,未评估（本事件表不建立热浪因果关系）,已有来源描述,,,,,,,,pending_gee_enrichment
107,HRF-0107,欧洲,France,"16th District, Paris",The drunk lady fire,2019-02-05,2019,"17 bis rue Erlanger, The drunk lady fire高层建筑外立面火灾。死亡 10，受伤 36；表中记录的受影响楼层为 3rd through 9th。",未检索到/待核实,死亡 10，受伤 36；表中记录的受影响楼层为 3rd through 9th。,https://en.wikipedia.org/wiki/February_2019_Paris_fire,,,未提供坐标,unspecified,高层建筑外立面火灾,未检索到,未检索到,3rd through 9th,未检索到,10,36,,B,compendium_needs_independent_verification,专题汇编记录,Wikipedia具名事件页+高层专题表,List of high-rise façade fires | Wikipedia high-rise façade list; derived from Bonner et al./news (candidate discovery),Wikipedia专题列表 | 批量来源代理,https://en.wikipedia.org/wiki/List_of_high-rise_fa%C3%A7ade_fires,2,可访问(200),https://en.wikipedia.org/wiki/List_of_high-rise_fa%C3%A7ade_fires => 可访问(200),2026-08-26,,1,未评估（本事件表不建立热浪因果关系）,缺失/待核实,,,,,,,,invalid_coordinate_or_date
108,HRF-0108,欧洲,Poland,"Wola, Warsaw, Masovian Voivodeship, Poland",Warsaw Hub construction fire,2019-06-07,2019,在建31层Warsaw Hub上部楼层发生大火，周边封锁但结构未被认为有坍塌危险。,未核实。,无伤亡报道；上部楼层受损，周边道路和区域临时封锁。,https://ctif.org/sites/default/files/2025-08/CTIF_Report30.pdf,52.229,20.9847,事件/建筑近似点（候选来源提供）,event_or_building_approximate,high-rise construction fire,office / mixed-use under construction,31 storeys,未检索到,under construction,0,0,,B,confirmed_highrise_date_recheck,严格确认,CTIF报告明确31层、在建状态和结构影响；精确日期需再与CTBUH原始新闻核对。,区域代理-欧洲非洲,区域代理-欧洲非洲,,1,可访问(200),,2026-08-26,,1,未评估（本事件表不建立热浪因果关系）,已有来源描述,,,,,,,,pending_gee_enrichment
109,HRF-0109,欧洲,Poland,Warsaw,Residential Flats fire,2019-08-14,2019,Residential Flats高层建筑外立面火灾。死亡 0，受伤 0；表中记录的受影响楼层为 10。,未检索到/待核实,死亡 0，受伤 0；表中记录的受影响楼层为 10。,https://tvn24.pl/tvnwarszawa/najnowsze/spalona-elewacja-zniszczone-okna-od-parteru-az-po-sam-dach-652130,52.22977,21.01178,城市代表点（来源明确说明不是火场坐标）,city_centroid,高层建筑外立面火灾,residential,未检索到,10,未检索到,0,0,,C,compendium_needs_independent_verification,专题汇编记录,Wikipedia高层专题表；需补充独立来源核验,List of high-rise façade fires | Wikipedia high-rise façade list; derived from Bonner et al./news (candidate discovery),Wikipedia专题列表 | 批量来源代理,https://en.wikipedia.org/wiki/List_of_high-rise_fa%C3%A7ade_fires,2,受限(403),https://en.wikipedia.org/wiki/List_of_high-rise_fa%C3%A7ade_fires => 可访问(200),2026-08-26,,1,未评估（本事件表不建立热浪因果关系）,缺失/待核实,,,,,,,,pending_gee_enrichment
110,HRF-0110,欧洲,France,Paris,Seine Tower fire,2019-11-14,2019,Seine Tower高层建筑外立面火灾。死亡 0，受伤 2；表中记录的受影响楼层为 1。,未核实。,死亡 0，受伤 2；表中记录的受影响楼层为 1。,https://doi.org/10.1007%2F978-1-4939-2898-9_4,48.8566,2.3522,事件/建筑近似点（候选来源提供）,event_or_building_approximate,高层建筑外立面火灾,未检索到,high-rise; 1 floor affected; total floors to verify,1,未检索到,0,2,,C,compendium_needs_independent_verification,专题汇编记录,Wikipedia高层专题表；需补充独立来源核验,List of high-rise façade fires | Wikipedia high-rise façade list; derived from Bonner et al./news (candidate discovery) | 区域代理-欧洲非洲,Wikipedia专题列表 | 区域代理-欧洲非洲 | 批量来源代理,https://en.wikipedia.org/wiki/List_of_high-rise_fa%C3%A7ade_fires,2,可访问(200),https://en.wikipedia.org/wiki/List_of_high-rise_fa%C3%A7ade_fires => 可访问(200),2026-08-26,,1,未评估（本事件表不建立热浪因果关系）,已有来源描述,,,,,,,,pending_gee_enrichment
111,HRF-0111,欧洲,United Kingdom,Bolton,The Cube Student Housing fire,2019-11-16,2019,The Cube Student Housing高层建筑外立面火灾。死亡 0，受伤 2；表中记录的受影响楼层为 1。,未核实；外墙系统被认为与快速传播有关。,死亡 0，受伤 2；表中记录的受影响楼层为 1。,https://www.ft.com/content/bb1e05b4-0896-11ea-b2d6-9bf4d1957a67,53.578,-2.429,事件/建筑近似点（候选来源提供）,event_or_building_approximate,高层建筑外立面火灾,student housing,about 6 storeys,1,recently built student accommodation,0,2,,C,compendium_needs_independent_verification,专题汇编记录,Wikipedia高层专题表；需补充独立来源核验,List of high-rise façade fires | Wikipedia high-rise façade list; derived from Bonner et al./news (candidate discovery) | 区域代理-欧洲非洲,Wikipedia专题列表 | 区域代理-欧洲非洲 | 批量来源代理,https://en.wikipedia.org/wiki/List_of_high-rise_fa%C3%A7ade_fires,2,受限(403),https://en.wikipedia.org/wiki/List_of_high-rise_fa%C3%A7ade_fires => 可访问(200),2026-08-26,,1,未评估（本事件表不建立热浪因果关系）,已有来源描述,,,,,,,,pending_gee_enrichment
112,HRF-0112,欧洲,Slovakia,Prešov,Unnamed Highrise fire,2019-12-06,2019,"Unnamed Highrise高层建筑火灾；建筑高度记录为 47.9 m。死亡人数：8。Natural gas explosion, 40 injuries","Natural gas explosion, 40 injuries","死亡人数：8。Natural gas explosion, 40 injuries",https://www.teraz.sk/regiony/vybuch-plynu-hasici-hasia-poziar-byt/434333-clanok.html,48.99923,21.2355,城市代表点（来源明确说明不是火场坐标）,city_centroid,高层建筑火灾,未检索到,47.9 m,未检索到,未检索到,8,40,,C,compendium_needs_independent_verification,专题汇编记录,Wikipedia高层建筑专题表；需补充独立来源核验,List of fires in high-rise buildings | Wikipedia dynamic high-rise list (candidate discovery),Wikipedia专题列表 | 批量来源代理,https://en.wikipedia.org/wiki/List_of_fires_in_high-rise_buildings,2,可访问(200),https://en.wikipedia.org/wiki/List_of_fires_in_high-rise_buildings => 可访问(200),2026-08-26,,1,未评估（本事件表不建立热浪因果关系）,已有来源描述,,,,,,,,pending_gee_enrichment
113,HRF-0113,欧洲,Czech Republic,Czech Republic,2020 Bohumín high-rise arson fire,2020-08-08,2020,Tower block at 1158 Nerudova street高层建筑火灾；建筑高度记录为 42.9 m。死亡人数：11。Bohumín arson attack,Bohumín arson attack,死亡人数：11。Bohumín arson attack,https://en.wikipedia.org/wiki/Bohumín_arson_attack,,,未提供坐标,unspecified,高层建筑火灾,residential,42.9 m,未检索到,未检索到,11,,,B,compendium_needs_independent_verification,专题汇编记录,Wikipedia具名事件页+高层建筑专题表,List of fires in high-rise buildings | Wikipedia dynamic high-rise list (candidate discovery),Wikipedia专题列表 | 批量来源代理,https://en.wikipedia.org/wiki/List_of_fires_in_high-rise_buildings,2,可访问(200),https://en.wikipedia.org/wiki/List_of_fires_in_high-rise_buildings => 可访问(200),2026-08-26,,1,未评估（本事件表不建立热浪因果关系）,已有来源描述,,,,,,,,invalid_coordinate_or_date
114,HRF-0114,欧洲,Spain,Madrid,Madrid Tower Block fire,2020-08-29,2020,Madrid Tower Block高层建筑外立面火灾。死亡 0，受伤 0；表中记录的受影响楼层为 3。,未核实。,死亡 0，受伤 0；表中记录的受影响楼层为 3。,https://www.euroweeklynews.com/2020/08/30/high-rise-on-fire-in-madrid/,40.4168,-3.7038,事件/建筑近似点（候选来源提供）,event_or_building_approximate,高层建筑外立面火灾,residential,未检索到,3,未检索到,0,0,,C,compendium_needs_independent_verification,专题汇编记录,Wikipedia高层专题表；需补充独立来源核验,List of high-rise façade fires | Wikipedia high-rise façade list; derived from Bonner et al./news (candidate discovery) | 区域代理-欧洲非洲,Wikipedia专题列表 | 区域代理-欧洲非洲 | 批量来源代理,https://en.wikipedia.org/wiki/List_of_high-rise_fa%C3%A7ade_fires,2,可访问(200),https://en.wikipedia.org/wiki/List_of_high-rise_fa%C3%A7ade_fires => 可访问(200),2026-08-26,,1,未评估（本事件表不建立热浪因果关系）,已有来源描述,,,,,,,,pending_gee_enrichment
115,HRF-0115,欧洲,France,Paris,"Helsinki Tower, 50 rue du Disque fire",2021-08-13,2021,"Helsinki Tower, 50 rue du Disque高层建筑火灾；建筑高度记录为 ~100 m。死亡人数：1。18th of 33 flrs, apt possibly linked to Diogenes syndrome (hoarding), spread prevented via compartmentation, contained after 2 hrs, ~70 firefighters, 2 hoses, 1 killed (carbonized body), 4 injured (2 were firefighters with heatstroke).",未检索到/待核实,"死亡人数：1。18th of 33 flrs, apt possibly linked to Diogenes syndrome (hoarding), spread prevented via compartmentation, contained after 2 hrs, ~70 firefighters, 2 hoses, 1 killed (carbonized body), 4 injured (2 were firefighters with heatstroke).",https://www.bfmtv.com/paris/paris-un-mort-et-quatre-blesses-dans-un-incendie-quartier-olympiades_AN-202108130293.html,48.85341,2.3488,城市代表点（来源明确说明不是火场坐标）,city_centroid,高层建筑火灾,未检索到,~100 m,未检索到,未检索到,1,4,,C,compendium_needs_independent_verification,专题汇编记录,Wikipedia高层建筑专题表；需补充独立来源核验,List of fires in high-rise buildings | Wikipedia dynamic high-rise list (candidate discovery),Wikipedia专题列表 | 批量来源代理,https://en.wikipedia.org/wiki/List_of_fires_in_high-rise_buildings,2,可访问(200),https://en.wikipedia.org/wiki/List_of_fires_in_high-rise_buildings => 可访问(200),2026-08-26,,1,未评估（本事件表不建立热浪因果关系）,缺失/待核实,,,,,,,,pending_gee_enrichment
116,HRF-0116,欧洲,Italy,"Via Antonini, Milan, Lombardy, Italy",Torre dei Moro fire,2021-08-29,2021,米兰18层住宅塔楼外墙构件在短时间内几乎全高燃烧。,最终起火原因需查意大利调查结论；外墙覆层促进快速蔓延。,无死亡；住户全部撤离，建筑严重损毁，约70户受影响。,https://www.rainews.it/archivio-rainews/articoli/Grattacielo-in-fiamme-a-Milano-ancora-in-corso-le-operazioni-di-spegnimento-Nessuna-vittima-287fb407-626c-470a-8db3-efd789f646a8.html,45.4376,9.1805,事件/建筑近似点（候选来源提供）,event_or_building_approximate,high-rise residential façade fire,residential,18 storeys / over 60 m,20,completed around 2011,0,0,70,B,confirmed_highrise,严格确认,Rai报道引用意大利消防部门；另有建筑资料确认18层、约60米。,List of fires in high-rise buildings | List of high-rise façade fires | Wikipedia dynamic high-rise list (candidate discovery) | 区域代理-欧洲非洲,Wikipedia专题列表 | 区域代理-欧洲非洲 | 批量来源代理,https://en.wikipedia.org/wiki/List_of_fires_in_high-rise_buildings | https://en.wikipedia.org/wiki/Torre_dei_Moro_fire?action=edit&redlink=1 | https://www.euronews.com/2021/08/30/no-victims-in-milan-towerblock-fire-reminiscent-of-grenfell-disaster,4,可访问(200),https://en.wikipedia.org/wiki/List_of_fires_in_high-rise_buildings => 可访问(200) | https://en.wikipedia.org/wiki/Torre_dei_Moro_fire?action=edit&redlink=1 => HTTP错误(404) | https://www.euronews.com/2021/08/30/no-victims-in-milan-towerblock-fire-reminiscent-of-grenfell-disaster => 可访问(200),2026-08-26,,1,未评估（本事件表不建立热浪因果关系）,已有来源描述,,,,,,,,pending_gee_enrichment
117,HRF-0117,欧洲,Spain,València,Unnamed Highrise fire,2024-02-22,2024,2024 València residential complex fire,未检索到/待核实,2024 València residential complex fire,https://en.wikipedia.org/wiki/List_of_fires_in_high-rise_buildings,39.47391,-0.37966,城市代表点（来源明确说明不是火场坐标）,city_centroid,高层建筑火灾,residential,未检索到,未检索到,未检索到,10,,,C,candidate_height_or_list_membership_needs_individual_source,候选待核实,listed in high-rise fire table；aggregate list is not sufficient for final inclusion; verify height/floors and event details with cited event or building source,Wikipedia dynamic high-rise list (candidate discovery),批量来源代理,,1,可访问(200),,2026-08-26,,1,未评估（本事件表不建立热浪因果关系）,缺失/待核实,,,,,,,,pending_gee_enrichment
118,HRF-0118,欧洲,Spain,"Campanar, Valencia, Valencian Community, Spain",Valencia residential complex fire,2024-02-22,2024,14层住宅综合体一户起火后在强风下迅速蔓延至外墙和相邻楼体。,火始于住宅单元；后续调查指向冰箱制冷剂泄漏后被火花点燃，但点火细节并非完全确定。,10人死亡、15人接受伤情治疗；约140套住宅所在综合体严重烧毁，住户临时安置。,https://apnews.com/article/e57323a53ece0d24e14ad67a3049ff47,39.4862,-0.4057,事件/建筑近似点（候选来源提供）,event_or_building_approximate,high-rise residential façade fire,residential,14 storeys,14,modern residential complex,10,15,140,A,confirmed_highrise,严格确认,AP后续报道确认最终10名死者、14层和约140套住宅；原因最终结论仍应以西班牙调查为准。,List of fires in high-rise buildings | List of high-rise façade fires | Wikipedia high-rise façade list; derived from Bonner et al./news (candidate discovery) | 区域代理-欧洲非洲,Wikipedia专题列表 | 区域代理-欧洲非洲 | 批量来源代理,https://en.wikipedia.org/wiki/2024_València_residential_complex_fire | https://en.wikipedia.org/wiki/List_of_high-rise_fa%C3%A7ade_fires,3,可访问(200),https://en.wikipedia.org/wiki/2024_València_residential_complex_fire => 可访问(200) | https://en.wikipedia.org/wiki/List_of_high-rise_fa%C3%A7ade_fires => 可访问(200),2026-08-26,,1,未评估（本事件表不建立热浪因果关系）,已有来源描述,,,,,,,,pending_gee_enrichment
119,HRF-0119,欧洲,Russia,Tver,fire,2024-03-14,2024,高层建筑火灾；建筑高度记录为 未列明。死亡人数：0。Occurred during construction,未检索到/待核实,死亡人数：0。Occurred during construction,https://en.wikipedia.org/wiki/List_of_fires_in_high-rise_buildings,56.85836,35.90057,城市代表点（来源明确说明不是火场坐标）,city_centroid,高层建筑火灾,未检索到,未检索到,未检索到,未检索到,0,,,C,compendium_needs_independent_verification,专题汇编记录,Wikipedia高层建筑专题表；需补充独立来源核验,List of fires in high-rise buildings | Wikipedia dynamic high-rise list (candidate discovery),Wikipedia专题列表 | 批量来源代理,,1,可访问(200),,2026-08-26,,1,未评估（本事件表不建立热浪因果关系）,缺失/待核实,,,,,,,,pending_gee_enrichment
120,HRF-0120,欧洲,France,"146 rue de Charonne, Paris, Île-de-France, France",146 rue de Charonne fire,2024-04-07,2024,巴黎一栋12层建筑7层发生火灾。,未核实。,3人死亡；表中未记录受伤。,https://en.wikipedia.org/wiki/List_of_high-rise_fa%C3%A7ade_fires,48.854,2.389,事件/建筑近似点（候选来源提供）,event_or_building_approximate,high-rise residential fire,residential / mixed-use to verify,12 storeys; fire on 7th floor,7th of 12,未检索到,3,0,,C,confirmed_height_needs_primary_source,确认但有待复核字段,高层外立面火灾汇总表确认12层、7层起火和3人死亡；需补法国警方或消防原始来源。,List of high-rise façade fires | Wikipedia high-rise façade list; derived from Bonner et al./news (candidate discovery) | 区域代理-欧洲非洲,Wikipedia专题列表 | 区域代理-欧洲非洲 | 批量来源代理,https://en.wikipedia.org/wiki/146_rue_de_Charonne_fire?action=edit&redlink=1,2,可访问(200),https://en.wikipedia.org/wiki/146_rue_de_Charonne_fire?action=edit&redlink=1 => HTTP错误(404),2026-08-26,,1,未评估（本事件表不建立热浪因果关系）,已有来源描述,,,,,,,,pending_gee_enrichment
121,HRF-0121,欧洲,France,Paris,"Asia of Ivry (fr, Asie d'Ivry) Wholesaler Chinese Pastry, 50 Av. de la Prte d'Ivry fire",2024-09-17,2024,"Asia of Ivry (fr, Asie d'Ivry) Wholesaler Chinese Pastry, 50 Av. de la Prte d'Ivry高层建筑外立面火灾。死亡 0，受伤 2；表中记录的受影响楼层为 7th (attic)。",未检索到/待核实,死亡 0，受伤 2；表中记录的受影响楼层为 7th (attic)。,https://english.news.cn/europe/20240918/4f5f1d3157c342bba3a376dc712960fe/c.html,48.85341,2.3488,城市代表点（来源明确说明不是火场坐标）,city_centroid,高层建筑外立面火灾,未检索到,21 m,7th (attic),未检索到,0,2,,C,compendium_needs_independent_verification,专题汇编记录,Wikipedia高层专题表；需补充独立来源核验,List of fires in high-rise buildings | List of high-rise façade fires | Wikipedia dynamic high-rise list (candidate discovery) | Wikipedia high-rise façade list; derived from Bonner et al./news (candidate discovery),Wikipedia专题列表 | 批量来源代理,https://en.wikipedia.org/wiki/List_of_fires_in_high-rise_buildings | https://en.wikipedia.org/wiki/List_of_high-rise_fa%C3%A7ade_fires,3,可访问(200),https://en.wikipedia.org/wiki/List_of_fires_in_high-rise_buildings => 可访问(200) | https://en.wikipedia.org/wiki/List_of_high-rise_fa%C3%A7ade_fires => 可访问(200),2026-08-26,,1,未评估（本事件表不建立热浪因果关系）,缺失/待核实,,,,,,,,pending_gee_enrichment
122,HRF-0122,欧洲,France,Paris,26 Avenue d'Iéna fire,2024-12-13,2024,26 Avenue d'Iéna高层建筑外立面火灾。死亡 0，受伤 0；表中记录的受影响楼层为 7th。,未检索到/待核实,死亡 0，受伤 0；表中记录的受影响楼层为 7th。,https://www.sortiraparis.com/en/news/in-paris/articles/322526-fire-in-progress-avenue-d-iena-in-paris-16th-arrondissement,48.85341,2.3488,城市代表点（来源明确说明不是火场坐标）,city_centroid,高层建筑外立面火灾,未检索到,未检索到,7th,未检索到,0,0,,C,compendium_needs_independent_verification,专题汇编记录,Wikipedia高层专题表；需补充独立来源核验,List of high-rise façade fires | Wikipedia high-rise façade list; derived from Bonner et al./news (candidate discovery),Wikipedia专题列表 | 批量来源代理,https://en.wikipedia.org/wiki/List_of_high-rise_fa%C3%A7ade_fires,2,可访问(200),https://en.wikipedia.org/wiki/List_of_high-rise_fa%C3%A7ade_fires => 可访问(200),2026-08-26,,1,未评估（本事件表不建立热浪因果关系）,缺失/待核实,,,,,,,,pending_gee_enrichment
123,HRF-0123,欧洲,France,Paris,"GMF Assurances, 1 rue de la Pépinière fire",2024-12-24,2024,"GMF Assurances, 1 rue de la Pépinière高层建筑外立面火灾。死亡 0，受伤 1；表中记录的受影响楼层为 Top flr。",未检索到/待核实,死亡 0，受伤 1；表中记录的受影响楼层为 Top flr。,https://www.sortiraparis.com/en/news/in-paris/articles/322834-fire-in-front-of-gare-saint-lazare-building-destroys-paris-8e-avoid-the-area,48.85341,2.3488,城市代表点（来源明确说明不是火场坐标）,city_centroid,高层建筑外立面火灾,未检索到,未检索到,Top flr,未检索到,0,1,,C,compendium_needs_independent_verification,专题汇编记录,Wikipedia高层专题表；需补充独立来源核验,List of high-rise façade fires | Wikipedia high-rise façade list; derived from Bonner et al./news (candidate discovery),Wikipedia专题列表 | 批量来源代理,https://en.wikipedia.org/wiki/List_of_high-rise_fa%C3%A7ade_fires,2,可访问(200),https://en.wikipedia.org/wiki/List_of_high-rise_fa%C3%A7ade_fires => 可访问(200),2026-08-26,,1,未评估（本事件表不建立热浪因果关系）,缺失/待核实,,,,,,,,pending_gee_enrichment
124,HRF-0124,欧洲,France,Paris,The 12th District Town Hall fire,2025-01-27,2025,"The 12th District Town Hall高层建筑火灾；建筑高度记录为 36 m。死亡人数：0。Top flrs, possible electrical short in attic, 150 firefighters saved main structure, tower stabilized after collapse risk.","Top flrs, possible electrical short in attic, 150 firefighters saved main structure, tower stabilized after collapse risk.","死亡人数：0。Top flrs, possible electrical short in attic, 150 firefighters saved main structure, tower stabilized after collapse risk.",https://apnews.com/article/paris-town-hall-fire-bell-tower-c6ff46a0f000b28d2a4cffb30ae82f08,48.85341,2.3488,城市代表点（来源明确说明不是火场坐标）,city_centroid,高层建筑火灾,未检索到,36 m,Top flrs,未检索到,0,,,C,compendium_needs_independent_verification,专题汇编记录,Wikipedia高层建筑专题表；需补充独立来源核验,List of fires in high-rise buildings | List of high-rise façade fires | Wikipedia dynamic high-rise list (candidate discovery),Wikipedia专题列表 | 批量来源代理,https://en.wikipedia.org/wiki/List_of_fires_in_high-rise_buildings,2,可访问(200),https://en.wikipedia.org/wiki/List_of_fires_in_high-rise_buildings => 可访问(200),2026-08-26,,1,未评估（本事件表不建立热浪因果关系）,已有来源描述,,,,,,,,pending_gee_enrichment
125,HRF-0125,欧洲,France,"Tours, Indre-et-Loire",18 Jardin de Guillaume Bouzignac/18 Mail Gustave Flaubert fire,2025-10-10,2025,18 Jardin de Guillaume Bouzignac/18 Mail Gustave Flaubert高层建筑火灾；建筑高度记录为 60 m。死亡人数：1。,未检索到/待核实,死亡人数：1。,https://www.lanouvellerepublique.fr/tours/incendie-dans-un-appartement-du-quartier-bouzignac-a-tours-une-personne-retrouvee-decedee-1760119673,47.39484,0.70398,城市代表点（GeoNames；不是建筑精确坐标）,city_centroid,高层建筑火灾,未检索到,60 m,未检索到,未检索到,1,,,C,compendium_needs_independent_verification,专题汇编记录,Wikipedia高层建筑专题表；需补充独立来源核验,List of fires in high-rise buildings | Wikipedia dynamic high-rise list (candidate discovery),Wikipedia专题列表 | 批量来源代理,https://en.wikipedia.org/wiki/List_of_fires_in_high-rise_buildings,2,受限(403),https://en.wikipedia.org/wiki/List_of_fires_in_high-rise_buildings => 可访问(200),2026-08-26,,1,未评估（本事件表不建立热浪因果关系）,缺失/待核实,,,,,,,,pending_gee_enrichment
126,HRF-0126,欧洲,Bosnia and Herzegovina,Tuzla,Tuzla retirement home fire,2025-11-04,2025,Tuzla Retirement Home高层建筑火灾；建筑高度记录为 未列明。死亡人数：17。Tuzla retirement home fire,未检索到/待核实,死亡人数：17。Tuzla retirement home fire,https://en.wikipedia.org/wiki/Tuzla_retirement_home_fire,44.53842,18.66709,城市代表点（来源明确说明不是火场坐标）,city_centroid,高层建筑火灾,healthcare/care,未检索到,未检索到,未检索到,17,,,B,compendium_needs_independent_verification,专题汇编记录,Wikipedia具名事件页+高层建筑专题表,List of fires in high-rise buildings | Wikipedia dynamic high-rise list (candidate discovery),Wikipedia专题列表 | 批量来源代理,https://en.wikipedia.org/wiki/List_of_fires_in_high-rise_buildings,2,可访问(200),https://en.wikipedia.org/wiki/List_of_fires_in_high-rise_buildings => 可访问(200),2026-08-26,,1,未评估（本事件表不建立热浪因果关系）,缺失/待核实,,,,,,,,pending_gee_enrichment
127,HRF-0127,欧洲,Croatia,Zagreb,Vjesnik Building fire,2025-11-17,2025,"Vjesnik Building高层建筑火灾；建筑高度记录为 未列明。死亡人数：0。Fire started at the 15th floor by high school students. The building was vacant at the time of the fire, and will be demolished.",Fire started at the 15th floor by high school students.,"死亡人数：0。Fire started at the 15th floor by high school students. The building was vacant at the time of the fire, and will be demolished.",https://balkaninsight.com/2025/11/26/up-in-smoke-vjesnik-fire-symbolises-end-of-croatian-journalisms-golden-age/,45.81444,15.97798,城市代表点（来源明确说明不是火场坐标）,city_centroid,高层建筑火灾,education,未检索到,未检索到,vacant,0,,,C,compendium_needs_independent_verification,专题汇编记录,Wikipedia高层建筑专题表；需补充独立来源核验,List of fires in high-rise buildings | Wikipedia dynamic high-rise list (candidate discovery),Wikipedia专题列表 | 批量来源代理,https://en.wikipedia.org/wiki/List_of_fires_in_high-rise_buildings,2,可访问(200),https://en.wikipedia.org/wiki/List_of_fires_in_high-rise_buildings => 可访问(200),2026-08-26,,1,未评估（本事件表不建立热浪因果关系）,已有来源描述,,,,,,,,pending_gee_enrichment
128,HRF-0128,欧洲,Croatia,"Vjesnik Tower, Zagreb, City of Zagreb, Croatia",Vjesnik Tower fire,2025-11-17,2025,萨格勒布地标高层办公塔发生大火，建筑内部和上部楼层严重损毁。,未核实。,建筑几乎被完全烧毁；无人员伤亡。,https://apnews.com/article/09f6463cc7981e4ee74cc79fbe922b07,45.7997,15.9614,事件/建筑近似点（候选来源提供）,event_or_building_approximate,high-rise office fire,office / former newspaper headquarters,about 16 storeys / landmark tower,未检索到,older landmark office tower,0,0,0,A,confirmed_highrise,严格确认,AP确认事件和无人员伤亡；建筑资料显示约16层，需再用业主或市政府资料核对确切层数。,区域代理-欧洲非洲,区域代理-欧洲非洲,,1,可访问(200),,2026-08-26,,1,未评估（本事件表不建立热浪因果关系）,已有来源描述,,,,,,,,pending_gee_enrichment
129,HRF-0129,非洲,South Africa,"Johannesburg CBD, Gauteng, South Africa",Rand Inn International Hotel fire,2003-03-05,2003,约21层住宅旅馆低层餐厅/厨房起火，烟气通过楼梯间和电梯井充满整栋高层。,餐厅厨房火花起火为CTIF汇总说法；同期报道仅确认火集中于2至3层，原因应再查消防调查。,同期报道5死61伤，其中有人从高层跳下；CTIF汇总为6死67伤。,https://iol.co.za/news/south-africa/2003-03-05-joburg-fire-victims-leap-to-their-death/,-26.2041,28.0473,事件/建筑近似点（候选来源提供）,event_or_building_approximate,high-rise hotel / residential fire,residential hotel,20-21 storeys,未检索到,older inner-city residential hotel,5,61,,B,confirmed_highrise_casualty_discrepancy,确认但有待复核字段,IOL同期报道明确20层烟气传播、5死61伤；CTIF二次汇总记21层、6死67伤，存在版本差异。,区域代理-欧洲非洲,区域代理-欧洲非洲,,1,可访问(200),,2026-08-26,,1,未评估（本事件表不建立热浪因果关系）,已有来源描述,,,,,,,,pending_gee_enrichment
130,HRF-0130,非洲,Egypt,"Abbas Al-Aqqad Street, Nasr City, Cairo, Egypt",Nasr City high-rise fire and collapse,2004-01-26,2004,开罗Nasr City一栋12层住宅商住楼底层商店起火后发生气瓶爆炸并整体坍塌。,底层家电商店/仓库起火，餐馆气瓶受热爆炸；违法加层和较差施工被认为导致坍塌。,最终报道14人死亡、36至40余人受伤；相邻两栋楼被疏散。,https://www.cbsnews.com/news/collapsed-cairo-high-rise-traps-15/,30.056,31.33,事件/建筑近似点（候选来源提供）,event_or_building_approximate,high-rise mixed-use fire and collapse,residential with ground-floor commercial uses,11-12 storeys; originally permitted 4-5 floors,未检索到,built 1981; 6-7 floors added illegally,14,36,,A,confirmed_highrise_floor_discrepancy,确认但有待复核字段,CBS刊载AP同期报道；Al Jazeera后续确认14死36伤，楼层报道11至12层不一。,区域代理-欧洲非洲,区域代理-欧洲非洲,,1,可访问(200),,2026-08-26,,1,未评估（本事件表不建立热浪因果关系）,已有来源描述,,,,,,,,pending_gee_enrichment
131,HRF-0131,非洲,Nigeria,"47/57 Martins Street, Lagos Island, Lagos State, Nigeria",Great Nigeria House fire,2013-11-04,2013,25层商业大楼低层起火并持续燃烧约24小时，影响1至3层及夹层。,确切原因未定；同期目击者称恢复供电后出现浓烟，可燃商品加剧火势。,无死亡；同期报道2至3人受伤，超过200名商户受影响，财产损失巨大。,https://www.greatnigeriaplc.com/report/2014FinancialStatementFull.pdf,6.454,3.392,事件/建筑近似点（候选来源提供）,event_or_building_approximate,high-rise commercial fire,commercial / offices / trading and storage,25 storeys; floors 1-3 and mezzanine mainly affected,未检索到,over 30 years old in 2013,0,3,200,A,confirmed_highrise,严格确认,业主2014财务报表确认地址、日期及主要受影响楼层；同期新闻确认25层和人员影响。,区域代理-欧洲非洲,区域代理-欧洲非洲,,1,可访问(200),,2026-08-26,,1,未评估（本事件表不建立热浪因果关系）,已有来源描述,,,,,,,,pending_gee_enrichment
132,HRF-0132,非洲,Nigeria,"Marina, Lagos Island, Lagos State, Nigeria",Mamman Kontagora House fire,2015-04-15,2015,拉各斯Marina一栋高层办公楼发电机房起火，火势向上影响至约7层。,发电机/发电机房被消防部门认定为起火点。,无已报告死亡；办公机构临时迁出，具体损失待评估。,https://www.channelstv.com/2015/04/15/fire-guts-kontagora-house-in-lagos/,6.448,3.397,事件/建筑近似点（候选来源提供）,event_or_building_approximate,high-rise office fire,office / government and financial institutions,high-rise; fire reportedly reached 7th floor; total floors to verify,未检索到,未检索到,0,,,B,candidate_needs_total_floor_count,候选待核实,Channels TV明确称高层建筑并记录消防响应；总层数未在所用正文中给出。,区域代理-欧洲非洲,区域代理-欧洲非洲,,1,可访问(200),,2026-08-26,,1,未评估（本事件表不建立热浪因果关系）,已有来源描述,,,,,,,,pending_gee_enrichment
133,HRF-0133,非洲,Nigeria,"NECOM House, Marina, Lagos Island, Lagos State, Nigeria",NECOM House top-floor fire,2015-12-08,2015,NECOM House最高层发生电气火灾，被工作人员和消防部门迅速扑灭。,顶部楼层电缆电气火花；可燃废旧物品加剧火势。,无死亡、无严重建筑损坏报道。,https://www.vanguardngr.com/2015/12/nitel-building-fire-caused-by-electrical-sparks/,6.449,3.398,事件/建筑近似点（候选来源提供）,event_or_building_approximate,skyscraper office fire,office / telecommunications,32 storeys / about 160 m,未检索到,completed 1979,0,0,,B,confirmed_highrise,严格确认,报道明确32层和顶部起火；Skyscraper Center列建筑为32层、约160米。,区域代理-欧洲非洲,区域代理-欧洲非洲,,1,受限(403),,2026-08-26,,1,未评估（本事件表不建立热浪因果关系）,已有来源描述,,,,,,,,pending_gee_enrichment
134,HRF-0134,非洲,South Africa,"Bank of Lisbon Building, Johannesburg CBD, Gauteng, South Africa",Bank of Lisbon Building fire,2018-09-05,2018,约23层政府办公高楼持续燃烧三天，三名消防员死亡，建筑随后因不安全被爆破拆除。,最终起火原因未确定。,3名消防员死亡、多人受伤；建筑严重受损并于2019年拆除。,https://ctif.org/sites/default/files/2025-08/CTIF_Report30.pdf,-26.205,28.043,事件/建筑近似点（候选来源提供）,event_or_building_approximate,high-rise office fire,government offices,23 storeys / 101 m,未检索到,older office building,3,,,B,confirmed_highrise,严格确认,CTIF报告明确23层、101米、3名消防员死亡和后续拆除；日期在个别来源有5/6日差异，按起火日5日记录。,区域代理-欧洲非洲,区域代理-欧洲非洲,,1,可访问(200),,2026-08-26,,1,未评估（本事件表不建立热浪因果关系）,已有来源描述,,,,,,,,pending_gee_enrichment
135,HRF-0135,非洲,South Africa,Johannesburg,Bank of Lisbon building fire,2018-09-06,2018,"Bank of Lisbon building高层建筑火灾；建筑高度记录为 108 m。死亡人数：3。Building demolished/Imploded on November 24, 2019",未检索到/待核实,"死亡人数：3。Building demolished/Imploded on November 24, 2019",https://en.wikipedia.org/wiki/List_of_fires_in_high-rise_buildings,-26.20227,28.04363,城市代表点（来源明确说明不是火场坐标）,city_centroid,高层建筑火灾,office/government,108 m,未检索到,未检索到,3,,,C,compendium_needs_independent_verification,专题汇编记录,Wikipedia高层建筑专题表；需补充独立来源核验,List of fires in high-rise buildings | Wikipedia dynamic high-rise list (candidate discovery),Wikipedia专题列表 | 批量来源代理,,1,可访问(200),,2026-08-26,,1,未评估（本事件表不建立热浪因果关系）,缺失/待核实,,,,,,,,pending_gee_enrichment
136,HRF-0136,非洲,Nigeria,"World Trade Centre, Central Business District, Abuja, FCT, Nigeria",Abuja World Trade Centre fire,2020-07-13,2020,Abuja世界贸易中心上部楼层发生小范围火灾，建筑自动高压喷淋系统将其扑灭。,未确定；起火位置接近顶部设备竖井。,无已报告伤亡；损伤范围较小，建筑被称保持安全完整。,https://www.thecable.ng/fire-breaks-out-at-abuja-world-trade-centre/,9.0579,7.4951,事件/建筑近似点（候选来源提供）,event_or_building_approximate,high-rise office fire,office / mixed-use tower,24 floors in owner statement; contemporaneous report says over 30 floors,未检索到,newer high-rise complex,0,0,,B,confirmed_highrise_floor_count_recheck,严格确认,TheCable称两栋楼均超过30层；业主后续报道涉及一栋24层楼，层数口径有矛盾，需核具体塔楼。,区域代理-欧洲非洲,区域代理-欧洲非洲,,1,可访问(200),,2026-08-26,,1,未评估（本事件表不建立热浪因果关系）,已有来源描述,,,,,,,,pending_gee_enrichment
137,HRF-0137,非洲,Sudan,Khartoum,Greater Nile Petroleum Oil Company Tower fire,2023-09-17,2023,Greater Nile Petroleum Oil Company Tower高层建筑火灾；建筑高度记录为 65.72 m。死亡人数：?。Occurred during War in Sudan (2023),未检索到/待核实,死亡人数：?。Occurred during War in Sudan (2023),https://en.wikipedia.org/wiki/List_of_fires_in_high-rise_buildings,15.55177,32.53241,城市代表点（来源明确说明不是火场坐标）,city_centroid,高层建筑火灾,未检索到,65.72 m,未检索到,未检索到,,,,C,compendium_needs_independent_verification,专题汇编记录,Wikipedia高层建筑专题表；需补充独立来源核验,List of fires in high-rise buildings | Wikipedia dynamic high-rise list (candidate discovery),Wikipedia专题列表 | 批量来源代理,,1,可访问(200),,2026-08-26,,1,未评估（本事件表不建立热浪因果关系）,缺失/待核实,,,,,,,,pending_gee_enrichment
138,HRF-0138,非洲,Egypt,"Ramses Central, Cairo, Cairo Governorate, Egypt",Ramses Exchange fire,2025-07-07,2025,开罗市中心10层电信枢纽7层设备区域起火并向其他楼层蔓延，造成全国通信和交易中断。,7层电信设备房/运营大厅起火；确切点火原因未公布。,4人死亡、27人住院；全国网络连接降至正常约62%，航班和证券交易受影响。,https://apnews.com/article/2675a5740d566e11cd4f2c80354da61c,30.0626,31.2461,事件/建筑近似点（候选来源提供）,event_or_building_approximate,high-rise infrastructure / office fire,telecommunications / office,10 storeys; fire began on 7th floor,未检索到,landmark older telecom building,4,27,,A,confirmed_10_storeys_threshold_review,确认但有待复核字段,AP后续报道确认10层、4死27伤及通信影响；10层是否纳入高层由最终阈值决定。,区域代理-欧洲非洲,区域代理-欧洲非洲,,1,可访问(200),,2026-08-26,,1,未评估（本事件表不建立热浪因果关系）,已有来源描述,,,,,,,,pending_gee_enrichment
139,HRF-0139,非洲,Nigeria,"Afriland Towers, Broad Street, Lagos Island, Lagos State, Nigeria",Afriland Towers fire,2025-09-16,2025,商业办公楼地下室逆变器房起火，浓烟沿楼内迅速传播并封阻疏散路线。,地下室逆变器房起火；浓烟和高温迅速扩散。,10人因烟气吸入死亡；部分人员砸窗跳楼逃生，企业运营中断。,https://www.channelstv.com/2025/09/20/afriland-publishes-detailed-faqs-on-towers-fire-incident/,6.4494,3.397,事件/建筑近似点（候选来源提供）,event_or_building_approximate,multi-storey commercial office fire,commercial offices / bank / tax offices,6-7 storeys,未检索到,未检索到,10,,,B,exclude_if_threshold_ge_10_storeys,边界/建议排除,业主FAQ和政府发布确认起火房间、死亡机制和10名死者；楼层有6层和7层两种报道，严格高层阈值下可能排除。,区域代理-欧洲非洲,区域代理-欧洲非洲,,1,可访问(200),,2026-08-26,,1,未评估（本事件表不建立热浪因果关系）,已有来源描述,,,,,,,,pending_gee_enrichment
140,HRF-0140,非洲,Nigeria,"Great Nigeria Insurance House, Martins Street, Lagos Island, Lagos State, Nigeria",Great Nigeria Insurance House fire,2025-12-24,2025,25层高层商用建筑4层起火并广泛破坏楼内商品及相邻物业。,火源位于4层；截至所用来源，最终点火原因未明确。,8人死亡、13人获救；建筑和周边商业严重受损，区域封锁搜救。,https://www.channelstv.com/2026/01/02/lagos-govt-confirms-eight-deaths-at-gni-building-fire/,6.454,3.392,事件/建筑近似点（候选来源提供）,event_or_building_approximate,high-rise commercial fire,commercial / trading and storage,25 storeys,未检索到,same older building affected by 2013 fire,8,,13,B,confirmed_highrise,严格确认,Channels TV引用拉各斯州长确认25层、8死和13名获救者；同址2013年火灾为独立事件。,区域代理-欧洲非洲,区域代理-欧洲非洲,,1,可访问(200),,2026-08-26,,1,未评估（本事件表不建立热浪因果关系）,已有来源描述,,,,,,,,pending_gee_enrichment
141,HRF-0141,北美洲,United States,"World Trade Center site, New York City, New York",September 11 World Trade Center high-rise fires,2001-09-11,2001,"Hijacked aircraft struck 1 and 2 World Trade Center, igniting multi-floor fires; both 110-storey towers collapsed. Debris caused secondary fires and severe damage in 7 World Trade Center, 90 West Street and 130 Cedar Street.",Deliberate aircraft impacts during the September 11 attacks; debris-related secondary fires in nearby high-rises,"The twin towers and 7 World Trade Center collapsed. CTIF lists 2,312 deaths for the 1/2 WTC high-rise entry, 2 for 90 West Street, and 0 for 7 WTC and 130 Cedar Street; these are building-entry figures, not the total 9/11 death toll.",https://ctif.org/sites/default/files/2025-08/CTIF_Report30.pdf,40.7118,-74.0131,World Trade Center site representative point,unspecified,high-rise building fire,office / mixed high-rise complex,multiple buildings: 110-storey twin towers; 47-storey 7 WTC; 23-storey 90 West; about 22-storey 130 Cedar,未检索到,completed 1931; older building,,,,A2,confirmed,严格确认,CTIF Table 8.0-10 verifies the high-rise event. Same September 11 disaster as other WTC rows.；主表按一次复合事件合并，建筑级原始记录保留在原始候选表。,List of fires in high-rise buildings | Wikipedia dynamic high-rise list (candidate discovery) | 区域代理-美洲,Wikipedia专题列表 | 区域代理-美洲 | 批量来源代理,https://en.wikipedia.org/wiki/List_of_fires_in_high-rise_buildings,2,可访问(200),https://en.wikipedia.org/wiki/List_of_fires_in_high-rise_buildings => 可访问(200),2026-08-26,GRP-20010911-WTC,1,未评估（本事件表不建立热浪因果关系）,已有来源描述,,,,,,,,pending_gee_enrichment
142,HRF-0142,北美洲,United States,"Arlington County, Virginia",The Pentagon fire,2001-09-11,2001,Part of the September 11 attacks. Caused damaged at the southwestern side from one hijacked airliner Flight 77 of the impact and partial collapse.,未检索到/待核实,Part of the September 11 attacks. Caused damaged at the southwestern side from one hijacked airliner Flight 77 of the impact and partial collapse.,https://en.wikipedia.org/wiki/List_of_fires_in_high-rise_buildings,,,未提供坐标,unspecified,高层建筑火灾,未检索到,23 m,未检索到,未检索到,125,,,C,exclude_lowrise_borderline_23m_five_storeys,边界/建议排除,height=23 m; listed in high-rise fire table；aggregate list is not sufficient for final inclusion; verify height/floors and event details with cited event or building source；建筑仅约5层，虽高度约23 m，建议从高层建筑分析排除。,Wikipedia dynamic high-rise list (candidate discovery),批量来源代理,,1,可访问(200),,2026-08-26,,1,未评估（本事件表不建立热浪因果关系）,缺失/待核实,,,,,,,,invalid_coordinate_or_date
143,HRF-0143,北美洲,United States,"Clearwater, Florida",Clearwater condominium high-rise fire,2002-06-28,2002,A condominium high-rise fire in Clearwater listed by CTIF caused fatalities and injuries.,not established in the consulted compendium,CTIF lists 2 deaths and 5 injuries.,https://ctif.org/sites/default/files/2025-08/CTIF_Report30.pdf,27.9659,-82.8001,事件/建筑近似点（候选来源提供）,event_or_building_approximate,high-rise building fire,residential condominium,high-rise; exact building/floor count unresolved,未检索到,unknown,2,5,,A2,candidate_needs_height_detail,候选待核实,"CTIF Table 8.0-10 verifies date, city and casualties, but the building identity and height still need a second source.",区域代理-美洲,区域代理-美洲,,1,可访问(200),,2026-08-26,,1,未评估（本事件表不建立热浪因果关系）,已有来源描述,,,,,,,,pending_gee_enrichment
144,HRF-0144,北美洲,United States,"Chicago, Illinois",Cook County Administration Building fire,2003-10-17,2003,A fire on the 12th floor of a 35-storey government office building filled stairways with smoke.,Fire began on shelving in a storage room beneath a ceiling light fixture; exact ignition details investigated,6 deaths; several injuries; smoke spread into locked stairways.,https://www.nist.gov/el/fire-research-division-73300/firegov-fire-service/video-cook-county-administration-building-fire,41.8833,-87.6302,事件/建筑近似点（候选来源提供）,event_or_building_approximate,high-rise building fire,government office,35 floors,未检索到,completed 1964; older unsprinklered high-rise,6,7,,A1,confirmed,严格确认,"NIST and Cook County records independently verify the date, use, floor count and six deaths; CTIF lists 7 injuries.",List of fires in high-rise buildings | Wikipedia dynamic high-rise list (candidate discovery) | 区域代理-美洲,Wikipedia专题列表 | 区域代理-美洲 | 批量来源代理,https://en.wikipedia.org/wiki/List_of_fires_in_high-rise_buildings | https://www.chicagotribune.com/2003/10/18/6-die-in-loop-blaze/,3,可访问(200),https://en.wikipedia.org/wiki/List_of_fires_in_high-rise_buildings => 可访问(200) | https://www.chicagotribune.com/2003/10/18/6-die-in-loop-blaze/ => 受限(403),2026-08-26,,1,未评估（本事件表不建立热浪因果关系）,已有来源描述,,,,,,,,pending_gee_enrichment
145,HRF-0145,北美洲,United States,"Chicago, Illinois",LaSalle Bank Building fire,2004-12-07,2004,Fire originated on the 29th floor of a 45-storey downtown office tower.,under investigation in contemporary reports,"No deaths; CTIF lists 25 injuries, while CBS/AP reported 37 hurt.",https://www.cbsnews.com/news/37-hurt-in-chicago-skyscraper-fire/,41.881,-87.632,事件/建筑近似点（候选来源提供）,event_or_building_approximate,high-rise building fire,office/bank,45 floors; 163.1 m,未检索到,completed 1934; older high-rise,0,25,,B1,confirmed,严格确认,CTIF Table 8.0-10 verifies the entry; casualty discrepancy is retained rather than silently harmonized.,List of fires in high-rise buildings | Wikipedia dynamic high-rise list (candidate discovery) | 区域代理-美洲,Wikipedia专题列表 | 区域代理-美洲 | 批量来源代理,https://en.wikipedia.org/wiki/List_of_fires_in_high-rise_buildings | https://www.chicagotribune.com/chi-0412070131dec07-story.html,3,可访问(200),https://en.wikipedia.org/wiki/List_of_fires_in_high-rise_buildings => 可访问(200) | https://www.chicagotribune.com/chi-0412070131dec07-story.html => 受限(403),2026-08-26,,1,未评估（本事件表不建立热浪因果关系）,已有来源描述,,,,,,,,pending_gee_enrichment
146,HRF-0146,北美洲,United States,"New York City, New York",Belaire Apartments aircraft-impact fire,2006-10-11,2006,A small aircraft struck the 50-storey residential tower and ignited a fire.,small aircraft collision,2 deaths and 21 injuries listed by CTIF.,https://ctif.org/sites/default/files/2025-08/CTIF_Report30.pdf,40.7684,-73.9557,事件/建筑近似点（候选来源提供）,event_or_building_approximate,high-rise building fire,residential,50 floors; 156 m,未检索到,completed 1988,2,21,,A2,confirmed,严格确认,CTIF Table 8.0-11 verifies city/date/casualties; high-rise list supplies height and cause.,List of fires in high-rise buildings | Wikipedia dynamic high-rise list (candidate discovery) | 区域代理-美洲,Wikipedia专题列表 | 区域代理-美洲 | 批量来源代理,https://en.wikipedia.org/wiki/List_of_fires_in_high-rise_buildings,2,可访问(200),https://en.wikipedia.org/wiki/List_of_fires_in_high-rise_buildings => 可访问(200),2026-08-26,,1,未评估（本事件表不建立热浪因果关系）,已有来源描述,,,,,,,,pending_gee_enrichment
147,HRF-0147,北美洲,United States,"New York City, New York",Deutsche Bank Building fire,2007-08-18,2007,Fire occurred in a damaged office high-rise while it was being dismantled after 9/11 damage.,smoking materials were identified in investigations,2 firefighter deaths; CTIF lists 115 injuries.,https://ctif.org/sites/default/files/2025-08/CTIF_Report30.pdf,40.7108,-74.0138,事件/建筑近似点（候选来源提供）,event_or_building_approximate,high-rise building fire,former office; under deconstruction,about 39-41 floors; 157.6 m,未检索到,completed 1974; severely damaged and being dismantled,2,115,,A2,confirmed,严格确认,CTIF Table 8.0-11 verifies the event; building status and height are corroborated by the high-rise list.,List of fires in high-rise buildings | Wikipedia dynamic high-rise list (candidate discovery) | 区域代理-美洲,Wikipedia专题列表 | 区域代理-美洲 | 批量来源代理,https://en.wikipedia.org/wiki/List_of_fires_in_high-rise_buildings,2,可访问(200),https://en.wikipedia.org/wiki/List_of_fires_in_high-rise_buildings => 可访问(200),2026-08-26,,1,未评估（本事件表不建立热浪因果关系）,已有来源描述,,,,,,,,pending_gee_enrichment
148,HRF-0148,北美洲,United States,"Atlantic City, New Jersey",Water Club Tower construction fire,2007-09-23,2007,A facade/construction fire affected the 44-storey hotel tower while it was being built.,construction-related ignition; exact cause needs primary report,No deaths; facade-fire list records no injuries.,https://ctif.org/sites/default/files/2025-08/CTIF_Report30.pdf,39.3786,-74.4351,事件/建筑近似点（候选来源提供）,event_or_building_approximate,high-rise building fire,hotel; under construction,44 floors; 125.4 m,39,under construction,0,0,,A2,confirmed,严格确认,CTIF Table 8.0-11 and facade-fire list independently identify the same event.,List of high-rise façade fires | Wikipedia dynamic high-rise list (candidate discovery) | Wikipedia high-rise façade list; derived from Bonner et al./news (candidate discovery) | 区域代理-美洲,Wikipedia专题列表 | 区域代理-美洲 | 批量来源代理,https://doi.org/10.1007%2F978-1-4939-2898-9_4 | https://en.wikipedia.org/wiki/List_of_fires_in_high-rise_buildings | https://en.wikipedia.org/wiki/List_of_high-rise_fa%C3%A7ade_fires,4,可访问(200),https://doi.org/10.1007%2F978-1-4939-2898-9_4 => 可访问(200) | https://en.wikipedia.org/wiki/List_of_fires_in_high-rise_buildings => 可访问(200) | https://en.wikipedia.org/wiki/List_of_high-rise_fa%C3%A7ade_fires => 可访问(200),2026-08-26,,1,未评估（本事件表不建立热浪因果关系）,已有来源描述,,,,,,,,pending_gee_enrichment
149,HRF-0149,北美洲,United States,"Las Vegas, Nevada",Monte Carlo Resort and Casino facade fire,2008-01-25,2008,Exterior fire affected upper floors of the 32-storey hotel-casino tower.,welding operations were reported as the likely ignition source,No deaths; CTIF lists 13 injuries.,https://ctif.org/sites/default/files/2025-08/CTIF_Report30.pdf,36.1031,-115.1765,事件/建筑近似点（候选来源提供）,event_or_building_approximate,high-rise building fire,hotel/casino,32 floors; about 110 m,4,opened 1996,0,13,,A2,confirmed,严格确认,CTIF Table 8.0-11 verifies the event; facade-fire list confirms external spread.,List of high-rise façade fires | Wikipedia dynamic high-rise list (candidate discovery) | Wikipedia high-rise façade list; derived from Bonner et al./news (candidate discovery) | 区域代理-美洲,Wikipedia专题列表 | 区域代理-美洲 | 批量来源代理,https://doi.org/10.1007%2F978-1-4939-2898-9_4 | https://en.wikipedia.org/wiki/List_of_fires_in_high-rise_buildings | https://en.wikipedia.org/wiki/List_of_high-rise_fa%C3%A7ade_fires,4,可访问(200),https://doi.org/10.1007%2F978-1-4939-2898-9_4 => 可访问(200) | https://en.wikipedia.org/wiki/List_of_fires_in_high-rise_buildings => 可访问(200) | https://en.wikipedia.org/wiki/List_of_high-rise_fa%C3%A7ade_fires => 可访问(200),2026-08-26,,1,未评估（本事件表不建立热浪因果关系）,已有来源描述,,,,,,,,pending_gee_enrichment
150,HRF-0150,北美洲,Mexico,"Mexico City, Mexico City",Torre Ejecutiva Pemex explosion and fire,2013-01-31,2013,An explosion and fire damaged the 14-storey annex of the 54-storey Pemex headquarters complex.,gas accumulation/explosion reported by investigation,CTIF lists 37 deaths and 121 injuries; substantial annex damage.,https://ctif.org/sites/default/files/2025-08/CTIF_Report30.pdf,19.438,-99.174,事件/建筑近似点（候选来源提供）,event_or_building_approximate,high-rise building fire,office/headquarters,54-storey main tower; 214 m; 14-storey annex affected,未检索到,completed 1984,37,121,,A2,confirmed,严格确认,CTIF Table 8.0-12 verifies date/city/casualties. Fire affected the annex but belongs to a high-rise complex.,List of fires in high-rise buildings | Wikipedia dynamic high-rise list (candidate discovery) | 区域代理-美洲,Wikipedia专题列表 | 区域代理-美洲 | 批量来源代理,https://en.wikipedia.org/wiki/List_of_fires_in_high-rise_buildings | https://en.wikipedia.org/wiki/Torre_Ejecutiva_Pemex_explosion,3,可访问(200),https://en.wikipedia.org/wiki/List_of_fires_in_high-rise_buildings => 可访问(200) | https://en.wikipedia.org/wiki/Torre_Ejecutiva_Pemex_explosion => 可访问(200),2026-08-26,,1,未评估（本事件表不建立热浪因果关系）,已有来源描述,,,,,,,,pending_gee_enrichment
151,HRF-0151,北美洲,United States,"New York City, New York",The Strand condominium fire,2014-01-05,2014,A three-alarm fire began in a 20th-floor apartment of the 41-storey condominium.,ruled accidental; exact ignition item not established in consulted source,1 death and at least 1 critical injury.,https://www.cbsnews.com/newyork/news/3-alarm-blaze-breaks-out-on-west-side/,40.7603,-73.9954,事件/建筑近似点（候选来源提供）,event_or_building_approximate,high-rise building fire,residential condominium,41 floors,未检索到,completed 1989,1,1,,B1,confirmed,严格确认,"CBS reports the date, address, 20th-floor origin and fatality; CTIF independently lists the event.",List of fires in high-rise buildings | Wikipedia dynamic high-rise list (candidate discovery) | 区域代理-美洲,Wikipedia专题列表 | 区域代理-美洲 | 批量来源代理,https://en.wikipedia.org/wiki/List_of_fires_in_high-rise_buildings | https://www.nytimes.com/2014/01/06/nyregion/fire-at-manhattan-high-rise-injures-two.html,3,可访问(200),https://en.wikipedia.org/wiki/List_of_fires_in_high-rise_buildings => 可访问(200) | https://www.nytimes.com/2014/01/06/nyregion/fire-at-manhattan-high-rise-injures-two.html => 可访问(200),2026-08-26,,1,未评估（本事件表不建立热浪因果关系）,已有来源描述,,,,,,,,pending_gee_enrichment
152,HRF-0152,北美洲,United States,New York City,One57 fire,2014-03-14,2014,"One57高层建筑火灾；建筑高度记录为 306 m。死亡人数：0。Fire broke out in the loading dock, then spread to the courtyard and a neighboring property.",未检索到/待核实,"死亡人数：0。Fire broke out in the loading dock, then spread to the courtyard and a neighboring property.",https://www.dnainfo.com/new-york/20140316/midtown/fire-breaks-out-at-problematic-one57-construction-site,40.71427,-74.00597,城市代表点（来源明确说明不是火场坐标）,city_centroid,高层建筑火灾,未检索到,306 m,未检索到,未检索到,0,,,C,compendium_needs_independent_verification,专题汇编记录,Wikipedia高层建筑专题表；需补充独立来源核验,List of fires in high-rise buildings | Wikipedia dynamic high-rise list (candidate discovery),Wikipedia专题列表 | 批量来源代理,https://en.wikipedia.org/wiki/List_of_fires_in_high-rise_buildings,2,可访问(200),https://en.wikipedia.org/wiki/List_of_fires_in_high-rise_buildings => 可访问(200),2026-08-26,,1,未评估（本事件表不建立热浪因果关系）,缺失/待核实,,,,,,,,pending_gee_enrichment
153,HRF-0153,北美洲,United States,"New York City, New York",One57 loading-dock fire,2014-03-15,2014,A fire at the base/loading area of the 75-storey tower spread into a courtyard and adjacent property.,not established in the consulted compendium,No deaths listed by CTIF.,https://ctif.org/sites/default/files/2025-08/CTIF_Report30.pdf,40.7653,-73.9792,事件/建筑近似点（候选来源提供）,event_or_building_approximate,high-rise building fire,residential tower; construction-phase context,75 floors; 306 m,未检索到,completed 2014,0,,,A2,confirmed_fire_at_highrise_base,严格确认,"CTIF Table 8.0-12 verifies the high-rise event. Fire was at the base, so retain a spatial-scope flag.",区域代理-美洲,区域代理-美洲,,1,可访问(200),,2026-08-26,,1,未评估（本事件表不建立热浪因果关系）,已有来源描述,,,,,,,,pending_gee_enrichment
154,HRF-0154,北美洲,United States,"Castle Hills, Texas",The Wedgwood senior-apartment fire,2014-12-28,2014,A fire in an 11-storey senior living high-rise caused extensive smoke spread.,not established in consulted source,5 deaths; injury count unresolved.,https://ctif.org/sites/default/files/2025-08/CTIF_Report30.pdf,29.5252,-98.5148,事件/建筑近似点（候选来源提供）,event_or_building_approximate,high-rise building fire,senior residential,11 floors; about 30 m,未检索到,older building; built in the 1960s,5,,,A2,confirmed,严格确认,CTIF Table 8.0-12 verifies date/city/deaths and high-rise classification.,List of fires in high-rise buildings | Wikipedia dynamic high-rise list (candidate discovery) | 区域代理-美洲,Wikipedia专题列表 | 区域代理-美洲 | 批量来源代理,https://en.wikipedia.org/wiki/List_of_fires_in_high-rise_buildings | https://www.cbsnews.com/news/at-least-five-killed-in-blaze-at-senior-apartments-in-san-antonio/,3,可访问(200),https://en.wikipedia.org/wiki/List_of_fires_in_high-rise_buildings => 可访问(200) | https://www.cbsnews.com/news/at-least-five-killed-in-blaze-at-senior-apartments-in-san-antonio/ => 可访问(200),2026-08-26,,1,未评估（本事件表不建立热浪因果关系）,已有来源描述,,,,,,,,pending_gee_enrichment
155,HRF-0155,北美洲,United States,"Las Vegas, Nevada",Cosmopolitan of Las Vegas pool-deck fire,2015-07-25,2015,Cabanas and artificial vegetation burned on a high outdoor pool deck of the hotel tower.,unknown/undetermined in consulted sources,No deaths; 2 smoke-inhalation injuries listed by CTIF.,https://ctif.org/sites/default/files/2025-08/CTIF_Report30.pdf,36.1099,-115.1745,事件/建筑近似点（候选来源提供）,event_or_building_approximate,high-rise building fire,hotel/casino,52 floors; about 184 m,未检索到,opened 2010,0,2,,A2,confirmed_fire_on_highrise_podium,严格确认,CTIF Table 8.0-13 verifies the event. Fire was on a pool deck rather than within occupied floors.,List of fires in high-rise buildings | Wikipedia dynamic high-rise list (candidate discovery) | 区域代理-美洲,Wikipedia专题列表 | 区域代理-美洲 | 批量来源代理,https://abcnews.go.com/US/fire-rages-cosmopolitan-hotel-las-vegas/story?id=32685666 | https://en.wikipedia.org/wiki/List_of_fires_in_high-rise_buildings,3,可访问(200),https://abcnews.go.com/US/fire-rages-cosmopolitan-hotel-las-vegas/story?id=32685666 => 可访问(200) | https://en.wikipedia.org/wiki/List_of_fires_in_high-rise_buildings => 可访问(200),2026-08-26,,1,未评估（本事件表不建立热浪因果关系）,缺失/待核实,,,,,,,,pending_gee_enrichment
156,HRF-0156,北美洲,United States,"Chicago, Illinois",John Hancock Center 50th-floor fire,2015-11-21,2015,A two-alarm fire broke out on the 50th floor of the 100-storey mixed-use tower.,not established in consulted source,No deaths; CTIF lists 5 injuries.,https://ctif.org/sites/default/files/2025-08/CTIF_Report30.pdf,41.8988,-87.623,事件/建筑近似点（候选来源提供）,event_or_building_approximate,high-rise building fire,mixed office/residential/observation,100 floors; 344 m roof / 457 m antenna,未检索到,completed 1969,0,5,,A2,confirmed,严格确认,"CTIF Table 8.0-13 verifies the date, building and casualties.",List of fires in high-rise buildings | Wikipedia dynamic high-rise list (candidate discovery) | 区域代理-美洲,Wikipedia专题列表 | 区域代理-美洲 | 批量来源代理,https://en.wikipedia.org/wiki/List_of_fires_in_high-rise_buildings,2,可访问(200),https://en.wikipedia.org/wiki/List_of_fires_in_high-rise_buildings => 可访问(200),2026-08-26,,1,未评估（本事件表不建立热浪因果关系）,已有来源描述,,,,,,,,pending_gee_enrichment
157,HRF-0157,北美洲,United States,"Honolulu, Hawaii",Marco Polo condominium fire,2017-07-14,2017,Fire started on the 26th floor of a 36-storey condominium and spread to additional floors.,undetermined,"4 deaths, 13 injuries and more than 200 units damaged or affected.",https://en.wikipedia.org/wiki/Marco_Polo_condo_fire,21.2883,-157.826,事件/建筑近似点（候选来源提供）,event_or_building_approximate,high-rise building fire,residential condominium,36 floors; 118.8 m,未检索到,completed 1971; older unsprinklered high-rise,4,13,,B1,confirmed,严格确认,Dedicated page and CTIF Table 8.0-13 agree on date and 4 deaths/13 injuries; the generic high-rise list displayed an outdated 3-death count.,List of fires in high-rise buildings | Wikipedia dynamic high-rise list (candidate discovery) | 区域代理-美洲,Wikipedia专题列表 | 区域代理-美洲 | 批量来源代理,https://en.wikipedia.org/wiki/List_of_fires_in_high-rise_buildings,2,可访问(200),https://en.wikipedia.org/wiki/List_of_fires_in_high-rise_buildings => 可访问(200),2026-08-26,,1,未评估（本事件表不建立热浪因果关系）,已有来源描述,,,,,,,,pending_gee_enrichment
158,HRF-0158,北美洲,United States,"Chicago, Illinois",John Hancock Center parking-garage fire,2018-02-11,2018,A vehicle burned on the 7th-floor garage level of the 100-storey mixed-use tower; sprinklers held the fire.,vehicle fire; detailed ignition cause not stated,No injuries; about 150 firefighters responded.,https://www.cbsnews.com/chicago/news/john-hancock-center-parking-garage-car-fire/,41.8988,-87.623,事件/建筑近似点（候选来源提供）,event_or_building_approximate,high-rise building fire,mixed-use tower parking garage,100 floors; 344 m roof / 457 m antenna,未检索到,completed 1969,0,0,,B1,confirmed,严格确认,"CBS Chicago directly reports date, 7th-floor location, response and no injuries; CTIF also lists the event.",区域代理-美洲,区域代理-美洲,,1,可访问(200),,2026-08-26,,1,未评估（本事件表不建立热浪因果关系）,已有来源描述,,,,,,,,pending_gee_enrichment
159,HRF-0159,北美洲,United States,"New York City, New York",Trump Tower apartment fire,2018-04-07,2018,A residential-unit fire occurred high in the 58-storey mixed-use tower.,electrical fire reported; exact initiating failure unresolved,1 civilian death and 6 firefighter injuries.,https://ctif.org/sites/default/files/2025-08/CTIF_Report30.pdf,40.7624,-73.9738,事件/建筑近似点（候选来源提供）,event_or_building_approximate,high-rise building fire,mixed office/residential,58 floors; 202 m,未检索到,completed 1983,1,6,,A2,confirmed,严格确认,CTIF Table 8.0-13 verifies date/building/casualties.,List of fires in high-rise buildings | Wikipedia dynamic high-rise list (candidate discovery) | 区域代理-美洲,Wikipedia专题列表 | 区域代理-美洲 | 批量来源代理,https://en.wikipedia.org/wiki/List_of_fires_in_high-rise_buildings,2,可访问(200),https://en.wikipedia.org/wiki/List_of_fires_in_high-rise_buildings => 可访问(200),2026-08-26,,1,未评估（本事件表不建立热浪因果关系）,已有来源描述,,,,,,,,pending_gee_enrichment
160,HRF-0160,北美洲,United States,"New York City, New York",AXA Equitable Center helicopter-impact fire,2019-06-10,2019,A helicopter crashed on the roof of the 54-storey office tower and ignited a fire.,helicopter crash,Pilot killed; no other injuries listed by CTIF.,https://ctif.org/sites/default/files/2025-08/CTIF_Report30.pdf,40.7616,-73.9825,事件/建筑近似点（候选来源提供）,event_or_building_approximate,high-rise building fire,office,54 floors; 229.3 m,未检索到,completed 1985,1,0,,A2,confirmed,严格确认,CTIF Table 8.0-13 verifies the event and casualty count.,List of fires in high-rise buildings | Wikipedia dynamic high-rise list (candidate discovery) | 区域代理-美洲,Wikipedia专题列表 | 区域代理-美洲 | 批量来源代理,https://en.wikipedia.org/wiki/List_of_fires_in_high-rise_buildings,2,可访问(200),https://en.wikipedia.org/wiki/List_of_fires_in_high-rise_buildings => 可访问(200),2026-08-26,,1,未评估（本事件表不建立热浪因果关系）,已有来源描述,,,,,,,,pending_gee_enrichment
161,HRF-0161,北美洲,United States,"New York City, New York",Twin Parks North West apartment fire,2022-01-09,2022,A fire in a third-floor duplex of a 19-storey apartment building spread lethal smoke through open doors and stairs.,electric space heater ignited a mattress,17 deaths and 44 injuries.,https://en.wikipedia.org/wiki/2022_Bronx_apartment_fire,40.8532,-73.8897,事件/建筑近似点（候选来源提供）,event_or_building_approximate,high-rise building fire,residential,19 floors,未检索到,completed 1972; older high-rise,17,44,,B1,confirmed,严格确认,"CTIF Table 8.0-14 and the dedicated event page agree on date, casualties, cause and high-rise classification.",List of fires in high-rise buildings | Wikipedia dynamic high-rise list (candidate discovery) | 区域代理-美洲,Wikipedia专题列表 | 区域代理-美洲 | 批量来源代理,https://en.wikipedia.org/wiki/List_of_fires_in_high-rise_buildings,2,可访问(200),https://en.wikipedia.org/wiki/List_of_fires_in_high-rise_buildings => 可访问(200),2026-08-26,,1,未评估（本事件表不建立热浪因果关系）,已有来源描述,,,,,,,,pending_gee_enrichment
162,HRF-0162,北美洲,United States,"New York City, New York",RiverCourt lithium-ion battery fire,2022-11-05,2022,A lithium-ion battery fire in the RiverCourt high-rise required a rope rescue from an upper-floor window.,lithium-ion battery in an electric bicycle/scooter,"No deaths; 38 injuries, including critical and serious cases.",https://ctif.org/sites/default/files/2025-08/CTIF_Report30.pdf,40.7548,-73.9651,事件/建筑近似点（候选来源提供）,event_or_building_approximate,high-rise building fire,residential,about 38 floors; 108.1 m,未检索到,older residential tower,0,38,,A2,confirmed,严格确认,CTIF Table 8.0-14 verifies date/building/casualties; contemporary reporting attributes the fire to a lithium-ion battery.,List of fires in high-rise buildings | Wikipedia dynamic high-rise list (candidate discovery) | 区域代理-美洲,Wikipedia专题列表 | 区域代理-美洲 | 批量来源代理,https://en.wikipedia.org/wiki/List_of_fires_in_high-rise_buildings,2,可访问(200),https://en.wikipedia.org/wiki/List_of_fires_in_high-rise_buildings => 可访问(200),2026-08-26,,1,未评估（本事件表不建立热浪因果关系）,已有来源描述,,,,,,,,pending_gee_enrichment
163,HRF-0163,北美洲,Canada,"Toronto, Ontario",11 Thorncliffe Park Drive high-rise fire,2025-11-27,2025,"Construction-related fire spread through concealed spaces and into the adjacent tower, displacing residents for weeks.",construction ignition sources used near combustible materials,All 408 units across two connected towers were evacuated; no deaths reported.,https://www.oafc.on.ca/about/announcements/fire-news-headlines/charges-laid-thorncliffe-park-condo-fire-burned-weeks,43.7045,-79.349,事件/建筑近似点（候选来源提供）,event_or_building_approximate,high-rise building fire,residential condominium,11 Thorncliffe section rises 10 floors; connected neighboring high-rise also affected,未检索到,existing building; construction work underway,0,,408,A1,confirmed,严格确认,"Ontario fire-chief association page reports investigation findings, cause and evacuation. Event occurred after CTIF's 2024 cutoff.",List of fires in high-rise buildings | Wikipedia dynamic high-rise list (candidate discovery) | 区域代理-美洲,Wikipedia专题列表 | 区域代理-美洲 | 批量来源代理,https://en.wikipedia.org/wiki/List_of_fires_in_high-rise_buildings | https://www.ctvnews.ca/toronto/article/several-residents-of-two-thorncliffe-park-condos-displaced-as-crews-battle-stubborn-4-alarm-fire/,3,可访问(200),https://en.wikipedia.org/wiki/List_of_fires_in_high-rise_buildings => 可访问(200) | https://www.ctvnews.ca/toronto/article/several-residents-of-two-thorncliffe-park-condos-displaced-as-crews-battle-stubborn-4-alarm-fire/ => 可访问(200),2026-08-26,,1,未评估（本事件表不建立热浪因果关系）,已有来源描述,,,,,,,,pending_gee_enrichment
164,HRF-0164,北美洲,United States,"New York City, New York",6 East 43rd Street rooftop high-rise fire,2026-03-17,2026,A large rooftop fire involving HVAC/generator equipment burned on a Midtown high-rise near the St. Patrick's Day Parade route.,reported HVAC/backup-generator fire; formal cause under investigation,No deaths or injuries reported in consulted coverage.,https://www.cbsnews.com/newyork/news/fire-midtown-manhattan-nyc/,40.7534,-73.9797,事件/建筑近似点（候选来源提供）,event_or_building_approximate,high-rise building fire,office,reported as 28-storey high-rise,未检索到,existing building,0,0,,B1,confirmed,严格确认,CBS New York directly verifies date/location/high-rise status; event is within the 2026-08-25 cutoff.,List of fires in high-rise buildings | Wikipedia dynamic high-rise list (candidate discovery) | 区域代理-美洲,Wikipedia专题列表 | 区域代理-美洲 | 批量来源代理,https://en.wikipedia.org/wiki/List_of_fires_in_high-rise_buildings | https://www.fox5ny.com/news/fire-erupts-near-parade-route-midtown,3,可访问(200),https://en.wikipedia.org/wiki/List_of_fires_in_high-rise_buildings => 可访问(200) | https://www.fox5ny.com/news/fire-erupts-near-parade-route-midtown => 可访问(200),2026-08-26,,1,未评估（本事件表不建立热浪因果关系）,已有来源描述,,,,,,,,pending_gee_enrichment
165,HRF-0165,南美洲,Venezuela,"Caracas, Capital District",Parque Central East Tower fire,2004-10-17,2004,Fire spread from approximately the 34th to the 50th floors of the 56-storey government office tower.,not conclusively established in the consulted sources; failed sprinkler/standpipe systems worsened spread,At least 17 floors heavily damaged; no deaths in CTIF.,https://en.wikipedia.org/wiki/Parque_Central_Complex_fire,10.4983,-66.9022,事件/建筑近似点（候选来源提供）,event_or_building_approximate,high-rise building fire,government office,56 floors; about 225-255 m,17,completed 1983,0,25,,B1,confirmed,严格确认,"CTIF Table 8.0-10 and the dedicated event page agree on city/date/high-rise identity; facade-fire lists report 25 injuries, so injury count is left unresolved.",List of fires in high-rise buildings | List of high-rise façade fires | Wikipedia dynamic high-rise list (candidate discovery) | Wikipedia high-rise façade list; derived from Bonner et al./news (candidate discovery) | 区域代理-美洲,Wikipedia专题列表 | 区域代理-美洲 | 批量来源代理,https://en.wikipedia.org/wiki/List_of_fires_in_high-rise_buildings | https://en.wikipedia.org/wiki/List_of_high-rise_fa%C3%A7ade_fires | https://news.bbc.co.uk/2/hi/americas/3751790.stm,4,可访问(200),https://en.wikipedia.org/wiki/List_of_fires_in_high-rise_buildings => 可访问(200) | https://en.wikipedia.org/wiki/List_of_high-rise_fa%C3%A7ade_fires => 可访问(200) | https://news.bbc.co.uk/2/hi/americas/3751790.stm => 可访问(200),2026-08-26,,1,未评估（本事件表不建立热浪因果关系）,已有来源描述,,,,,,,,pending_gee_enrichment
166,HRF-0166,南美洲,Venezuela,"Caracas, Capital District",Parque Central West Tower fire,2013-11-12,2013,A separate fire occurred in the West Tower of the Parque Central high-rise complex.,not established in consulted source,No deaths or injuries listed by CTIF.,https://ctif.org/sites/default/files/2025-08/CTIF_Report30.pdf,10.498,-66.9017,事件/建筑近似点（候选来源提供）,event_or_building_approximate,high-rise building fire,office,about 56-59 floors; about 225 m,未检索到,completed 1983,0,0,,A2,confirmed_compendium_only,严格确认,CTIF Table 8.0-12 is the current verification source; more detailed incident reporting is still needed.,区域代理-美洲,区域代理-美洲,,1,可访问(200),,2026-08-26,,1,未评估（本事件表不建立热浪因果关系）,已有来源描述,,,,,,,,pending_gee_enrichment
167,HRF-0167,南美洲,Brazil,"São Paulo, São Paulo",Wilton Paes de Almeida Building fire and collapse,2018-04-30,2018,"Fire engulfed the occupied former office high-rise, which collapsed during the blaze.",electrical short circuit was widely reported; final cause should be checked against the investigation,"Building collapsed; CTIF lists 7 deaths, while some later summaries report 8.",https://ctif.org/sites/default/files/2025-08/CTIF_Report30.pdf,-23.5421,-46.6364,事件/建筑近似点（候选来源提供）,event_or_building_approximate,high-rise building fire,former office; informal residential occupation,24 floors; about 79.2 m,未检索到,completed 1968; deteriorated/irregularly occupied,7,,,A2,confirmed,严格确认,CTIF Table 8.0-13 verifies 7 deaths; conflicting later totals are explicitly retained in the note.,List of fires in high-rise buildings | Wikipedia dynamic high-rise list (candidate discovery) | 区域代理-美洲,Wikipedia专题列表 | 区域代理-美洲 | 批量来源代理,https://en.wikipedia.org/wiki/List_of_fires_in_high-rise_buildings,2,可访问(200),https://en.wikipedia.org/wiki/List_of_fires_in_high-rise_buildings => 可访问(200),2026-08-26,,1,未评估（本事件表不建立热浪因果关系）,已有来源描述,,,,,,,,pending_gee_enrichment
168,HRF-0168,南美洲,Brazil,"Recife, Pernambuco",Botanik Torre Flora construction fire,2024-03-28,2024,A large fire affected the upper portion/roof of the high-rise residential building while under construction.,under investigation,No deaths or injuries listed by CTIF.,https://www.creape.org.br/crea-pe-acompanha-andamento-das-investigacoes-e-ensaios-tecnicos-do-predio-incendiado-no-recife/,-8.0476,-34.905,事件/建筑近似点（候选来源提供）,event_or_building_approximate,high-rise building fire,residential; under construction,high-rise; exact floor count unresolved,未检索到,under construction,0,0,,A1,confirmed_needs_floor_count,确认但有待复核字段,Crea-PE confirms the building/date/investigation; CTIF Table 8.0-14 classifies it as a high-rise fire. Exact floor count remains to be sourced.,List of fires in high-rise buildings | Wikipedia dynamic high-rise list (candidate discovery) | 区域代理-美洲,Wikipedia专题列表 | 区域代理-美洲 | 批量来源代理,https://en.wikipedia.org/wiki/List_of_fires_in_high-rise_buildings,2,HTTP错误(404),https://en.wikipedia.org/wiki/List_of_fires_in_high-rise_buildings => 可访问(200),2026-08-26,,1,未评估（本事件表不建立热浪因果关系）,已有来源描述,,,,,,,,pending_gee_enrichment
169,HRF-0169,大洋洲,Australia,Fairfield,Tip Top Bakery fire,2002-06-02,2002,Tip Top Bakery高层建筑外立面火灾。死亡 0，受伤 1；表中记录的受影响楼层为 1。,未检索到/待核实,死亡 0，受伤 1；表中记录的受影响楼层为 1。,https://doi.org/10.1007%2F978-1-4939-2898-9_4,-34.89842,148.85272,城市代表点（来源明确说明不是火场坐标）,city_centroid,高层建筑外立面火灾,未检索到,未检索到,1,未检索到,0,1,,C,compendium_needs_independent_verification,专题汇编记录,Wikipedia高层专题表；需补充独立来源核验,List of high-rise façade fires | Wikipedia high-rise façade list; derived from Bonner et al./news (candidate discovery),Wikipedia专题列表 | 批量来源代理,https://en.wikipedia.org/wiki/List_of_high-rise_fa%C3%A7ade_fires,2,可访问(200),https://en.wikipedia.org/wiki/List_of_high-rise_fa%C3%A7ade_fires => 可访问(200),2026-08-26,,1,未评估（本事件表不建立热浪因果关系）,缺失/待核实,,,,,,,,pending_gee_enrichment
170,HRF-0170,大洋洲,Australia,Melbourne,Lacrosse Apartments fire,2014-11-25,2014,Lacrosse Apartments高层建筑火灾；建筑高度记录为 未列明。死亡人数：0。Fire started on an 8th floor balcony and rapidly spread up the facade cladding.,Fire started on an 8th floor balcony and rapidly spread up the facade cladding.,死亡人数：0。Fire started on an 8th floor balcony and rapidly spread up the facade cladding.,http://www.theage.com.au/victoria/docklands-apartment-tower-fire-fuelled-by-material-in-buildings-walls-says-mfb-20150427-1mukhx.html,-37.814,144.96332,城市代表点（来源明确说明不是火场坐标）,city_centroid,高层建筑火灾,residential,未检索到,16,未检索到,0,0,,C,compendium_needs_independent_verification,专题汇编记录,Wikipedia高层建筑专题表；需补充独立来源核验,List of fires in high-rise buildings | List of high-rise façade fires | Wikipedia dynamic high-rise list (candidate discovery) | Wikipedia high-rise façade list; derived from Bonner et al./news (candidate discovery),Wikipedia专题列表 | 批量来源代理,http://www.melbourne.vic.gov.au/sitecollectiondocuments/mbs-report-lacrosse-fire.pdf | https://en.wikipedia.org/wiki/List_of_fires_in_high-rise_buildings | https://en.wikipedia.org/wiki/List_of_high-rise_fa%C3%A7ade_fires,4,可访问(200),http://www.melbourne.vic.gov.au/sitecollectiondocuments/mbs-report-lacrosse-fire.pdf => 受限(403) | https://en.wikipedia.org/wiki/List_of_fires_in_high-rise_buildings => 可访问(200) | https://en.wikipedia.org/wiki/List_of_high-rise_fa%C3%A7ade_fires => 可访问(200),2026-08-26,,1,未评估（本事件表不建立热浪因果关系）,已有来源描述,,,,,,,,pending_gee_enrichment
171,HRF-0171,大洋洲,Australia,Melbourne,Neo 200 fire,2019-02-04,2019,Neo 200高层建筑外立面火灾。死亡 0，受伤 0；表中记录的受影响楼层为 6。,未检索到/待核实,死亡 0，受伤 0；表中记录的受影响楼层为 6。,https://www.urban.com.au/expert-insights/100106-fire-risks-in-australian-buildings-go-beyond-cladding-jonathan-barnett,-37.814,144.96332,城市代表点（来源明确说明不是火场坐标）,city_centroid,高层建筑外立面火灾,未检索到,未检索到,6,未检索到,0,0,,C,compendium_needs_independent_verification,专题汇编记录,Wikipedia高层专题表；需补充独立来源核验,List of high-rise façade fires | Wikipedia high-rise façade list; derived from Bonner et al./news (candidate discovery),Wikipedia专题列表 | 批量来源代理,https://en.wikipedia.org/wiki/List_of_high-rise_fa%C3%A7ade_fires,2,可访问(200),https://en.wikipedia.org/wiki/List_of_high-rise_fa%C3%A7ade_fires => 可访问(200),2026-08-26,,1,未评估（本事件表不建立热浪因果关系）,缺失/待核实,,,,,,,,pending_gee_enrichment
172,HRF-0172,未判定,未判定,未检索到,2009 Lakanal House tower block fire,2009-07-03,2009,"July 3 – 2009 Lakanal House tower block fire in Camberwell, London, killed six.",未检索到/待核实,"July 3 – 2009 Lakanal House tower block fire in Camberwell, London, killed six.",https://en.wikipedia.org/wiki/2009_Lakanal_House_tower_block_fire,,,未提供坐标,unspecified,建筑/结构火灾,未检索到,未检索到,未检索到,未检索到,,,,B,candidate_needs_highrise_confirmation,候选待核实,候选：Wikipedia具名事件页；仍需确认高层属性,List of building or structure fires,Wikipedia专题列表,,1,可访问(200),,2026-08-26,,1,未评估（本事件表不建立热浪因果关系）,缺失/待核实,,,,,,,,invalid_coordinate_or_date
